Food Name;Food Density;PROT;FAT;CHO;KCALS;KJ;TOTSUG;AOACFIB;SATFOD;NA;K;CA;MG;P;FE;CU;ZN;SE;I;RET;CAREQU;VITD;VITE;VITK1;THIA;RIBO;NIAC;VITB6;VITB12;FOLT;VITC
Ackee, canned, drained;0;2.9;15.2;0.8;151;625;0.8;;N;240;270;35;40;47;0.70;0.27;0.6;N;Tr;0;N;0.0;N;;0.03;0.07;0.6;0.06;0.0;41;30
Agar, dried;0;1.3;1.2;Tr;16;67;Tr;;0.30;110;110;760;620;50;20.60;N;14.4;N;N;0;0;0.0;Tr;;0.01;0.22;0.2;Tr;0.0;0;0
Agar, dried, soaked and drained;0;0.2;0.1;Tr;2;7;Tr;;Tr;10;20;110;75;8;3.50;N;2.5;N;N;0;0;0.0;Tr;;0.01;0.04;0.1;Tr;0.0;0;0
Alfalfa sprouts, raw;0;4.0;0.7;0.4;24;100;0.3;;N;6;79;32;27;70;1.00;0.16;0.9;N;N;0;96;0.0;N;;0.04;0.06;0.5;0.03;0.0;36;2
Allspice, ground;0;6.1;8.7;N;N;N;N;;2.50;77;1040;660;130;110;7.10;0.55;1.0;N;N;0;325;0.0;N;;0.10;0.06;2.9;N;0.0;0;0
Almonds, flaked and ground;0;21.1;55.8;6.9;612;2534;4.2;N;4.43;14;780;240;270;550;3.00;1.00;3.2;2;2;0;0;0.0;23.96;;0.21;0.75;3.1;0.15;0.0;48;0
Almonds, toasted;0;21;52,5;5,9;579;2394;5,1;10,9;4,09;3;713;268;279;471;3,73;1,1;3,3;2;2;0;1;0;23,9;0;0,08;1,2;3,6;0,14;0;55;0
Almonds, weighed with shells;0;7,8;18,5;1,9;205;847;1,6;4,6;1,41;Tr;271;100;100;178;1,37;0,38;1,2;2;1;0;Tr;0;9,48;0;0,08;0,42;1,3;0,05;0;16;0
Almonds, whole kernels;0;21,2;49,9;5,3;554;2292;4,5;12,5;3,8;1;733;269;270;481;3,71;1,03;3,1;4;2;0;1;0;25,63;0;0,21;1,14;3,6;0,14;0;44;0
Amaranth leaves, boiled in unsalted water;0;3.0;0.3;0.3;16;67;0.2;;0.10;11;540;220;110;54;2.40;0.11;0.5;N;N;0;1490;0.0;N;;0.03;0.16;0.7;N;0.0;51;31
Amaranth leaves, raw;0;3.5;0.3;0.3;18;75;0.2;;0.10;13;620;270;130;65;3.00;0.13;0.6;N;N;0;1725;0.0;N;;0.07;0.22;0.7;N;0.0;85;42
Amla;0;0.5;0.1;13.7;58;243;N;;Tr;5;230;50;N;20;1.20;0.18;N;N;N;0;9;0.0;N;;0.03;0.01;0.2;N;0.0;N;N
Anchovies, canned in oil, drained;0;25.2;10.0;0.0;191;798;0.0;0.0;1.60;5870;230;300;56;300;4.10;0.17;3.0;N;N;57;Tr;N;N;;Tr;0.10;3.8;N;11.0;18;Tr
Anise seeds;0;17.6;15.9;N;N;N;N;;2.30;16;1440;650;170;440;37.00;0.91;5.3;N;N;0;N;0.0;N;;N;N;N;N;0.0;0;0
Apple juice concentrate, unsweetened, commerical;0;0.5;0.6;57.6;223;952;57.6;;0.10;11;640;35;29;38;1.60;Tr;0.1;Tr;Tr;0;Tr;0.0;0.02;;0.01;0.02;0.7;0.07;0.0;1;49
Apple juice, clear, ambient and chilled;0;0.1;Tr;9.7;37;157;9.7;Tr;Tr;3;89;6;4;6;0.06;0.01;Tr;Tr;Tr;0;Tr;0.0;Tr;;0.05;0.02;0.2;0.05;0.0;1;26
Apple sauce, homemade;0;0.3;0.2;20.2;79;336;20.2;1.4;0.05;2;75;5;3;6;0.11;0.03;0.0;Tr;3;0;0;0.0;0.10;;0.03;0.01;0.1;0.04;0.0;1;9
Apples, cooking, baked with sugar, flesh only;0;0.2;0.4;17.1;69;292;17.1;1.9;0.07;1;100;5;3;8;0.17;0.04;Tr;Tr;4;0;Tr;0.0;0.12;;0.02;0.04;0.2;0.06;0.0;Tr;14
Apples, cooking, baked with sugar, flesh only, weighed with skin;0;0.2;0.3;14.3;57;243;14.3;1.6;0.06;1;84;4;3;6;0.14;0.04;Tr;Tr;3;0;Tr;0.0;0.10;;0.02;0.03;0.2;0.05;0.0;Tr;12
Apples, cooking, baked without sugar, flesh only;0;0.2;0.4;11.4;47;201;11.4;2.0;0.07;1;103;3;3;8;0.12;0.04;Tr;Tr;4;0;Tr;0.0;0.13;;0.02;0.04;0.2;0.06;0.0;Tr;15
Apples, cooking, baked without sugar, flesh only, weighed with skin;0;0.2;0.3;9.6;40;168;9.6;1.7;0.06;1;87;3;3;7;0.10;0.03;Tr;Tr;3;0;Tr;0.0;0.13;;0.02;0.03;0.2;0.05;0.0;Tr;13
Apples, cooking, raw, flesh only, peeled;0;0.3;0.3;8.9;37;159;8.9;1.7;0.06;2;88;4;3;7;0.10;0.02;Tr;Tr;4;0;Tr;0.0;0.12;;0.04;0.02;0.1;0.06;0.0;5;14
Apples, cooking, raw, flesh only, weighed with skin and core;0;0.2;0.2;6.5;27;116;6.4;1.2;0.04;1;64;3;2;5;0.07;0.01;Tr;Tr;3;0;Tr;0.0;0.09;;0.01;0.07;0.1;0.04;0.0;Tr;10
Apples, cooking, stewed with sugar, flesh only;0;0.2;0.3;20.8;81;346;20.8;1.4;0.06;1;81;3;3;6;0.10;0.03;Tr;Tr;4;0;Tr;0.0;0.10;;0.02;0.03;0.2;0.05;0.0;Tr;11
Apples, cooking, stewed without sugar, flesh only;0;0.2;0.3;9.7;40;169;9.7;1.7;0.06;1;87;3;3;7;0.10;0.03;Tr;Tr;4;0;Tr;0.0;0.11;;0.02;0.03;0.2;0.05;0.0;Tr;12
Apples, eating, dried;0;2.0;0.5;60.1;238;1014;60.1;;0.10;16;540;16;16;43;0.50;0.11;0.5;Tr;Tr;0;91;0.0;1.45;;N;N;N;N;0.0;Tr;Tr
Apples, eating, raw, flesh and skin;0;0.6;0.5;11.6;51;215;11.6;1.2;0.12;1;100;5;4;8;0.09;0.03;Tr;Tr;4;0;14;0.0;0.09;5.60;0.04;0.04;0.1;0.07;0.0;Tr;6
Apples, eating, raw, flesh and skin, weighed with core;0;0.5;0.4;10.0;43;183;10.0;1.0;0.10;1;87;5;4;7;0.08;0.03;Tr;Tr;4;0;12;0.0;0.08;4.87;0.03;0.03;0.1;0.06;0.0;Tr;5
Apricots, dried;0;4.8;0.7;43.4;188;802;43.4;;N;56;1880;92;65;120;4.10;0.40;0.7;7;N;0;645;0.0;N;;Tr;0.20;3.0;0.17;0.0;14;Tr
Apricots, dried, stewed with sugar;0;1.9;0.3;22.0;92;393;22.0;;Tr;21;740;36;25;47;1.60;0.16;0.3;3;N;0;255;0.0;N;;Tr;0.06;0.9;0.05;0.0;1;Tr
Apricots, dried, stewed without sugar;0;2.0;0.3;17.8;77;328;17.8;;Tr;22;770;37;26;49;1.70;0.16;0.3;3;N;0;265;0.0;N;;Tr;0.06;0.9;0.06;0.0;1;Tr
Apricots, raw, flesh and skin;0;0.9;0.1;7.2;31;134;7.2;N;Tr;2;270;15;11;20;0.50;0.06;0.1;1;N;0;405;0.0;N;;0.04;0.05;0.5;0.08;0.0;5;6
Apricots, raw, flesh and skin, weighed with stones;0;0.8;0.1;6.6;29;123;6.6;;Tr;2;250;14;10;18;0.50;0.05;0.1;1;N;0;375;0.0;N;;0.04;0.05;0.5;0.07;0.0;5;5
Apricots, ready-to-eat, semi-dried;0;2,2;0,5;39,4;161;686;39,4;5,3;0,13;9;1039;71;34;67;1,35;0,3;0,3;Tr;18;0;550;0;3,68;;0,02;0,01;2,5;0,09;0;13;1
Apricots, stewed with sugar;0;0.7;0.1;18.3;72;308;18.3;;Tr;1;190;12;7;7;0.80;0.05;0.1;1;N;0;105;0.0;N;;0.02;0.03;0.5;0.05;0.0;Tr;4
Apricots, stewed with sugar, weighed with stones;0;0.6;0.1;17.1;67;288;17.1;;Tr;1;180;11;7;7;0.70;0.05;0.1;1;N;0;98;0.0;N;;0.02;0.03;0.5;0.05;0.0;Tr;4
Apricots, stewed without sugar;0;0.7;0.1;6.2;27;115;6.2;;Tr;1;200;13;7;7;0.80;0.05;0.1;1;N;0;110;0.0;N;;0.03;0.03;0.3;0.05;0.0;1;4
Apricots, stewed without sugar, weighed with stones;0;0.7;0.1;5.8;25;108;5.8;;Tr;1;190;12;7;7;0.70;0.05;0.1;1;N;0;100;0.0;N;;0.03;0.03;0.3;0.05;0.0;1;4
Arrowhead, boiled in unsalted water;0;4.2;0.3;17.8;91;385;N;;N;18;610;11;43;140;2.20;N;N;N;N;0;0;0.0;Tr;;0.13;0.03;1.2;N;0.0;N;1
Arrowhead, raw;0;5.0;0.3;21.5;107;448;N;;N;22;730;13;51;170;2.60;N;N;N;N;0;0;0.0;Tr;;0.16;0.04;1.4;N;0.0;N;5
Arrowroot;0;0.4;0.1;94.0;355;1515;Tr;;;5;18;7;8;27;2.00;0.22;Tr;N;N;;;0.0;Tr;;Tr;Tr;Tr;Tr;0.0;Tr;0
Artichoke, globe, base of leaves and heart, boiled in unsalted water;0;2.9;0.2;2.7;18;78;1.3;;0.10;15;330;44;27;40;0.50;0.09;0.5;Tr;N;0;90;0.0;0.19;;Tr;0.02;1.0;0.02;0.0;50;1
Artichoke, globe, boiled, weighed as served;0;1.2;0.1;1.2;8;34;0.6;;Tr;6;140;19;12;17;0.20;0.04;0.2;Tr;N;0;39;0.0;0.08;;Tr;0.01;0.4;0.01;0.0;21;Tr
Artichoke, globe, raw;0;2.8;0.2;2.7;18;77;1.3;;0.10;27;360;41;22;38;0.70;0.09;0.5;Tr;N;0;90;0.0;0.19;;0.06;0.05;1.3;0.03;0.0;68;2
Artichoke, Jerusalem, boiled in unsalted water, flesh only;0;1.6;0.1;10.6;41;207;1.6;;Tr;3;420;30;11;33;0.40;0.12;0.1;N;N;0;20;0.0;0.20;;0.10;Tr;0.9;N;0.0;N;2
Asafoetida;0;4.0;1.1;N;N;N;N;;N;N;N;690;N;50;22.20;N;N;N;N;0;4;0.0;N;;Tr;0.04;0.3;N;0.0;N;0
Asparagus, grilled;0;3,5;0,4;2;25;106;2;1,6;0,06;3;339;27;15;78;0,6;0,14;0,6;11;Tr;0;232;0;1,74;;0,11;0,17;1,8;0,18;0;122;10
Asparagus, raw;0;2.9;0.6;2.0;25;103;1.9;N;0.10;1;260;27;13;72;0.70;0.08;0.7;1;Tr;0;315;0.0;1.16;;0.16;0.06;1.0;0.09;0.0;175;12
Asparagus, roasted in rapeseed oil;0;3,5;1,5;2;35;147;2;1,6;0,12;4;342;28;15;79;0,6;0,14;0,6;11;Tr;0;234;0;1,69;;0,11;0,17;1,8;0,18;0;123;10
Asparagus, steamed;0;2,9;0,4;1,6;21;90;1,6;1,3;0,05;3;283;23;12;66;0,5;0,12;0,5;9;Tr;0;194;0;1,45;;0,09;0,14;1,5;0,15;0;102;8
Aubergine, flesh and skin, boiled in unsalted water;0;0,7;0,5;1,8;14;59;1,6;1,8;0,13;1;136;8;9;20;0,17;0,03;0,1;Tr;1;0;33;0;0,02;;0,01;0,01;0,1;0,03;0;7;1
Aubergine, flesh and skin, roasted in rapeseed oil;0;2,1;3,8;5,2;62;260;4,6;5,1;0,35;2;389;24;27;57;0,49;0,09;0,2;Tr;3;0;94;0;0,75;;0,03;0,03;0,3;0,09;0;20;3
Aubergine, fried in butter;0;1.2;31.9;2.8;302;1262;2.6;;21.10;2;170;8;8;25;0.50;0.03;0.1;1;1;0;125;0.0;5.50;;0.00;Tr;Tr;0.07;0.0;5;1
Aubergine, fried in corn oil;0;1.2;31.9;2.8;302;1246;2.6;N;4.10;2;170;8;8;25;0.50;0.03;0.1;1;1;0;125;0.0;5.50;10.30;Tr;Tr;Tr;0.07;0.0;5;1
Aubergine, fried in rapeseed oil;0;1.2;31.9;2.8;302;1262;2.6;N;2.18;2;170;8;8;25;0.50;0.03;0.1;1;1;0;125;0.0;7.03;;0.00;Tr;Tr;0.07;0.0;5;1
Aubergine, raw;0;0.9;0.4;2.2;15;64;2.0;N;0.10;2;210;10;11;16;0.30;0.01;0.2;1;1;0;70;0.0;0.03;6.10;0.02;0.01;0.1;0.08;0.0;18;4
Aubergine, stuffed with lentils and vegetables;0;2.0;4.6;3.9;64;267;1.7;;0.50;79;240;12;12;38;0.80;0.11;0.3;7;N;0;125;0.0;1.21;;0.04;0.03;0.5;0.09;0.0;10;3
Aubergine, stuffed with rice;0;1.9;2.1;15.9;86;364;6.0;N;0.22;7;280;21;15;33;0.58;0.06;0.3;3;1;0;143;0.0;0.50;;0.04;0.01;0.4;0.09;0.0;12;5
Aubergine, stuffed with vegetables, cheese topping;0;5.0;9.7;3.6;119;496;3.2;N;3.48;109;396;125;21;119;0.60;0.11;0.9;5;6;52;273;0.0;1.24;;0.07;0.12;0.9;0.13;0.3;34;7
Avocado, Fuerte, flesh only;0;2.1;19.3;1.9;189;780;0.5;;3.50;9;430;11;25;43;0.40;0.35;0.6;Tr;2;0;16;0.0;3.20;;0.12;0.19;1.0;0.34;0.0;13;5
Avocado, Fuerte, flesh only, weighed with skin and stone;0;1.5;13.7;1.3;134;553;0.4;;2.50;6;310;8;18;31;0.30;0.25;0.4;Tr;1;0;11;0.0;2.27;;0.09;0.13;0.7;0.24;0.0;9;3
Avocado, Hass, flesh only;0;1,8;17,4;1,8;171;703;0,4;3,1;4,15;7;583;19;27;57;0,51;0,25;0,6;Tr;1;0;16;0;2,19;;0,09;0,09;2,1;0,3;0;31;1
Avocado, Hass, flesh only, weighed with skin and stone;0;1,3;12;1,3;118;486;0,3;2,1;2,86;5;402;13;19;39;0,35;0,17;0,4;Tr;Tr;0;11;0;1,51;;0,06;0,06;1,5;0,21;0;22;1
Ayr, raw;0;15.9;1.3;0.0;75;318;0.0;;N;N;N;380;N;180;0.70;0.06;N;N;N;Tr;Tr;Tr;N;;N;N;0.5;N;N;N;Tr
Babaco, flesh only;0;1.1;0.1;3.1;17;72;3.1;;Tr;2;140;11;6;14;0.40;N;0.1;N;N;0;175;0.0;N;;0.03;0.04;0.7;N;0.0;N;26
Bacha, raw;0;18.1;5.6;0.0;123;515;0.0;;N;N;N;520;N;180;0.70;0.11;N;N;N;N;Tr;N;N;;N;N;0.6;N;N;N;Tr
Bacon loin steaks, lean, grilled;0;28.9;4.3;1.1;158;668;1.1;;1.55;990;370;6;23;220;0.60;0.07;1.9;13;8;Tr;Tr;0.3;0.04;;1.19;0.13;7.8;0.58;1.0;3;Tr
Bacon rashers, back, dry-cured, grilled;0;28.4;15.9;0.0;257;1071;0.0;0.0;6.00;1730;400;9;26;240;0.80;0.08;2.4;14;9;Tr;Tr;0.8;0.08;;1.09;0.19;8.5;0.56;1.0;3;Tr
Bacon rashers, back, dry-fried;0;24.2;22.0;0.0;295;1225;0.0;0.0;8.30;1410;360;6;21;180;0.60;0.06;1.9;18;7;Tr;Tr;0.6;0.07;;0.86;0.14;6.8;0.53;1.0;2;Tr
Bacon rashers, back, fat trimmed, grilled;0;25.7;12.3;0.0;214;892;0.0;0.0;4.60;1430;360;8;23;210;0.70;0.07;2.2;13;8;Tr;Tr;0.7;0.07;;0.98;0.17;7.7;0.50;1.0;3;Tr
Bacon rashers, back, fat trimmed, raw;0;18.8;6.7;0.0;136;568;0.0;0.0;2.50;1000;250;6;16;150;0.50;0.05;1.5;9;6;Tr;Tr;0.5;0.05;Tr;0.68;0.12;5.4;0.35;1.0;2;Tr
Bacon rashers, back, grilled;0;23.2;21.6;0.0;287;1194;0.0;0.0;8.10;1390;340;7;21;180;0.60;0.05;1.7;12;7;Tr;Tr;0.6;0.07;;1.16;0.15;7.2;0.52;1.0;5;Tr
Bacon rashers, back, grilled crispy;0;36.0;18.8;0.0;313;1308;0.0;0.0;7.10;2000;510;10;32;300;1.10;0.10;3.1;18;11;Tr;Tr;1.0;0.10;;1.38;0.24;10.8;0.71;1.0;4;Tr
Bacon rashers, back, microwaved;0;24.2;23.3;0.0;307;1274;0.0;0.0;8.80;1730;360;8;23;200;0.70;0.06;2.0;12;7;Tr;Tr;0.6;0.07;;1.10;0.16;7.9;0.55;1.0;2;Tr
Bacon rashers, back, raw;0;16.5;16.5;0.0;215;891;0.0;0.0;6.20;1140;300;5;17;150;0.40;0.06;1.2;8;5;Tr;Tr;0.3;0.02;;0.63;0.11;5.6;0.46;Tr;3;1
Bacon rashers, back, reduced salt, grilled;0;24.1;20.6;0.0;282;1172;0.0;0.0;7.80;1130;340;7;22;200;0.70;0.09;2.1;12;7;Tr;Tr;0.6;0.07;;0.92;0.16;7.2;0.47;1.0;2;Tr
Bacon rashers, back, smoked, grilled;0;23.4;22.1;0.0;293;1216;0.0;0.0;8.30;1390;330;7;21;190;0.70;0.06;2.2;12;7;Tr;Tr;0.6;0.07;;0.90;0.16;7.0;0.46;1.0;2;Tr
Bacon rashers, back, sweetcure, grilled;0;23.8;17.4;1.6;258;1074;1.6;0.0;6.60;1390;340;7;21;200;0.80;0.09;2.4;12;7;Tr;Tr;0.6;0.07;;0.91;0.16;7.1;0.47;1.0;3;Tr
Bacon rashers, back, 'tendersweet', grilled;0;26.4;11.9;Tr;213;889;Tr;0.0;4.50;1390;370;8;24;220;0.80;0.09;2.4;12;7;Tr;Tr;0.6;0.08;;1.01;0.18;7.9;0.51;1.0;3;Tr
Bacon rashers, middle, fried in corn oil;0;23.4;28.5;0.0;350;1452;0.0;0.0;9.80;1390;350;10;20;210;0.70;0.07;2.3;12;7;Tr;Tr;0.6;N;;0.64;0.14;7.3;0.46;1.0;6;Tr
Bacon rashers, middle, grilled;0;24.8;23.1;0.0;307;1276;0.0;0.0;8.40;1390;350;8;21;220;0.70;0.07;2.2;11;8;Tr;Tr;0.6;0.13;;0.77;0.17;7.5;0.42;1.0;3;Tr
Bacon rashers, middle, raw;0;15.2;20.0;0.0;241;998;0.0;0.0;7.30;1050;260;6;16;160;0.40;0.08;1.5;7;6;Tr;Tr;0.5;0.07;;0.58;0.11;4.9;0.41;1.0;5;Tr
Bacon rashers, streaky, fried in corn oil;0;23.8;26.6;0.0;335;1389;0.0;0.0;9.10;1680;350;7;21;200;0.70;0.07;2.1;10;7;Tr;Tr;0.6;N;;0.75;0.14;7.1;0.47;1.0;1;Tr
Bacon rashers, streaky, grilled;0;23.8;26.9;0.0;337;1400;0.0;0.0;9.80;1680;330;9;20;180;0.80;0.15;2.5;11;6;Tr;Tr;0.7;0.07;;0.70;0.17;6.3;0.40;1.0;3;Tr
Bacon rashers, streaky, raw;0;15.8;23.6;0.0;276;1142;0.0;;8.20;1260;250;6;15;140;0.50;0.06;1.5;7;7;Tr;Tr;0.9;0.07;;0.45;0.14;4.7;0.30;1.0;3;Tr
Bacon, fat only, average, cooked;0;9.3;72.8;0.0;692;2852;0.0;0.0;28.50;740;130;7;10;90;0.80;0.09;0.8;2;11;Tr;Tr;N;0.36;Tr;N;N;N;N;Tr;Tr;0
Bacon, fat only, average, raw;0;4.8;80.9;0.0;747;3075;0.0;0.0;31.50;420;75;3;4;38;0.70;0.06;0.6;1;11;Tr;Tr;Tr;0.11;;N;N;N;N;Tr;Tr;0
Bagels, plain;0;10.0;1.8;57.8;273;1161;4.8;3.0;N;400;N;N;N;N;N;N;N;N;N;0;0;0.0;N;;N;N;N;N;0.0;N;0
Baked beans, canned in barbecue sauce;0;5.3;0.4;14.0;77;329;4.8;4.9;N;260;N;N;N;N;N;N;N;N;N;0;N;0.0;N;;N;N;N;N;0.0;N;Tr
Baked beans, canned in tomato sauce;0;5.0;0.5;15.0;81;343;4.8;4.9;0.09;261;272;42;30;88;1.42;0.24;0.6;3;Tr;0;23;0.0;0.35;;0.21;0.03;0.7;0.13;0.0;29;Tr
Baked beans, canned in tomato sauce, reduced sugar, reduced salt;0;5;0.5;13,5;75;320;3,3;4.9;0.09;190;272;42;30;88;1.42;0.24;0.6;3;Tr;0;23;0.0;0.35;;0.21;0.03;0.7;0.13;0.0;29;Tr
Baked beans, canned in tomato sauce, with pork sausages;0;6.0;4.5;11.0;98;411;4.0;3.3;N;260;250;39;27;93;1.50;0.02;0.6;N;N;Tr;56;Tr;N;;0.08;0.07;0.1;0.12;N;16;Tr
Baking fat and margarine (75-90% fat), hard block;0;Tr;76.4;0.0;688;2827;0.0;0.0;26.41;600;Tr;1;Tr;Tr;0.08;Tr;Tr;Tr;Tr;796;655;8.8;12.20;;Tr;Tr;Tr;Tr;0.0;Tr;0
Baking powder;0;5.2;0.0;37.8;163;693;0.0;0.0;0.00;11800;49;1130;9;8430;Tr;Tr;2.8;Tr;Tr;0;0;0.0;Tr;;Tr;Tr;Tr;Tr;0.0;Tr;0
Banana bread, homemade;0;4.4;12.4;53.9;331;1396;36.3;N;3.27;171;285;85;26;150;1.10;0.19;0.5;N;N;N;81;N;N;;0.11;0.07;0.6;0.17;0.2;11;2
Banana split, homemade;0;2.3;11.8;23.9;205;858;18.4;0.6;6.91;38;224;48;21;56;0.36;0.06;0.3;1;16;106;77;0.0;0.83;;0.14;0.16;0.6;0.13;0.4;12;4
Bananas, flesh only;0;1.2;0.1;20.3;81;348;18.1;1.4;0.04;Tr;330;6;27;23;0.27;0.10;0.2;Tr;3;0;26;0.0;0.16;0.06;0.15;0.04;0.7;0.31;0.0;14;9
Bananas, raw, flesh only, weighed with skin;0;0.8;Tr;12.8;51;217;11.4;0.9;0.03;Tr;208;4;17;14;0.17;0.06;0.1;Tr;2;0;16;0.0;0.10;0.04;0.09;0.03;0.5;0.20;0.0;9;5
Bannocks, made with beremeal, homemade;0;9.3;1.7;56.8;266;1131;3.1;1.0;0.23;111;474;107;59;327;3.65;0.20;2.1;2;N;3;1;Tr;0.63;;0.19;0.12;3.0;0.27;0.0;17;Tr
Bannocks, made with wheat flour, homemade;0;8.5;1.3;65.5;292;1246;2.4;3.1;0.46;152;309;134;23;218;1.52;0.12;0.7;3;N;3;1;Tr;0.46;;0.18;0.09;1.3;0.12;0.0;8;Tr
Barbecue sauce;0;1.0;0.1;36,1;140;598;29,9;1.2;0.00;630;240;17;23;27;0.60;0.11;0.2;Tr;1;0;505;0.0;0.91;;0.03;0.02;0.4;0.04;0.0;5;3
Barbecue sauce, homemade;0;2.7;21.0;26.1;300;1251;21.5;1.7;12.45;392;277;74;32;39;2.28;0.10;0.5;Tr;N;228;194;0.2;0.77;;0.10;0.17;0.6;0.12;0.1;5;2
Barcelona nuts, Kernel only;0;10.9;64.0;5.2;639;2637;3.4;;N;3;940;170;200;300;3.00;0.96;N;N;N;0;0;0.0;N;;0.11;N;N;N;0.0;N;Tr
Barcelona nuts, kernel only, weighed with shells;0;6.8;39.7;3.2;397;1636;2.1;;N;2;580;110;120;190;1.90;0.59;N;N;N;0;0;0.0;N;;0.07;N;N;N;0.0;N;Tr
Barley water, diluted;0;0.1;Tr;4.7;18;77;4.3;Tr;Tr;3;5;1;0;1;Tr;Tr;Tr;Tr;Tr;0;126;0.0;N;;Tr;Tr;0.0;0.00;0.0;1;2
Barley water, undiluted;0;0.3;Tr;23.7;90;384;21.5;Tr;Tr;15;27;5;2;4;Tr;Tr;Tr;Tr;Tr;0;630;0.0;N;;Tr;Tr;0.1;0.01;0.0;5;10
Barley, pearl, boiled;0;2.7;0.6;27.6;120;510;Tr;;;1;92;7;22;71;1.00;0.14;0.7;Tr;N;;;0.0;0.10;;0.02;0.01;0.5;0.04;0.0;3;0
Barley, pearl, raw;0;7.9;1.7;83.6;360;1535;Tr;;;3;270;20;65;210;3.00;0.40;2.1;1;N;;;0.0;0.40;;0.12;0.05;2.5;0.22;0.0;20;0
Basil, dried, ground;0;14.4;4.0;43.2;251;1051;N;;N;34;3430;2110;420;490;42.00;1.37;5.8;N;N;0;5630;0.0;N;;0.15;0.32;6.9;N;0.0;0;0
Basil, fresh;0;3.1;0.8;5.1;40;169;N;N;N;9;300;250;11;37;5.50;N;0.7;N;N;0;3950;0.0;N;;0.08;0.31;1.1;N;0.0;N;26
Bass, sea, flesh only, baked;0;23.2;6.8;0.0;154;646;0.0;0.0;1.47;80;390;31;35;231;0.27;0.04;0.8;24;10;24;Tr;Tr;0.33;;0.19;0.18;2.6;0.14;2.9;4;Tr
Bass, sea, flesh only, baked, weighed with bones and skin;0;20.6;6.1;0.0;137;76;0.0;0.0;1.31;71;347;28;31;206;0.24;0.04;0.7;21;9;21;Tr;Tr;0.29;;0.17;0.16;2.3;0.12;2.6;4;Tr
Bass, sea, flesh only, raw;0;20.0;9.8;0.0;168;703;0.0;0.0;2.16;72;370;14;30;202;0.27;0.04;0.6;29;8;34;Tr;Tr;0.48;;0.39;0.20;3.0;0.37;3.0;5;Tr
Bass, sea, flesh only, raw, weighed with bones and skin;0;17.2;8.4;0.0;144;603;0.0;0.0;1.86;62;318;12;26;174;0.23;0.03;0.5;25;7;29;Tr;Tr;0.41;;0.34;0.17;2.6;0.32;2.6;4;Tr
Bay leaf, dried;0;7.6;8.4;48.6;313;1312;N;;2.30;23;530;830;120;110;43.00;0.42;3.7;N;N;0;3710;0.0;N;;0.01;0.42;2.0;N;0.0;0;0
Bean loaf, mixed beans, homemade;0;6.6;7.2;15.1;148;621;3.6;N;0.59;5;419;42;37;131;1.61;0.20;0.8;5;N;0;154;0.0;1.98;;0.20;0.08;1.1;0.15;0.0;52;4
Beanburger, aduki, fried in rapeseed oil, homemade;0;8.1;7.3;24.1;190;793;2.3;N;N;208;438;46;54;175;2.10;0.35;1.7;N;N;11;99;0.3;N;15.47;0.22;0.10;0.8;N;0.2;N;4
Beanburger, butter bean, fried in rapeseed oil, homemade;0;5.7;10.6;20.2;194;812;3.0;N;0.85;71;303;32;37;115;1.72;0.15;0.8;2;N;0;2073;0.0;N;11.14;0.67;0.23;1.4;0.28;2.2;387;1
Beanburger, red kidney bean, fried in rapeseed oil;0;6.2;10.7;21.7;202;846;2.6;N;0.85;71;298;61;39;148;1.98;0.07;0.8;4;N;0;2076;0.0;2.26;11.14;0.33;0.25;1.6;0.14;0.3;57;1
Beanburger, soya, fried in rapeseed oil;0;10.5;10.7;14.5;193;806;3.7;N;1.18;201;450;67;55;209;2.55;0.25;0.9;5;N;10;175;0.3;2.28;14.74;0.24;0.10;0.8;0.19;0.2;39;5
Beans, aduki, whole, dried, boiled in unsalted water;0;9.3;0.2;22.5;123;525;0.5;;N;2;570;39;60;180;1.90;0.51;2.3;1;N;0;6;0.0;N;;0.14;0.08;0.9;N;0.0;N;Tr
Beans, aduki, whole, dried, raw;0;19.9;0.5;50.1;272;1158;1.0;;N;5;1220;84;130;380;4.20;1.09;5.0;2;N;0;12;0.0;N;;0.45;0.22;2.6;N;0.0;N;Tr
Beans, balor, ends trimmed, raw;0;2.7;0.1;3.0;23;98;2.4;;Tr;1;230;58;37;50;1.20;0.10;0.4;N;N;0;N;0.0;N;;0.12;0.10;0.5;N;0.0;N;N
Beans, blackeye, whole, dried, boiled in unsalted water;0;8.8;0.7;19.9;116;494;1.1;N;0.20;5;320;21;45;140;1.90;0.22;1.1;3;N;0;13;0.0;N;;0.19;0.05;0.5;0.10;0.0;210;Tr
Beans, blackeye, whole, dried, raw;0;23.5;1.6;54.1;311;1324;2.9;;0.50;16;1170;81;140;410;7.60;0.75;3.2;7;N;0;35;0.0;N;;0.87;0.19;2.1;0.36;0.0;630;1
Beans, broad, dried, raw;0;26.1;2.1;32.5;245;1041;5.9;;0.30;11;1090;100;190;590;5.50;0.82;3.1;N;N;0;N;0.0;N;;0.50;0.26;2.6;0.37;0.0;N;Tr
Beans, broad, whole, boiled in unsalted water;0;9;1;12,3;91;387;1,1;9;0,13;2;413;35;41;162;1,82;0,42;1,1;Tr;4;0;97;0;0,4;;0,15;0,14;1,7;0,16;0;66;2
Beans, broad, whole, raw;0;5.7;1.0;7.2;59;247;1.3;;0.10;1;310;23;24;130;0.90;0.11;0.9;N;4;0;170;0.0;0.46;;0.04;0.04;3.2;0.06;0.0;145;32
Beans, butter, canned, re-heated, drained;0;5.9;0.5;13.0;77;327;1.1;N;0.10;Tr;290;15;27;68;1.50;0.14;0.6;3;N;0;Tr;0.0;0.33;;0.05;0.03;0.2;0.05;0.0;12;Tr
Beans, butter, dried, boiled in unsalted water;0;8,1;1,1;16,8;105;447;1,4;11,2;0,18;Tr;447;31;43;134;1,93;0,25;0,9;3;1;0;Tr;0;0,4;;0,16;0,05;0,4;0,16;0;N;Tr
Beans, butter, dried, raw;0;19.1;1.7;52.9;290;1234;3.6;;0.40;40;1700;85;190;320;5.90;0.74;2.8;N;N;0;Tr;0.0;1.13;;0.45;0.13;2.5;0.51;0.0;N;Tr
Beans, cannellini, canned, re-heated, drained;0;7,6;1,6;15,9;104;443;0,7;6,8;0,27;7;299;93;33;128;1,9;0,32;0,8;5;1;0;N;0;0,27;;0,04;0,03;1;0,06;0;8;Tr
Beans, chick peas, canned, re-heated, drained;0;8,4;3;18,3;129;547;0,7;7,1;0,29;1;281;48;44;141;1,9;0,26;1,1;30;1;0;23;0;1,7;;0,14;0,03;0,7;0,38;0;35;Tr
Beans, chick peas, Kabuli, split, dried, boiled in unsalted water;0;7.7;2.0;17.4;114;484;1.0;;0.20;5;270;12;31;80;2.10;0.28;1.2;1;N;0;20;0.0;1.07;;0.10;0.07;0.7;0.14;0.0;54;Tr
Beans, chick peas, Kabuli, split, dried, raw;0;22.7;5.4;49.6;325;1379;2.6;;0.50;39;990;50;110;330;5.30;1.03;3.6;2;N;0;55;0.0;2.88;;0.39;0.24;1.9;0.53;0.0;180;Tr
Beans, chick peas, Kabuli, whole, dried, boiled in unsalted water;0;8,4;3;18,3;129;547;0,7;10,6;0,29;1;281;48;44;141;1,9;0,26;1,1;30;1;0;23;0;1,7;2,24;0,14;0,03;0,7;0,38;0;35;Tr
Beans, chick peas, Kabuli, whole, dried, raw;0;21.3;5.4;49.6;320;1355;2.6;;0.50;39;1000;160;130;310;5.50;0.95;3.0;2;N;0;60;0.0;2.88;8.92;0.39;0.24;1.9;0.53;0.0;180;Tr
Beans, cluster, raw;0;2.6;0.1;3.0;23;96;2.9;;Tr;1;310;150;71;45;2.50;0.13;0.9;N;N;0;N;0.0;N;;0.24;0.13;0.5;N;0.0;N;N
Beans, edamame, frozen, boiled in unsalted water;0;12,2;7,6;6,5;142;593;2,6;5,9;0,85;5;497;88;65;204;2,73;0,39;1,2;2;2;0;N;0;2,49;;0,14;0,06;2,1;0,31;0;15;11
Beans, green, boiled in unsalted water;0;2.1;0.3;4.0;26;108;3.0;4.1;0.06;Tr;304;61;28;44;1.06;0.07;0.4;1;2;0;143;0.0;0.26;;0.08;0.08;0.7;0.02;0.0;58;6
Beans, green, raw;0;2.1;0.4;3.1;24;102;2.2;3.4;0.08;Tr;286;52;25;38;1.04;0.06;0.4;1;2;0;253;0.0;0.44;39.00;0.12;0.09;0.8;0.06;0.0;58;8
Beans, haricot, canned, re-heated, drained;0;7,1;1;15,6;96;407;0,6;6,8;0,2;6;340;111;41;140;2,29;0,33;0,8;3;1;0;Tr;0;0,07;;0,1;0,04;0,6;0,12;0;N;Tr
Beans, haricot, whole, dried, boiled in unsalted water;0;6.6;0.5;17.2;95;406;0.8;;0.10;15;320;65;45;120;2.50;0.14;1.0;4;N;0;Tr;0.0;0.07;;0.10;0.04;0.6;0.12;0.0;N;Tr
Beans, haricot, whole, dried, raw;0;21.4;1.6;49.7;286;1218;2.8;;0.30;43;1160;180;180;310;6.70;0.61;2.8;12;N;0;Tr;0.0;0.21;;0.45;0.13;2.5;0.56;0.0;N;Tr
Beans, mung, dahl, dried, boiled in unsalted water;0;7.8;0.4;15.3;92;392;0.5;;0.10;2;270;8;26;69;1.20;0.18;0.7;5;N;0;12;0.0;N;;0.09;0.07;0.5;0.07;0.0;35;Tr
Beans, mung, dahl, dried, raw;0;26.8;1.1;46.3;291;1237;1.5;;0.30;12;1250;35;130;390;5.50;0.55;2.6;16;N;0;24;0.0;N;;0.36;0.26;2.1;0.38;0.0;140;Tr
Beans, mung, whole, dried, boiled in unsalted water;0;8,6;0,7;15,8;100;426;0,4;6,1;0,18;Tr;339;30;42;133;1,66;0,3;0,9;5;2;0;12;0;0,67;;0,09;0,07;0,5;0,07;0;35;Tr
Beans, mung, whole, dried, raw;0;23.9;1.1;46.3;279;1188;1.5;;0.30;12;1250;89;150;360;6.00;0.47;2.7;16;N;0;24;0.0;N;;0.36;0.26;2.1;0.38;0.0;140;Tr
Beans, papri, raw;0;5.4;0.3;4.2;40;170;1.8;;N;1;440;100;74;100;2.40;0.35;1.0;N;N;0;N;0.0;N;;0.16;0.22;0.8;N;0.0;N;N
Beans, pigeon peas, dahl, dried, boiled in unsalted water;0;8.7;0.5;21.2;118;497;0.6;;0.10;14;510;14;32;110;1.00;0.34;0.9;N;N;0;11;0.0;N;;0.15;0.04;0.7;N;0.0;25;Tr
Beans, pigeon peas, dahl, dried, raw;0;21.8;1.9;58.6;324;1379;1.7;;0.40;38;1390;37;87;310;2.80;0.93;2.4;N;N;0;30;0.0;N;;0.86;0.13;2.3;N;0.0;100;Tr
Beans, pigeon peas, whole, dried, boiled in unsalted water;0;8.5;0.5;21.2;117;502;0.6;;0.10;14;510;52;37;110;1.30;0.46;0.9;N;N;0;11;0.0;N;;0.15;0.04;0.7;N;0.0;25;Tr
Beans, pigeon peas, whole, dried, raw;0;20.0;1.9;58.6;317;1348;1.7;;0.40;38;1390;140;100;290;3.40;1.24;2.5;N;N;0;30;0.0;N;;0.86;0.13;2.3;N;0.0;100;Tr
Beans, pinto, dried, boiled in unsalted water;0;8.9;0.7;23.9;137;583;N;;0.10;1;460;47;56;150;2.30;0.26;1.0;6;N;0;Tr;0.0;N;;0.23;0.06;0.3;0.15;0.0;145;2
Beans, pinto, dried, raw;0;21.1;1.6;57.1;327;1389;N;;0.20;10;1340;130;170;440;5.40;0.86;2.5;18;N;0;6;0.0;N;;0.68;0.19;1.3;0.45;0.0;520;7
Beans, pinto, re-fried beans;0;6.2;1.1;15.3;107;446;N;;N;420;390;46;39;84;1.80;0.41;1.4;N;N;0;N;0.0;N;;0.05;0.05;0.5;N;0.0;N;6
Beans, red kidney, canned in water, re-heated, drained;0;8,6;1;15,1;100;425;0,8;6,8;0,2;Tr;366;38;40;153;2,26;0,26;0,9;2;5;0;4;0;0,52;;0,1;0,03;0,7;0,07;0;45;Tr
Beans, red kidney, dried, boiled in unsalted water;0;8,6;1;15,1;100;425;0,8;11,1;0,2;Tr;366;38;40;153;2,26;0,26;0,9;2;5;0;4;0;0,52;;0,1;0,03;0,7;0,07;0;45;Tr
Beans, red kidney, dried, raw;0;22.1;1.4;44.1;266;1133;2.5;N;0.20;18;1370;100;150;410;6.40;0.68;3.0;16;N;0;11;0.0;0.52;;0.65;0.19;2.1;0.40;0.0;130;4
Beans, runner, boiled in unsalted water;0;1,1;0,5;1,9;16;68;1,6;2,2;0,1;Tr;103;18;11;22;0,44;0,02;0,1;Tr;Tr;0;72;0;0,23;26;0,05;0,02;Tr;0,04;0;42;2
Beans, runner, raw;0;1.6;0.4;3.2;22;93;2.8;N;0.10;Tr;220;33;19;34;1.20;0.02;0.2;N;2;0;145;0.0;0.23;26.00;0.06;0.03;Tr;0.08;0.0;60;18
Beans, soya, dried, boiled in unsalted water;0;14.0;7.3;5.1;141;590;2.1;N;0.90;1;510;83;63;250;3.00;0.32;0.9;5;2;0;6;0.0;1.13;;0.12;0.09;0.5;0.23;0.0;54;Tr
Beans, soya, dried, raw;0;35.9;18.6;15.8;370;1551;5.5;N;2.30;5;1730;240;250;660;9.70;1.55;4.3;14;6;0;12;0.0;2.90;;0.61;0.27;2.2;0.38;0.0;370;Tr
Beans, sword, raw;0;2.5;0.3;7.2;41;176;N;;N;29;1800;60;N;40;2.00;N;N;N;N;0;24;0.0;N;;0.08;0.08;0.5;N;0.0;N;12
Beansprouts, mung, boiled in unsalted water;0;2.5;0.5;2.8;25;104;1.4;;0.10;4;46;19;14;37;2.20;0.01;0.3;N;N;0;46;0.0;N;;0.09;0.05;0.3;0.07;0.0;17;2
Beansprouts, mung, raw;0;2.9;0.5;4.0;31;131;2.2;N;0.10;5;74;20;18;48;1.70;0.08;0.3;1;N;0;40;0.0;N;Tr;0.11;0.04;0.5;0.10;0.0;61;7
Beansprouts, mung, stir-fried in rapeseed oil;0;1.9;6.1;2.5;72;298;1.4;N;0.47;3;45;12;11;29;1.00;0.05;0.2;1;N;0;24;0.0;N;6.40;0.06;0.02;0.3;0.07;0.0;43;7
Beef bourguignon, homemade;0;13.8;6.2;2.5;140;587;0.9;0.4;2.09;238;331;13;19;135;1.60;0.11;3.2;7;8;Tr;19;0.4;0.77;;0.09;0.17;2.4;0.24;0.9;6;1
Beef bourguignonne, made with lean beef, homemade;0;14.1;4.2;2.5;105;442;0.8;0.5;1.25;233;345;13;20;141;1.65;0.11;3.4;7;N;Tr;19;0.5;0.46;;0.09;0.17;2.7;0.27;0.9;7;1
Beef extract;0;40.4;0.6;3.2;179;760;0.4;0.0;N;4370;970;37;65;400;8.10;0.26;1.5;N;N;N;0;0.0;N;;9.70;8.50;87.0;0.57;8.0;1300;0
Beef olives, homemade;0;13.9;11.0;1.6;159;662;0.3;0.2;4.07;437;248;9;16;131;1.06;0.06;2.0;5;6;Tr;8;0.3;0.34;1.29;0.14;0.09;2.8;0.27;0.8;6;0
Beef steak pudding, homemade;0;11.5;10.2;18.7;207;864;0.8;1.1;5.41;82;191;31;15;147;1.10;0.04;2.8;4;10;4;7;0.2;0.33;;0.08;0.11;1.8;0.19;0.7;13;Tr
Beef Stroganoff, homemade;0;15.3;11.2;2.5;171;713;2.1;0.6;6.22;54;355;30;21;177;1.56;0.07;2.1;8;N;87;36;0.3;0.25;0.49;0.12;0.24;3.0;0.29;1.1;11;0
Beef Wellington, homemade;0;16.3;25.5;16.2;356;1480;0.7;1.4;10.19;297;265;41;20;201;2.41;0.11;2.6;N;N;1070;20;0.4;N;2.26;0.08;0.22;2.7;0.27;1.9;14;N
Beef, braising steak, braised, lean and fat;0;32.9;12.7;0.0;246;1029;0.0;0.0;5.30;60;330;8;22;210;2.60;Tr;8.7;10;15;Tr;7;0.7;0.03;;0.05;0.26;4.9;0.33;3.0;52;0
Beef, braising steak, braised, lean only;0;34.4;9.7;0.0;225;944;0.0;0.0;4.10;62;340;8;23;220;2.70;Tr;9.5;11;15;Tr;8;0.8;0.02;;0.05;0.26;5.2;0.34;3.0;54;0
Beef, braising steak, raw, lean;0;21.8;5.7;0.0;139;582;0.0;;2.40;64;320;5;20;190;1.50;Tr;6.0;7;17;Tr;Tr;0.5;0.09;;0.07;0.28;4.2;0.45;2.0;50;0
Beef, braising steak, raw, lean and fat;0;20.7;8.6;0.0;160;670;0.0;;3.80;60;300;5;19;180;1.40;Tr;5.6;7;16;Tr;Tr;0.5;0.09;;0.07;0.27;3.9;0.42;2.0;53;0
Beef, braising steak, slow cooked, lean;0;31.4;7.9;0.0;197;826;0.0;;3.40;53;260;7;20;200;2.50;Tr;8.5;10;12;Tr;8;0.7;0.04;;0.04;0.20;3.5;0.28;3.0;49;0
Beef, braising steak, slow cooked, lean and fat;0;29.0;11.2;0.0;217;907;0.0;;4.80;50;250;7;19;190;2.30;Tr;7.6;9;12;Tr;7;0.5;0.04;;0.04;0.19;3.2;0.27;2.0;45;0
Beef, brisket, boiled, lean;0;31.4;11.0;0.0;225;941;0.0;;4.60;50;250;9;21;200;2.20;Tr;6.6;10;10;Tr;8;0.7;0.01;;0.04;0.22;4.3;0.19;3.0;14;0
Beef, brisket, boiled, lean and fat;0;27.8;17.4;0.0;268;1116;0.0;;7.20;46;230;8;19;170;1.90;Tr;5.6;9;10;Tr;7;0.6;0.02;;0.04;0.20;3.7;0.19;2.0;15;0
Beef, brisket, raw, lean;0;21.1;6.1;0.0;139;584;0.0;;2.50;59;330;4;21;190;1.70;0.03;3.4;7;10;Tr;Tr;0.5;0.14;;0.09;0.24;4.9;0.51;2.0;14;0
Beef, brisket, raw, lean and fat;0;18.4;16.0;0.0;218;905;0.0;;6.70;50;280;4;18;160;1.50;0.03;2.9;6;9;Tr;Tr;0.4;0.12;;0.08;0.21;4.0;0.43;2.0;14;0
Beef, fat, average, cooked;0;15.5;52.3;0.0;533;2199;0.0;0.0;24.30;35;200;6;12;110;1.00;0.01;1.5;3;14;Tr;Tr;Tr;0.08;;0.05;0.18;1.6;0.23;2.0;26;0
Beef, fat, average, raw;0;18.9;53.6;0.0;558;2305;0.0;0.0;24.90;26;140;5;9;79;0.70;0.02;1.1;2;10;Tr;Tr;Tr;0.06;;0.04;0.13;1.2;0.17;1.0;18;0
Beef, fat, average, raw, extra trimmed;0;6.8;72.2;0.0;677;2786;0.0;;33.40;N;N;N;N;N;N;N;N;N;N;N;N;N;N;;N;N;N;N;N;N;0
Beef, fillet steak, fried in corn oil, lean;0;28.2;7.9;0.0;184;772;0.0;;3.40;68;390;6;27;240;2.30;Tr;5.1;9;10;Tr;8;0.6;N;;0.12;0.25;6.2;0.59;2.0;16;0
Beef, fillet steak, fried in corn oil, lean and fat;0;28.0;8.9;0.0;192;805;0.0;;3.90;67;390;6;27;230;2.30;Tr;5.0;9;10;Tr;8;0.6;N;;0.12;0.25;6.1;0.58;2.0;17;0
Beef, fillet steak, from steakhouse, lean;0;28.7;7.0;0.0;178;747;0.0;;3.20;61;410;5;32;250;3.60;0.10;4.5;9;11;Tr;8;0.7;0.08;;0.14;0.31;5.7;0.81;2.0;8;0
Beef, fillet steak, from steakhouse, lean and fat;0;28.5;7.8;0.0;184;773;0.0;;3.60;61;410;5;32;250;3.50;0.10;4.4;9;11;Tr;8;0.6;0.08;;0.14;0.31;5.6;0.80;2.0;9;0
Beef, fillet steak, grilled, lean;0;29.1;8.0;0.0;188;791;0.0;;3.60;70;400;6;27;250;2.30;N;5.2;10;11;Tr;8;0.7;0.06;;0.12;0.26;6.4;0.61;2.0;17;0
Beef, fillet steak, grilled, lean and fat;0;28.7;9.5;0.0;200;839;0.0;;4.40;67;390;6;27;240;2.30;N;5.1;10;11;Tr;8;0.6;0.06;;0.12;0.26;6.3;0.60;2.0;17;0
Beef, fillet steak, raw, lean;0;21.2;6.1;0.0;140;586;0.0;;2.80;44;340;4;23;210;2.10;Tr;2.8;7;7;Tr;Tr;0.5;0.12;;0.14;0.28;4.7;0.47;2.0;10;0
Beef, fillet steak, raw, lean and fat;0;20.9;7.9;0.0;155;648;0.0;;3.80;43;330;4;22;200;2.00;Tr;2.7;7;7;Tr;Tr;0.4;0.12;;0.13;0.28;4.6;0.46;2.0;11;0
Beef, flank, pot-roasted, lean;0;31.8;14.0;0.0;253;1059;0.0;;5.70;51;250;7;20;190;2.10;Tr;6.9;10;10;Tr;8;0.7;0.04;;0.04;0.19;3.0;0.23;3.0;16;0
Beef, flank, pot-roasted, lean and fat;0;27.1;22.3;0.0;309;1286;0.0;;9.10;45;230;7;18;160;1.80;Tr;5.5;8;10;Tr;6;0.5;0.06;;0.04;0.18;2.6;0.22;2.0;17;0
Beef, flank, raw, lean;0;22.7;9.3;0.0;175;730;0.0;;3.80;64;350;5;23;210;1.80;0.03;3.6;7;10;Tr;Tr;0.5;0.15;;0.10;0.25;5.3;0.54;2.0;16;0
Beef, flank, raw, lean and fat;0;19.7;20.8;0.0;266;1105;0.0;;8.70;54;300;5;19;170;1.50;0.03;3.0;6;10;Tr;Tr;0.4;0.13;;0.09;0.22;4.3;0.45;2.0;16;0
Beef, fore-rib/rib-roast, microwaved, lean;0;35.0;11.4;0.0;243;1017;0.0;;5.00;60;290;8;23;220;2.80;0.04;6.3;12;13;Tr;8;0.8;0.01;;0.05;0.26;4.8;0.34;3.0;14;0
Beef, fore-rib/rib-roast, microwaved, lean and fat;0;30.4;20.5;0.0;306;1275;0.0;;9.20;54;270;7;21;190;2.40;0.04;5.2;7;13;Tr;6;0.6;0.02;;0.05;0.24;4.1;0.31;3.0;16;0
Beef, fore-rib/rib-roast, microwaved, lean and fat, weighed with bone;0;25.2;17.0;0.0;254;1057;0.0;;7.70;45;220;6;17;160;2.00;0.03;4.3;8;11;Tr;5;0.5;0.02;;0.04;0.20;3.4;0.26;2.0;13;0
Beef, fore-rib/rib-roast, raw, lean;0;21.5;6.5;0.0;145;606;0.0;;2.90;61;340;5;22;200;1.70;0.03;3.5;7;10;Tr;8;0.5;0.14;;0.10;0.24;5.1;0.52;2.0;15;0
Beef, fore-rib/rib-roast, raw, lean and fat;0;18.8;19.8;0.0;253;1052;0.0;;8.90;52;290;5;19;170;1.50;0.03;2.9;6;10;Tr;6;0.4;0.12;;0.09;0.21;4.1;0.43;2.0;16;0
Beef, fore-rib/rib-roast, roasted, lean;0;33.3;11.4;0.0;236;988;0.0;;5.10;57;360;9;23;220;2.00;Tr;7.4;11;12;Tr;8;0.8;0.22;;0.06;0.16;5.3;0.40;3.0;18;0
Beef, fore-rib/rib-roast, roasted, lean and fat;0;29.1;20.4;0.0;300;1250;0.0;;9.20;54;320;8;20;190;1.80;Tr;6.1;10;12;Tr;6;0.6;0.19;;0.06;0.17;4.5;0.36;3.0;19;0
Beef, fore-rib/rib-roast, roasted, lean and fat, weighed with bone;0;24.4;17.1;0.0;252;1048;0.0;;7.70;43;270;7;17;160;1.50;Tr;5.1;8;10;Tr;5;0.5;0.16;;0.05;0.14;3.8;0.30;2.0;16;0
Beef, lean, average, raw;0;22.5;4.3;0.0;129;542;0.0;0.0;1.74;63;350;5;22;200;2.70;0.03;4.1;7;10;Tr;Tr;0.5;0.13;;0.10;0.21;5.0;0.53;2.0;19;0
Beef, lean, average, raw, extra trimmed;0;21.6;5.1;0.0;132;556;0.0;;2.00;N;N;N;N;N;N;N;N;N;N;N;N;N;N;;N;N;N;N;N;N;0
Beef, mince patties, barbecued;0;29.6;16.2;0.0;264;1103;0.0;;7.10;98;320;20;23;220;3.00;0.06;6.2;10;15;Tr;8;0.7;0.09;;0.06;0.26;8.7;0.42;3.0;18;0
Beef, mince, extra lean, stewed;0;24.7;4.2;0.0;137;575;0.0;0.0;1.83;75;280;14;18;170;2.30;0.08;5.6;8;10;Tr;8;0.6;0.30;;0.03;0.13;4.8;0.16;3.0;20;0
Beef, mince, frozen, stewed;0;19.3;14.1;0.0;204;850;0.0;;6.20;62;210;17;17;140;2.40;0.12;3.7;6;10;Tr;8;0.4;0.31;;0.05;0.19;3.0;0.13;2.0;30;0
Beef, mince, microwaved;0;26.4;17.5;0.0;263;1096;0.0;0.0;7.60;91;290;12;20;190;2.00;Tr;5.2;9;16;Tr;8;0.6;0.31;;0.08;0.31;8.0;0.38;3.0;17;0
Beef, mince, raw;0;19.7;16.2;0.0;225;934;0.0;0.0;6.94;80;260;9;17;160;1.40;Tr;3.9;7;9;Tr;Tr;0.7;0.17;;0.06;0.13;5.8;0.37;2.0;14;0
Beef, mince, raw, extra lean;0;21.9;4.2;0.0;130;546;0.0;;2.08;90;290;10;19;180;1.50;0.06;4.4;7;11;Tr;Tr;0.5;0.18;;0.07;0.15;6.4;0.42;2.0;16;0
Beef, mince, stewed;0;10.9;9.9;2.5;139;579;0.6;0.3;3.79;283;163;11;11;93;0.83;0.02;2.1;4;5;Tr;1;0.4;0.39;;0.04;0.06;2.5;0.17;0.8;5;0
Beef, mince, stewed;0;21.8;13.5;0.0;209;870;0.0;0.0;5.72;73;210;20;15;150;2.70;0.10;5.0;7;14;9;25;0.8;0.34;7.18;0.03;0.19;4.6;0.28;2.0;17;0
Beef, mince, with vegetables, stewed;0;9.2;7.2;5.7;122;508;2.3;1.2;3.04;254;178;18;11;83;0.78;0.03;1.7;3;5;Tr;2005;0.3;0.16;;0.06;0.05;2.2;0.18;1.0;6;Tr
Beef, minced, stewed with onions, extra lean;0;12.1;3.6;2.5;113;471;0.6;0.3;1.24;288;179;11;12;103;0.88;0.05;2.4;4;6;Tr;1;0.3;0.39;;0.04;0.06;2.8;0.19;0.8;5;Tr
Beef, rump steak, barbecued, lean;0;31.2;5.7;0.0;176;741;0.0;0.0;2.40;78;460;8;29;270;3.20;0.10;5.1;10;11;Tr;8;0.7;0.20;;0.15;0.32;6.8;0.36;3.0;10;0
Beef, rump steak, barbecued, lean and fat;0;29.5;9.4;0.0;203;849;0.0;;4.00;74;430;8;27;250;3.00;0.09;4.8;9;11;Tr;7;0.6;0.19;;0.14;0.31;6.3;0.34;2.0;11;0
Beef, rump steak, fried in corn oil, lean and fat;0;28.4;12.7;0.0;228;953;0.0;0.0;4.90;71;360;5;23;220;2.70;0.02;4.7;9;9;Tr;7;0.6;N;;0.13;0.27;5.3;0.57;2.0;5;0
Beef, rump steak, fried in corn oil, lean only;0;30.9;6.6;0.0;183;770;0.0;0.0;2.41;78;390;5;25;240;3.00;0.02;5.2;10;9;Tr;8;0.7;0.18;;0.14;0.29;5.9;0.63;2.0;5;0
Beef, rump steak, from steakhouse, lean and fat;0;27.5;11.4;0.0;213;889;0.0;;4.90;66;370;7;25;230;2.20;0.04;4.8;9;11;Tr;7;0.6;N;;0.12;0.25;5.7;0.57;2.0;18;0
Beef, rump steak, from steakhouse, lean only;0;29.8;4.7;0.0;162;681;0.0;0.0;2.00;72;410;7;28;250;2.40;0.04;5.4;10;11;Tr;8;0.7;N;;0.13;0.27;6.5;0.63;2.0;17;0
Beef, rump steak, grilled, lean only;0;31.0;5.9;0.0;177;745;0.0;0.0;2.50;74;430;7;29;260;3.60;0.04;5.6;10;12;Tr;8;0.4;0.07;;0.13;0.28;6.8;0.65;3.0;5;0
Beef, rump steak, raw, lean;0;22.0;4.1;0.0;125;526;0.0;;1.70;60;370;4;23;210;2.10;0.04;3.8;7;11;Tr;Tr;0.5;0.05;;0.10;0.25;5.4;0.66;2.0;16;0
Beef, rump steak, raw, lean and fat;0;20.7;10.1;0.0;174;726;0.0;0.0;4.30;56;350;4;22;200;2.70;0.04;3.5;7;11;Tr;Tr;0.4;0.04;0.80;0.09;0.23;4.9;0.61;2.0;5;0
Beef, rump steak, strips, stir-fried in corn oil, lean;0;32.3;8.8;0.0;208;875;0.0;0.0;3.30;78;450;7;30;270;2.60;0.04;5.8;11;12;Tr;8;0.7;0.06;;0.21;0.30;6.8;0.73;3.0;5;0
Beef, rump steak, strips, stir-fried in corn oil, lean and fat;0;29.7;14.4;0.0;248;1038;0.0;;5.60;71;410;7;27;250;2.40;0.04;5.2;10;12;Tr;7;0.6;N;;0.19;0.28;6.1;0.66;2.0;7;0
Beef, silverside, pot-roasted, lean;0;34.0;6.3;0.0;193;811;0.0;;2.50;58;320;5;23;220;2.80;0.08;5.2;11;16;Tr;8;0.8;0.05;;0.17;0.26;5.0;0.33;2.0;7;0
Beef, silverside, pot-roasted, lean and fat;0;31.0;13.7;0.0;247;1034;0.0;;5.60;54;290;5;21;200;2.50;0.07;4.6;10;16;Tr;7;0.6;0.05;;0.15;0.24;4.5;0.31;2.0;9;0
Beef, silverside, raw, lean;0;23.8;4.3;0.0;134;564;0.0;;1.60;62;350;6;23;200;2.00;0.02;3.8;8;6;Tr;Tr;0.5;0.15;;0.10;0.27;5.6;0.57;2.0;16;0
Beef, silverside, raw, lean and fat;0;20.4;14.8;0.0;215;894;0.0;;5.90;53;300;5;19;170;1.70;0.02;3.2;7;6;Tr;Tr;0.4;0.13;;0.09;0.23;4.6;0.48;2.0;15;0
Beef, silverside, salted, boiled, lean;0;30.4;6.9;0.0;184;772;0.0;0.0;2.50;1020;190;10;17;150;2.00;Tr;5.3;10;11;Tr;8;0.7;0.10;;0.05;0.27;2.6;0.39;2.0;12;0
Beef, silverside, salted, boiled, lean and fat;0;27.9;12.5;0.0;224;937;0.0;;4.70;940;170;12;16;130;1.80;Tr;4.8;9;11;Tr;7;0.6;0.09;;0.05;0.25;2.4;0.36;2.0;12;0
Beef, silverside, salted, raw, lean;0;19.2;7.0;0.0;140;585;0.0;;2.50;640;120;4;19;180;1.50;0.03;3.1;6;9;Tr;Tr;0.4;0.12;;0.08;0.21;4.5;0.46;2.0;13;0
Beef, silverside, salted, raw, lean and fat;0;16.3;18.0;0.0;227;943;0.0;;6.80;550;98;6;17;150;1.30;0.03;2.6;5;8;Tr;Tr;0.3;0.10;;0.07;0.18;3.7;0.38;2.0;12;0
Beef, sirloin joint, roasted, lean;0;32.4;6.5;0.0;188;791;0.0;;2.90;55;350;7;24;220;2.00;Tr;5.7;11;15;Tr;8;0.7;0.02;;0.13;0.28;4.7;0.58;3.0;7;0
Beef, sirloin joint, roasted, lean and fat;0;29.8;12.6;0.0;233;973;0.0;;5.60;53;330;7;22;200;1.90;Tr;5.0;10;15;Tr;7;0.6;0.03;;0.12;0.27;4.2;0.52;3.0;11;0
Beef, sirloin steak, fried in corn oil, lean;0;28.8;8.2;0.0;189;793;0.0;;3.40;69;400;6;27;240;2.30;0.04;5.2;10;11;Tr;8;0.7;N;;0.12;0.26;6.3;0.60;2.0;17;0
Beef, sirloin steak, fried in corn oil, lean and fat;0;26.8;14.0;0.0;233;974;0.0;;6.00;64;370;6;25;220;2.10;0.03;4.6;9;12;Tr;7;0.5;N;;0.11;0.25;5.5;0.54;2.0;19;0
Beef, sirloin steak, from steakhouse, lean;0;31.5;5.1;0.0;172;724;0.0;;2.20;76;440;7;30;270;2.50;0.04;5.7;10;12;Tr;8;0.7;N;;0.13;0.28;6.9;0.66;3.0;18;0
Beef, sirloin steak, from steakhouse, lean and fat;0;29.6;10.7;0.0;215;899;0.0;;4.60;71;410;7;28;250;2.30;0.04;5.1;9;13;Tr;7;0.6;N;;0.12;0.27;6.2;0.60;2.0;20;0
Beef, sirloin steak, grilled medium-rare, lean;0;26.6;7.7;0.0;176;737;0.0;;3.40;65;370;7;24;220;1.40;Tr;4.3;10;13;Tr;12;0.5;0.02;;0.07;0.16;6.9;0.58;2.0;14;0
Beef, sirloin steak, grilled medium-rare, lean and fat;0;24.8;12.6;0.0;213;888;0.0;;5.60;60;340;7;22;200;1.30;Tr;3.9;9;13;Tr;10;0.4;0.03;;0.07;0.16;6.1;0.53;2.0;15;0
Beef, sirloin steak, grilled rare, lean;0;26.4;6.7;0.0;166;697;0.0;;3.00;63;370;6;25;220;2.10;0.04;4.8;9;10;Tr;8;0.6;0.06;;0.11;0.24;5.8;0.55;2.0;15;0
Beef, sirloin steak, grilled rare, lean and fat;0;25.1;12.8;0.0;216;900;0.0;;5.80;60;340;6;23;210;2.00;0.03;4.3;8;11;Tr;7;0.5;0.07;;0.10;0.24;5.2;0.50;2.0;18;0
Beef, sirloin steak, grilled well-done, lean;0;33.9;9.9;0.0;225;943;0.0;;4.40;81;470;7;32;290;2.70;0.04;6.1;11;13;Tr;8;0.8;0.08;;0.15;0.31;7.4;0.71;3.0;20;0
Beef, sirloin steak, grilled well-done, lean and fat;0;31.8;14.4;0.0;257;1073;0.0;;6.50;76;440;7;30;260;2.50;0.04;5.5;10;14;Tr;7;0.7;0.08;;0.14;0.30;6.7;0.65;3.0;21;0
Beef, sirloin steak, raw, lean;0;23.5;4.5;0.0;135;566;0.0;;2.00;70;360;5;22;200;1.60;0.02;4.0;8;11;Tr;Tr;0.5;0.15;;0.10;0.26;5.5;0.56;2.0;16;0
Beef, sirloin steak, raw, lean and fat;0;21.6;12.7;0.0;201;837;0.0;;5.60;62;320;5;20;180;1.50;0.02;3.5;7;11;Tr;Tr;0.4;0.14;;0.09;0.24;4.7;0.49;2.0;17;0
Beef, stewing steak, frozen, stewed, lean;0;29.7;8.5;0.0;195;819;0.0;;3.10;47;220;19;21;170;3.00;0.12;7.7;10;8;Tr;8;0.7;0.08;;0.03;0.21;3.4;0.15;2.0;12;0
Beef, stewing steak, frozen, stewed, lean and fat;0;26.9;11.6;0.0;212;887;0.0;;4.30;44;210;17;19;150;2.70;0.10;6.7;9;8;Tr;7;0.6;0.08;;0.03;0.19;3.1;0.15;2.0;13;0
Beef, stewing steak, pressure cooked, lean;0;35.1;6.5;0.0;199;837;0.0;;2.40;60;290;19;23;220;2.80;0.04;9.5;12;13;Tr;8;0.8;0.07;;0.03;0.19;3.3;0.28;3.0;N;0
Beef, stewing steak, pressure cooked, lean and fat;0;34.0;9.0;0.0;217;911;0.0;;3.40;60;290;18;23;220;2.70;0.04;8.7;11;14;Tr;7;0.7;0.08;;0.04;0.20;3.2;0.29;3.0;N;0
Beef, stewing steak, raw, lean;0;22.6;3.5;0.0;122;514;0.0;0.0;1.40;69;360;5;21;190;2.10;0.04;5.7;7;12;Tr;Tr;0.8;0.20;;0.07;0.27;4.2;0.45;2.0;5;0
Beef, stewing steak, raw, lean and fat;0;22.1;6.4;0.0;146;613;0.0;0.0;2.60;66;340;5;20;180;2.00;0.04;5.3;7;13;Tr;Tr;0.7;0.20;;0.07;0.26;4.0;0.42;2.0;6;0
Beef, stewing steak, stewed, lean;0;32.0;6.3;0.0;185;777;0.0;0.0;2.30;54;270;17;21;200;2.60;0.04;8.6;11;12;Tr;8;0.7;0.19;;0.02;0.15;2.6;0.23;3.0;8;0
Beef, stewing steak, stewed, lean and fat;0;29.2;9.6;0.0;203;852;0.0;0.0;3.70;51;250;15;19;180;2.30;0.04;7.5;10;12;Tr;7;0.6;0.17;;0.03;0.15;2.4;0.23;2.0;11;0
Beef, stir-fried with green peppers, homemade;0;11.8;8.0;6.1;145;607;3.8;N;2.67;212;274;10;19;122;1.88;0.04;2.0;4;6;Tr;165;0.2;1.54;;0.05;0.11;2.3;0.38;0.9;11;38
Beef, topside, microwaved, lean;0;35.0;4.6;0.0;181;765;0.0;;1.90;60;290;8;23;220;2.80;0.04;6.3;12;13;Tr;8;0.8;0.05;;0.05;0.30;4.4;0.42;3.0;67;0
Beef, topside, microwaved, lean and fat;0;32.1;11.1;0.0;228;956;0.0;;4.70;55;270;7;21;200;2.60;0.04;5.7;11;12;Tr;7;0.7;0.05;;0.05;0.28;4.0;0.39;3.0;61;0
Beef, topside, raw, lean;0;23.0;2.7;0.0;116;491;0.0;;1.10;77;390;6;25;220;1.90;0.08;4.0;8;10;Tr;Tr;0.5;0.15;;0.09;0.19;5.3;0.55;2.0;24;0
Beef, topside, raw, lean and fat;0;20.4;12.9;0.0;198;824;0.0;;5.40;67;340;5;22;190;1.70;0.07;3.5;7;9;Tr;Tr;0.4;0.13;;0.08;0.17;4.6;0.48;2.0;22;0
Beef, topside, roasted medium-rare, lean;0;32.2;5.1;0.0;175;736;0.0;0.0;2.10;66;390;5;25;230;2.50;0.07;5.6;10;9;Tr;Tr;0.4;0.04;;0.06;0.32;5.4;0.54;2.0;14;0
Beef, topside, roasted medium-rare, lean and fat;0;29.9;11.4;0.0;222;930;0.0;0.0;4.80;62;360;5;23;210;2.30;0.06;5.1;9;10;Tr;Tr;0.4;0.05;;0.06;0.30;4.9;0.50;2.0;15;0
Beef, topside, roasted well-done, lean;0;36.2;6.3;0.0;202;849;0.0;;2.60;62;410;8;27;230;2.90;0.04;6.5;12;13;Tr;8;0.8;0.08;0.19;0.09;0.29;5.8;0.56;3.0;21;0
Beef, topside, roasted well-done, lean and fat;0;32.8;12.5;0.0;244;1020;0.0;;5.20;57;370;7;24;210;2.60;0.04;5.8;11;12;Tr;7;0.7;0.08;;0.08;0.27;5.2;0.51;3.0;20;0
Beer, bitter, average (<4% ABV);0;0.3;Tr;2.2;30;124;2.2;Tr;Tr;6;32;8;7;14;0.10;0.01;0.1;Tr;N;0;Tr;0.0;N;Tr;Tr;0.03;0.2;0.07;Tr;5;0
Beer, bitter, best, premium;0;0.3;Tr;2.2;33;139;2.2;Tr;Tr;8;46;9;8;16;Tr;0.03;0.1;Tr;N;0;Tr;0.0;N;;Tr;0.04;0.8;0.09;Tr;8;0
Beer, bitter, strong (>5% ABV);0;0.3;Tr;2.2;42;175;2.2;Tr;Tr;8;46;9;8;16;Tr;0.03;0.1;Tr;N;0;Tr;0.0;N;;Tr;0.04;0.8;0.09;Tr;8;0
Beetroot, cooked in unsalted water;0;1,6;0,3;11,6;53;224;10,9;2,6;0,05;52;302;27;15;26;0,36;0,09;0,3;Tr;2;0;27;0;Tr;;Tr;Tr;0,2;0,06;0;90;1
Beetroot, pickled, drained;0;1.2;0.2;5.6;28;117;5.6;N;Tr;120;190;19;13;17;0.50;0.04;0.3;Tr;N;0;Tr;0.0;Tr;;0.02;0.03;0.1;0.04;0.0;2;N
Beetroot, raw;0;1.7;0.1;7.6;36;154;7.0;;Tr;66;380;20;11;51;1.00;0.02;0.4;Tr;N;0;20;0.0;Tr;;0.01;0.01;0.1;0.03;0.0;150;5
Bele, raw;0;15.3;0.7;0.0;67;284;0.0;;N;N;N;370;N;330;1.00;N;N;N;N;Tr;Tr;Tr;N;;N;N;0.3;N;2.0;N;Tr
Betel leaves, fresh;0;6.4;0.1;8.6;61;255;N;;N;7;550;390;N;80;8.10;N;N;N;N;0;N;0.0;N;;0.15;0.25;0.7;N;0.0;N;3
Betel nuts;0;5.2;10.2;56.7;339;1430;N;;N;76;450;400;N;89;4.90;N;N;N;N;0;0;0.0;N;;0.19;0.52;1.1;N;0.0;N;Tr
Bhaji, aubergine and potato, homemade;0;1.8;8.8;13.4;135;562;3.2;N;0.61;6;372;24;21;36;0.81;0.07;0.3;Tr;1;0;109;0.0;2.08;11.60;0.14;0.02;0.4;0.11;0.0;8;5
Bhaji, aubergine, pea, potato and cauliflower, homemade;0;2.9;2.5;10.7;72;303;4.3;N;0.24;10;336;24;22;50;1.19;0.07;0.5;1;N;0;203;0.0;0.47;;0.18;0.04;0.7;0.11;0.0;19;13
Bhaji, cabbage and pea, with butter ghee, homemade;0;3.4;14.2;9.7;177;736;7.1;4.8;8.31;251;312;59;23;59;1.16;0.08;0.5;1;8;129;668;0.1;1.03;;0.32;0.05;1.0;0.14;Tr;22;17
Bhaji, cabbage and pea, with rapeseed oil, homemade;0;3.4;14.5;9.7;180;748;7.1;4.8;1.01;11;313;59;22;60;1.18;0.08;0.5;1;2;0;409;0.0;3.35;;0.32;0.05;1.0;0.14;0.0;22;17
Bhaji, cabbage and potato, with butter, homemade;0;2.7;5.6;9.7;98;410;4.9;4.1;3.48;55;385;53;19;48;0.60;0.06;0.3;1;4;63;430;0.1;0.30;;0.26;0.04;0.5;0.14;0.0;21;23
Bhaji, cabbage and potato, with rapeseed oil, homemade;0;2.2;7.0;9.1;106;442;4.7;;0.86;7;359;47;12;52;0.79;0.04;0.4;1;4;0;945;0.0;N;;0.16;0.02;0.6;0.23;0.0;36;23
Bhaji, cabbage and potato, with vegetable oil;0;2.7;6.8;9.6;108;452;4.9;4.1;0.48;7;384;52;19;46;0.61;0.06;0.3;1;2;0;390;0.0;1.64;;0.26;0.03;0.5;0.14;0.0;21;23
Bhaji, cabbage and spinach;0;3.6;17.1;7.8;198;817;3.8;;1.80;480;440;110;36;70;1.80;0.08;0.7;1;5;0;1560;0.0;4.88;;0.12;0.05;0.8;0.18;0.0;54;18
Bhaji, cabbage, homemade;0;2.8;4.5;6.8;77;322;5.9;4.4;0.32;8;341;62;17;47;0.66;0.06;0.3;1;2;0;594;0.0;1.10;;0.28;0.04;0.6;0.15;0.0;23;32
Bhaji, carrot, potato and pea, with butter, homemade;0;2.2;6.6;12.9;116;488;6.8;4.1;4.01;72;297;31;17;44;0.66;0.07;0.3;Tr;4;72;6425;0.1;0.33;;0.21;0.03;0.6;0.10;0.0;11;6
Bhaji, carrot, potato and pea, with vegetable oil, homemade;0;2.1;7.9;12.9;128;535;6.7;4.1;0.59;17;295;30;17;42;0.67;0.07;0.3;Tr;1;0;6379;0.0;1.86;;0.21;0.02;0.6;0.10;0.0;22;6
Bhaji, cauliflower and potato, homemade;0;3.3;6.8;10.1;106;443;2.8;2.3;0.52;17;417;39;27;58;2.07;0.08;0.5;1;Tr;0;177;0.0;1.39;34.07;0.12;0.08;0.7;0.12;0.0;28;26
Bhaji, cauliflower and vegetable, homemade;0;3.1;9.1;6.6;117;488;4.0;N;5.28;89;363;52;26;59;2.19;0.09;0.5;N;N;95;544;0.1;0.35;24.32;0.08;0.10;0.7;0.15;0.0;26;28
Bhaji, cauliflower, homemade;0;2.9;20.1;5.5;211;874;3.8;2.2;9.21;19;303;24;15;45;0.63;0.07;0.4;1;N;0;229;0.0;1.83;32.70;0.06;0.09;0.6;0.13;0.0;30;30
Bhaji, cauliflower, potato and pea, with butter;0;3.5;11.3;8.2;145;603;2.5;;7.10;400;390;23;22;65;1.00;0.06;0.6;Tr;6;105;195;0.1;0.50;;0.16;0.04;0.6;0.26;Tr;29;17
Bhaji, cauliflower, potato and pea, with vegetable oil;0;3.4;13.7;8.2;166;688;2.5;;1.50;300;390;21;22;62;1.00;0.05;0.6;Tr;3;0;140;0.0;3.34;;0.16;0.04;0.6;0.26;0.0;29;17
Bhaji, green bean;0;2.2;7.6;5.0;91;379;4.1;;0.70;460;280;46;26;46;1.90;0.04;0.3;N;N;0;420;0.0;1.96;;0.05;0.06;0.8;0.05;0.0;37;7
Bhaji, karela, with butter ghee, homemade;0;1.8;10.6;1.2;103;426;Tr;;6.60;N;340;29;33;51;2.20;0.26;0.5;N;N;67;780;0.2;N;;0.07;0.05;0.5;N;Tr;19;81
Bhaji, karela, with vegetable oil, homemade;0;1.8;10.6;1.2;103;426;Tr;;1.10;N;340;29;33;51;2.20;0.26;0.5;N;N;0;730;0.0;N;;0.07;0.05;0.5;N;0.0;19;81
Bhaji, mushroom, homemade;0;1.2;16.6;4.1;168;693;3.2;1.5;1.11;9;309;19;11;68;0.55;0.19;0.4;10;2;0;108;0.0;3.76;18.48;0.10;0.14;1.3;1.70;0.0;14;1
Bhaji, mustard leaves and spinach, homemade;0;3.1;6.5;3.8;84;348;1.6;N;3.75;135;458;163;47;56;2.60;N;N;N;N;68;1883;0.1;2.18;;0.07;0.11;0.9;N;0.0;N;30
Bhaji, mustard leaves, homemade;0;3.0;6.3;4.6;85;355;1.3;N;2.97;90;391;148;38;56;2.60;N;N;N;N;68;694;0.1;1.84;;0.07;0.13;0.8;N;0.0;N;39
Bhaji, okra, Bangladeshi, with butter ghee, homemade;0;2.4;6.2;7.7;97;400;5.6;N;3.50;7;299;112;46;53;0.96;0.11;0.5;1;N;53;401;0.1;N;;0.16;0.04;0.6;0.22;Tr;29;8
Bhaji, okra, Bangladeshi, with vegetable oil, homemade;0;2.4;6.4;7.7;97;400;5.6;N;0.55;7;299;112;46;53;0.97;0.11;0.5;1;N;0;295;0.0;N;6.41;0.16;0.04;0.6;0.22;0.0;29;8
Bhaji, okra, Islami, homemade;0;4.6;17.1;8.9;201;833;7.0;N;1.36;75;580;234;103;102;2.63;0.23;1.0;2;N;0;823;0.0;N;16.49;0.29;0.09;1.4;0.30;0.0;62;16
Bhaji, pea, homemade;0;5.0;34.6;9.3;363;1496;3.2;3.8;21.58;306;299;38;28;101;2.31;0.06;0.8;Tr;19;390;566;0.4;0.96;26.84;0.39;0.05;1.4;0.11;0.1;21;9
Bhaji, potato and fenugreek leaves, homemade;0;3.7;15.9;18.8;222;925;N;N;N;47;465;86;51;65;5.16;0.18;N;N;N;0;1877;0.0;N;17.29;0.18;0.10;0.8;N;0.0;N;20
Bhaji, potato and green pepper, homemade;0;1.5;9.0;12.7;134;561;2.6;N;0.63;3;327;13;17;32;0.42;0.06;0.2;Tr;4;0;140;0.0;2.33;13.28;0.10;0.01;0.3;0.31;0.0;18;27
Bhaji, potato and onion, homemade;0;2.1;10.1;16.7;162;674;3.4;2.6;6.32;92;413;27;22;44;0.72;0.08;0.3;Tr;9;116;86;0.1;0.37;1.60;0.17;0.03;0.3;0.32;0.0;8;7
Bhaji, potato, onion and mushroom, homemade;0;1.7;17.3;12.1;211;871;3.5;2.2;1.17;9;371;23;18;49;0.78;0.11;0.3;3;5;0;113;0.0;3.95;19.62;0.14;0.05;0.7;0.25;0.0;9;4
Bhaji, potato, spinach and cauliflower, homemade;0;2.2;15.1;7.1;169;699;1.6;;9.60;37;220;52;18;37;1.00;0.04;0.4;1;2;97;1090;0.3;0.91;;0.10;0.03;0.5;0.17;Tr;42;10
Bhaji, potato, with butter ghee, homemade;0;2.2;9.8;16.6;161;669;1.5;2.1;5.70;4;467;24;26;43;1.08;0.08;0.3;Tr;3;89;202;0.1;0.61;0.83;0.16;0.02;0.3;0.35;Tr;7;9
Bhaji, potato, with vegetable oil, homemade;0;2.2;10.0;16.6;161;670;1.5;2.1;0.69;4;467;24;26;43;1.09;0.08;0.3;Tr;3;0;22;0.0;2.20;11.71;0.16;0.02;0.3;0.44;0.0;7;9
Bhaji, spinach and potato, homemade;0;3.6;14.1;13.4;192;796;1.6;N;0.98;102;683;124;54;63;1.84;0.09;0.7;1;5;0;2514;0.0;4.13;284.45;0.15;0.06;0.9;0.35;0.0;53;16
Bhaji, spinach, homemade;0;3.3;6.9;2.5;83;342;2.1;N;3.82;213;573;190;61;56;2.60;0.05;0.8;1;6;68;3936;0.1;1.98;;0.07;0.09;1.1;0.16;0.0;62;15
Bhaji, turnip and onion, homemade;0;1.2;10.6;7.1;126;524;5.9;N;6.20;11;251;45;10;39;0.31;0.03;0.1;1;N;98;217;0.1;0.76;0.09;0.07;0.01;0.3;0.10;Tr;9;7
Bhaji, turnip, homemade;0;1.3;16.4;6.5;179;739;5.4;N;9.59;17;341;60;14;50;1.17;0.04;0.2;1;N;151;339;0.2;0.98;0.15;0.05;0.02;0.5;0.10;Tr;8;10
Bhaji, vegetable, Punjabi, with butter;0;3.5;7.2;8.2;108;449;5.5;;4.30;450;340;41;23;68;1.50;0.06;0.6;1;5;63;2155;0.1;0.72;;0.16;0.05;1.0;0.18;Tr;31;12
Bhaji, vegetable, Punjabi, with vegetable oil;0;3.5;8.6;8.2;120;501;5.5;;1.00;390;340;40;23;66;1.50;0.06;0.6;1;3;0;2125;0.0;2.44;;0.16;0.05;1.0;0.18;0.0;31;12
Bhaji, vegetable, with butter, homemade;0;1.9;15.3;10.3;185;766;4.7;N;9.49;145;346;30;17;43;0.77;0.05;0.3;Tr;9;173;3401;0.2;0.47;11.33;0.12;0.04;0.4;0.21;0.1;13;10
Bhaji, vegetable, with rapeseed oil, homemade;0;1.8;18.5;10.1;213;879;4.6;N;1.64;16;341;27;17;38;0.79;0.05;0.3;1;4;0;3282;0.0;4.06;;0.12;0.03;0.4;0.22;0.0;13;10
Bicarbonate of soda;0;0.0;0.0;0.0;0;0;0.0;;0.00;27380;0;0;0;0;0.00;0.00;0.0;0;0;0;0;0.0;0.00;;0.00;0.00;0.0;0.00;0.0;0;0
Biryani, chicken, takeaway;0;8.5;7.4;16.6;163;684;0.9;1.2;2.01;263;170;23;16;87;1.33;0.08;0.6;7;5;N;N;0.6;1.39;;0.03;N;2.8;0.13;N;N;Tr
Biscuits, cheese flavoured;0;10.5;28.1;53.2;494;2069;2.7;4.5;11.67;882;247;263;34;249;2.08;0.16;1.4;5;Tr;49;Tr;Tr;8.71;;0.25;0.10;2.1;0.07;0.2;35;0
Biscuits, cookies, chocolate chip, American style;0;5.2;21.3;60.6;440;1845;40.5;2.5;9.58;422;252;108;36;155;2.49;0.17;0.7;12;6;Tr;Tr;Tr;2.39;;0.07;0.08;0.8;0.05;0.3;12;0
Biscuits, cookies, chocolate chip, standard;0;5.4;24.9;60.0;471;1973;30.0;3.0;12.15;298;217;117;34;132;2.30;0.22;0.7;4;6;Tr;Tr;0.0;2.19;;0.13;0.08;0.9;0.03;0.0;36;0
Biscuits, digestive, half coated in chocolate;0;6.3;25.7;61.8;488;2047;24.3;2.1;12.68;351;258;100;37;124;2.14;0.32;0.8;3;8;Tr;Tr;Tr;2.35;;0.11;0.07;2.2;0.07;0.1;7;0
Biscuits, digestive, plain;0;6.2;21.3;65.6;463;1943;17.5;3.8;7.71;561;215;95;31;119;1.80;0.21;0.9;4;Tr;0;0;0.0;5.32;1.51;0.12;0.02;1.9;0.07;0.0;11;0
Biscuits, digestive, with oats, plain;0;6.4;22.9;66.4;480;2017;25.9;7.2;5.94;328;248;34;60;214;2.15;0.28;1.4;4;Tr;0;0;0.0;5.71;;0.18;0.13;1.6;0.14;0.0;13;0
Biscuits, fully coated with chocolate;0;6.4;27.2;62.8;506;2120;39.3;1.7;15.06;229;344;163;46;204;2.01;0.28;1.0;3;14;28;Tr;Tr;1.57;3.46;0.14;0.19;1.2;0.09;Tr;14;0
Biscuits, fully coated with chocolate, with cream;0;5.2;28.2;59.0;496;2075;37.4;3.1;15.81;174;337;146;42;156;2.95;0.35;0.8;7;14;Tr;14;Tr;1.78;;0.11;0.13;1.3;0.06;0.1;9;0
Biscuits, fully coated with chocolate, with marshmallow;0;4.5;19.0;59.9;413;1737;41.4;2.7;10.64;132;259;102;28;103;1.68;0.26;0.6;3;14;Tr;Tr;Tr;0.83;;0.06;0.13;0.6;0.04;0.2;8;0
Biscuits, ginger nuts;0;4.8;15.7;75.3;443;1867;31.3;2.2;7.26;429;154;43;18;68;1.50;0.10;0.5;2;Tr;0;N;0.0;2.10;1.60;0.10;0.03;0.9;0.07;0.0;11;0
Biscuits, gingernut, homemade;0;4.5;19.8;70.0;459;1928;32.6;2.1;12.27;626;133;142;16;223;1.92;0.09;0.5;1;9;222;145;0.2;0.72;;0.10;0.04;0.9;0.08;0.1;4;Tr
Biscuits, iced;0;4.8;10.8;77.1;406;1715;44.6;0.6;4.98;274;112;74;13;90;1.20;0.12;0.4;5;Tr;0;151;0.0;1.21;;0.12;0.02;1.3;0.03;0.0;7;0
Biscuits, jam filled;0;5.2;14.4;74.0;428;1806;33.0;1.2;6.75;164;135;121;14;94;1.11;0.12;0.4;2;Tr;0;Tr;0.0;2.12;;0.09;0.01;0.9;0.05;0.0;Tr;0
Biscuits, melting moments, homemade;0;3.4;37.1;57.8;564;2354;N;N;23.31;335;81;48;10;54;0.96;0.08;0.3;1;N;426;271;0.4;1.02;3.54;0.07;0.05;0.5;0.05;0.1;3;Tr
Biscuits, oat based, chocolate, half coated;0;6.6;24.9;63.9;489;2054;33.1;6.0;9.00;271;297;80;59;216;2.13;0.29;1.3;4;12;16;5;Tr;4.72;;0.17;0.23;1.3;0.16;0.5;12;0
Biscuits, plain, homemade;0;6.2;22.1;66.0;471;1979;26.4;2.0;13.39;201;112;60;14;84;1.22;0.11;0.5;4;16;252;150;0.6;0.91;2.20;0.11;0.09;0.8;0.08;0.4;7;Tr
Biscuits, plain, reduced fat;0;6.6;13.5;75.7;432;1823;21.2;4.4;4.31;471;193;102;30;124;2.01;0.18;0.8;4;Tr;0;0;0.0;3.37;;0.12;0.02;1.9;0.07;0.0;11;0
Biscuits, sandwich, cream;0;5.0;23.3;65.8;477;2001;29.9;3.1;13.31;188;253;118;29;102;2.19;0.20;0.6;2;8;Tr;14;0.0;2.25;3.80;0.16;0.05;1.6;0.06;0.0;11;0
Biscuits, semi-sweet;0;6.4;15.1;75.4;444;1874;20.3;2.7;5.08;358;168;157;23;99;2.03;0.09;1.0;3;Tr;0;0;0.0;2.85;1.71;0.12;0.01;1.4;0.06;0.0;12;0
Biscuits, short or sweet, half coated in chocolate;0;6.0;24.2;70.3;506;2124;35.5;1.4;12.50;249;260;123;35;123;2.40;0.27;0.7;4;8;22;Tr;Tr;1.84;;0.10;0.08;0.9;0.07;Tr;8;0
Biscuits, short, sweet;0;5.6;20.9;71.7;479;2016;23.8;2.2;10.05;403;155;95;20;106;1.64;0.12;0.7;3;Tr;0;0;0.0;2.68;4.00;0.17;0.02;1.3;0.05;0.0;9;0
Biscuits, wholemeal, homemade;0;12.7;7.5;66.6;369;1561;4.2;9.2;3.89;69;423;104;82;315;2.26;0.34;2.0;5;21;66;40;0.1;0.76;0.42;0.26;0.20;4.4;0.37;0.5;15;1
Black gram, chilki urad dahl, dried, split, boiled in unsalted water;0;8.0;0.4;13.6;90;382;0.3;;0.10;13;260;41;49;92;2.00;0.23;0.9;N;N;0;12;0.0;N;;0.11;0.09;0.5;N;0.0;33;Tr
Black gram, chilki urad dahl, split, dried, raw;0;26.0;1.4;42.5;287;1216;1.3;;0.20;40;800;130;150;290;6.30;0.72;2.8;N;N;0;38;0.0;N;;0.42;0.37;2.0;N;0.0;132;Tr
Black gram, duhli urad dahl, split, dried, boiled in unsalted water;0;8.1;0.4;15.1;96;409;0.3;;0.10;13;260;23;42;87;2.00;0.23;0.9;N;N;0;12;0.0;N;;0.11;0.09;0.5;N;0.0;33;Tr
Black gram, duhli urad dahl, split, dried, raw;0;27.2;1.4;44.0;298;1262;1.3;;0.20;40;800;72;130;270;6.30;0.72;2.8;N;N;0;38;0.0;N;;0.42;0.37;2.0;N;0.0;132;Tr
Black gram, urad gram, whole, dried, boiled in unsalted water;0;7.8;0.4;13.6;89;379;0.3;;0.10;13;260;49;52;120;2.00;0.23;0.9;N;N;0;12;0.0;N;;0.11;0.09;0.5;N;0.0;33;Tr
Black gram, urad gram, whole, dried, raw;0;24.9;1.4;40.8;275;1169;1.3;;0.20;40;800;150;160;370;6.30;0.72;2.8;N;N;0;38;0.0;N;;0.42;0.37;2.0;N;0.0;132;Tr
Black pudding, dry-fried;0;10.3;21.5;16.6;297;1236;0.2;N;8.50;940;110;120;16;80;12.30;0.11;0.7;6;5;41;Tr;0.7;0.24;;0.09;0.07;1.0;0.04;1.0;5;0
Black pudding, raw;0;9.1;20.6;14.8;277;1154;0.2;;7.70;830;95;110;14;70;10.90;0.10;0.6;5;4;N;Tr;0.6;0.16;;0.09;0.07;1.2;0.09;1.0;2;0
Blackberries, raw;0;1,1;0,2;5,6;27;115;5,6;3,4;Tr;1;154;24;18;24;0,31;0,07;0,2;Tr;1;0;41;0;2,37;;0,02;0,05;0,5;0,05;0;34;7
Blackberries, stewed with sugar;0;0.7;0.2;13.8;56;239;13.8;2.4;Tr;1;130;32;17;24;0.50;0.09;0.2;Tr;N;0;62;0.0;1.85;;0.01;0.03;0.3;0.03;0.0;5;9
Blackberries, stewed without sugar;0;0.8;0.2;4.4;21;88;4.4;N;Tr;1;140;35;19;26;0.60;0.09;0.2;Tr;N;0;68;0.0;2.03;;0.01;0.03;0.3;0.03;0.0;5;10
Blackberry and apple, stewed with sugar;0;0.4;0.2;15.8;63;268;15.8;N;0.03;2;94;16;9;14;0.30;0.06;0.1;Tr;N;0;27;0.0;0.84;;0.02;0.02;0.2;0.04;0.0;3;9
Blackberry and apple, stewed without sugar;0;0.5;0.2;6.4;28;118;6.4;N;0.03;2;103;17;10;15;0.31;0.05;0.1;Tr;N;0;29;0.0;0.93;;0.03;0.03;0.2;0.05;0.0;15;13
Blackcurrant juice drink/squash, diluted;0;0.0;0.0;7.2;27;115;7.2;0.0;0.00;2;12;1;0;0;0.03;0.00;0.0;Tr;Tr;0;N;0.0;N;;Tr;Tr;N;N;0.0;Tr;N
Blackcurrant juice drink/squash, undiluted;0;0.1;0.0;54.2;204;869;54.2;0.0;0.00;16;92;8;2;3;0.20;0.01;0.1;Tr;Tr;0;N;0.0;N;;Tr;Tr;N;N;0.0;Tr;N
Blackcurrants, raw;0;0.9;Tr;6.6;28;121;6.6;N;Tr;3;370;60;17;43;1.30;0.14;0.3;N;N;0;100;0.0;1.00;;0.03;0.06;0.3;0.08;0.0;N;200
Blackcurrants, stewed with sugar;0;0.7;Tr;15.0;58;252;15.0;2.8;Tr;2;290;47;13;33;1.00;0.11;0.3;N;N;0;78;0.0;0.78;;0.02;0.04;0.2;0.05;0.0;N;115
Blackcurrants, stewed without sugar;0;0.8;Tr;5.6;24;103;5.6;N;Tr;2;320;51;14;36;1.10;0.12;0.3;N;N;0;85;0.0;0.83;;0.02;0.04;0.2;0.05;0.0;N;130
Blancmange, homemade;0;3.3;1.6;18.1;96;405;11.7;N;1.02;41;148;114;10;90;0.04;0.01;0.4;1;29;17;8;Tr;0.03;;0.03;0.20;0.1;0.05;0.8;7;1
Bloater, flesh only, grilled;0;23.5;17.4;0.0;251;1043;0.0;;4.40;700;450;86;45;360;1.70;0.21;1.3;50;N;37;Tr;25.0;1.00;;Tr;0.27;4.0;0.35;15.0;10;Tr
Bloater, flesh only, grilled, weighed with bones and skin;0;15.3;11.3;0.0;163;678;0.0;;2.90;450;290;56;29;230;1.10;0.14;0.8;32;N;24;Tr;16.2;0.65;;Tr;0.18;2.6;0.23;1.0;6;Tr
Blueberries;0;0.9;0.2;9.1;40;169;9.1;1.5;0.02;2;66;10;5;16;0.55;0.06;0.1;Tr;2;0;14;0.0;0.94;;0.04;0.04;0.3;0.01;0.0;8;6
Boal, raw;0;15.4;2.7;0.0;86;362;0.0;;N;N;250;83;N;490;0.80;0.05;0.7;N;N;N;Tr;N;N;;N;N;1.0;N;5.0;N;Tr
Bolognese sauce (with meat), homemade;0;11.8;11.6;2.8;161;668;2.6;0.7;4.20;180;288;16;16;104;1.13;0.05;2.3;4;6;Tr;694;0.4;1.97;;0.09;0.08;3.0;0.22;0.9;7;3
Bolognese sauce (with meat), made with extra lean minced beef, homemade;0;13.0;4.9;2.8;108;452;2.6;0.6;1.49;186;305;16;17;115;1.19;0.08;2.5;4;8;Tr;693;0.3;1.97;;0.09;0.08;3.3;0.24;0.9;8;3
Bombay duck;0;61.7;4.0;0.0;283;1197;0.0;;N;N;N;1390;N;240;19.10;N;N;N;N;Tr;Tr;Tr;N;;0.03;0.07;5.7;0.97;N;N;Tr
Bombay mix;0;18.8;32.9;35.1;503;2099;2.3;8.8;3.95;640;770;58;100;290;3.80;0.62;2.5;N;N;0;Tr;0.0;4.71;;0.38;0.10;4.3;0.54;0.0;N;Tr
Bouillabaisse, homemade;0;11.3;10.5;2.0;139;579;1.7;N;1.34;54;232;29;15;145;0.80;0.06;0.4;N;N;4;N;0.1;N;;N;N;N;N;N;N;1
Bounty bar and own brand equivalents;0;3.7;26.3;61.0;480;2012;50.4;3.2;20.50;180;320;57;39;102;1.50;0.47;0.6;N;N;15;40;0.3;0.32;;0.04;0.13;0.3;0.03;Tr;4;0
Brain, lamb, boiled;0;11.6;8.8;0.0;126;523;0.0;;2.00;210;190;11;15;320;1.40;0.23;1.4;N;N;Tr;Tr;Tr;1.10;;0.10;0.24;2.1;0.08;8.0;6;17
Bran, wheat;0;14.8;5.5;20.6;186;785;2.3;41.3;0.89;3;1269;65;389;1078;8.60;1.04;5.6;14;Tr;0;0;0.0;1.02;10.40;0.93;0.33;26.1;1.15;0.0;76;0
Brandy snaps, homemade;0;2.8;22.5;72.1;489;2055;50.1;1.2;14.16;272;80;39;9;39;1.13;0.10;0.3;1;10;258;166;0.2;0.66;2.20;0.06;0.03;0.5;0.05;0.1;2;Tr
Brawn;0;12.4;11.5;0.0;153;636;0.0;;N;750;85;38;7;60;1.00;0.19;1.3;N;N;Tr;Tr;N;0.06;;0.05;0.08;1.0;0.05;Tr;3;0
Brazil nuts, kernel only;0;14.3;68.2;3.1;683;2816;2.4;N;17.41;3;660;170;410;590;2.50;1.76;4.2;254;20;0;0;0.0;7.18;;0.67;0.03;0.3;0.31;0.0;21;0
Brazil nuts, kernel only, weighed with shells;0;6.5;31.4;1.4;314;1295;1.1;;8.01;1;300;78;190;270;1.10;0.81;1.9;117;9;0;0;0.0;3.30;;0.31;0.01;0.1;0.14;0.0;10;0
Bread pudding, homemade;0;5.9;7.7;48.0;289;1220;33.3;N;N;238;374;144;23;108;1.42;0.19;0.7;3;N;N;60;N;N;0.14;0.13;0.17;0.8;0.09;0.6;12;0
Bread rolls, brown, crusty;0;10.3;2.8;50.4;255;1085;1.9;N;0.60;380;200;100;65;190;3.20;0.34;1.5;4;7;0;0;0.0;Tr;;0.32;0.15;3.8;0.20;0.0;63;0
Bread rolls, brown, soft;0;9.9;3.2;44.8;236;1004;2.8;4.3;1.10;380;234;201;49;170;2.40;0.18;1.4;6;6;0;0;0.0;Tr;;0.29;0.14;3.5;0.18;0.0;57;0
Bread rolls, malted wheat;0;10.0;4.2;42.7;238;1009;3.0;4.4;1.08;370;191;209;39;138;1.90;0.18;1.1;4;8;0;0;0.0;0.23;;0.24;0.09;2.7;0.19;0.0;78;0
Bread rolls, white, crusty;0;9.2;2.2;54.9;262;1116;2.7;2.9;0.51;400;164;177;22;104;1.70;0.13;0.9;4;4;0;0;0.0;0.23;;0.22;0.07;2.0;0.03;0.0;31;0
Bread rolls, white, soft;0;9.3;2.6;51.5;254;1078;2.6;2.6;0.62;400;145;184;23;99;1.50;0.13;0.9;6;4;0;0;0.0;0.20;;0.20;0.06;1.8;0.03;0.0;27;0
Bread rolls, wholemeal;0;10.4;3.3;46.1;244;1037;2.6;5.5;0.80;380;248;87;61;197;2.40;0.26;1.7;7;6;0;0;0.0;0.30;;0.30;0.09;4.1;0.10;0.0;57;0
Bread sauce, made with semi-skimmed milk, HOMEMADE;0;4.0;2.5;15.6;97;411;5.4;N;1.43;93;166;105;13;88;0.36;0.05;0.5;N;22;25;17;Tr;0.12;;0.11;0.16;0.4;0.06;0.6;9;1
Bread sauce, made with skimmed milk, homemade;0;4.2;1.4;15.5;88;372;5.1;0.5;0.41;142;164;110;14;88;0.46;0.04;0.5;1;21;N;11;N;N;Tr;0.05;0.15;0.3;0.06;0.6;6;1
Bread sauce, made with whole milk, homemade;0;4.1;3.7;15.4;108;455;5.0;0.5;1.90;141;161;107;14;88;0.46;0.04;0.5;N;22;N;21;N;N;;0.05;0.15;0.3;0.06;0.6;6;1
Bread, brown, average;0;7.9;2.0;42.1;207;882;3.4;5.0;0.43;400;216;186;45;157;2.20;0.17;1.3;4;6;0;0;0.0;0.01;;0.22;0.07;2.8;0.17;0.0;45;0
Bread, brown, toasted;0;10.1;2.6;54.0;266;1131;4.4;6.4;0.55;513;277;238;58;201;2.82;0.22;1.7;5;8;0;0;0.0;0.01;;0.24;0.08;3.4;0.16;0.0;29;0
Bread, ciabatta;0;10.2;3.9;52.0;271;1150;3.1;3.3;0.57;350;152;121;22;100;1.40;0.09;0.7;19;10;0;0;0.0;0.47;;0.24;0.06;2.0;0.07;0.0;21;0
Bread, garlic and herb, retail;0;7.0;16.7;45.1;348;1459;2.9;2.7;8.63;476;149;126;21;88;1.57;0.08;0.7;1;3;179;53;Tr;1.79;;0.23;0.13;1.1;0.14;0.1;11;Tr
Bread, malt, fruited;0;7.8;2.3;64.9;295;1256;22.6;3.5;0.52;246;234;104;37;125;1.70;0.14;0.7;10;27;Tr;Tr;Tr;0.18;;0.24;0.32;2.4;0.11;0.0;34;Tr
Bread, malted wheat;0;9.6;2.3;47.4;237;1005;2.9;5.3;0.58;400;191;209;39;138;1.90;0.18;1.1;6;8;0;0;0.0;0.23;;0.24;0.09;2.7;0.19;0.0;88;0
Bread, naan, peshwari naan, takeaway and retail;0;7.6;7.9;39.8;251;1058;1.6;5.6;3.13;390;197;226;28;310;1.37;0.17;0.7;Tr;N;17;138;N;1.62;;0.11;0.03;2.6;N;Tr;22;Tr
Bread, naan, retail;0;7.8;7.3;50.2;285;1206;3.1;2.9;0.97;360;172;187;21;299;1.60;0.09;0.7;Tr;N;5;11;0.1;0.64;3.80;0.27;0.05;3.0;N;Tr;15;Tr
Bread, pitta, white;0;9.1;1.3;55.1;255;1084;3.0;2.3;0.20;400;178;138;22;99;1.90;0.12;0.8;2;N;0;0;0.0;N;;0.34;0.08;2.2;N;0.0;20;0
Bread, seeded;0;9.9;7.4;43.8;270;1143;3.8;6.2;1.00;360;226;150;80;180;2.30;0.47;1.5;13;N;0;N;0.0;N;;N;N;N;N;N;N;0
Bread, soda, made with white flour, homemade;0;7.6;1.6;57.3;261;1110;2.3;2.7;0.73;150;282;114;20;116;1.34;0.10;0.6;2;12;7;4;Tr;0.42;;0.15;0.11;1.2;0.11;0.3;7;1
Bread, wheatgerm;0;11.1;3.1;39.5;220;935;3.8;5.7;0.72;390;269;212;64;219;2.90;0.26;2.3;12;N;0;0;0.0;0.48;;0.34;0.11;3.6;0.09;0.0;38;0
Bread, white, average;0;8.7;2.1;48.7;236;1004;3.0;2.9;N;400;134;155;22;96;1.50;0.14;0.7;7;N;0;0;0.0;0.08;;0.22;0.07;1.6;0.07;0.0;29;0
Bread, white, crusty bloomer, unsliced, fresh, large;0;9.2;1.6;52.3;247;1052;2.8;2.8;0.39;400;135;172;19;89;1.30;0.12;0.8;7;4;0;0;0.0;0.22;;0.21;0.06;1.6;0.06;0.0;24;0
Bread, white, Danish style;0;9.1;2.7;44.5;228;967;3.0;3.1;0.50;400;110;130;21;93;1.70;0.14;0.6;11;N;0;0;0.0;Tr;;0.25;0.07;2.0;0.07;0.0;44;0
Bread, white, farmhouse or split tin;0;9.0;2.0;49.9;241;1025;2.9;2.9;0.49;400;135;172;19;89;1.30;0.12;0.8;5;4;0;0;0.0;0.22;;0.19;0.06;1.4;0.06;0.0;23;0
Bread, white, French stick;0;9.0;1.9;56.1;263;1121;2.8;3.3;0.34;400;152;121;22;100;1.40;0.09;0.7;5;10;0;0;0.0;Tr;;0.21;0.06;1.7;0.07;0.0;29;0
Bread, white, premium;0;8.3;2.3;47.0;230;978;2.7;2.8;N;400;138;177;25;101;1.50;0.19;0.8;10;N;0;0;0.0;0.17;;0.23;0.07;1.5;0.07;0.0;23;0
Bread, white, sliced;0;7.9;1.6;46.1;219;931;3.4;2.5;0.29;400;137;177;23;95;1.60;0.14;0.8;6;4;0;0;0.0;Tr;0.42;0.24;0.08;1.6;0.08;0.0;25;0
Bread, white, sliced, fried in rapeseed oil;0;8.1;32.2;46.8;498;2078;3.5;2.5;2.30;406;139;180;23;96;1.60;0.14;0.8;6;4;0;Tr;0.0;6.80;;0.18;0.07;1.5;0.06;0.0;13;0
Bread, white, toasted;0;9.7;2.0;56.2;267;1137;4.1;3.0;0.35;490;167;216;28;116;1.95;0.17;1.0;5;5;0;0;0.0;Tr;;0.25;0.10;2.0;0.10;0.0;30;0
Bread, white, 'with added fibre';0;8.7;2.2;45.1;224;951;3.5;4.8;0.42;370;195;N;45;149;2.00;0.19;1.2;7;Tr;0;0;0.0;0.14;;0.25;0.07;2.7;0.10;0.0;33;0
Bread, white, 'with added fibre', toasted;0;10.4;2.6;53.7;266;1132;4.2;5.7;0.50;440;232;N;54;177;2.38;0.23;1.4;8;Tr;0;0;0.0;0.17;;0.25;0.07;3.1;0.09;0.0;20;0
Bread, wholemeal, average;0;9.4;2.5;42.0;217;922;2.8;7.0;0.46;400;253;106;66;202;2.40;0.23;1.6;7;N;0;0;0.0;0.28;2.00;0.25;0.05;3.8;0.11;0.0;40;0
Bread, wholemeal, toasted;0;11.2;2.9;49.2;255;1084;3.2;8.2;0.54;470;296;124;77;237;2.81;0.27;1.9;11;N;0;0;0.0;0.33;;0.25;0.06;4.5;0.13;0.0;46;0
Breadfruit, boiled in unsalted water;0;1.6;0.4;29.0;119;506;1.5;;N;1;350;18;23;28;0.90;0.05;0.1;N;N;0;30;0.0;N;;0.08;0.05;0.7;N;0.0;N;20
Breadfruit, raw;0;1.3;0.3;23.1;95;403;1.2;;N;1;480;19;24;28;1.00;0.08;0.1;N;N;0;24;0.0;N;;0.10;0.05;0.8;N;0.0;N;29
Breadnut seeds, dried;0;8.6;1.7;73.8;367;1536;N;14.9;0.50;53;2011;94;115;180;4.60;2.46;N;2;N;0;130;0.0;N;;0.03;0.14;2.1;0.69;0.0;113;47
Breadsticks, plain;0;10.9;8.1;72.9;389;1650;3.3;3.7;6.01;817;202;31;30;120;1.96;0.21;0.9;6;Tr;0;Tr;0.0;0.18;;0.09;0.02;1.5;0.10;Tr;21;Tr
Breakfast cereal, bran flakes, fortified;0;9.6;2.2;73.3;333;1417;21.0;13.4;0.31;360;480;44;121;357;13.50;0.42;2.1;6;Tr;0;0;4.6;8.30;;1.10;1.40;15.6;1.40;2.3;367;0
Breakfast cereal, bran type cereal, fortified;0;12.4;3.4;49.7;267;1132;20.0;24.6;0.53;360;757;329;189;639;10.70;0.82;5.1;7;3;0;54;3.9;N;;1.00;1.20;13.4;1.30;1.7;200;N
Breakfast cereal, cornflakes, crunchy / honey nut coated, fortified;0;5.3;4.2;86.6;384;1631;37.4;3.8;0.73;350;123;15;24;57;12.00;0.12;0.3;5;Tr;0;125;N;0.44;;1.10;1.40;15.5;1.50;2.0;396;0
Breakfast cereal, cornflakes, fortified;0;7.1;0.8;90.9;376;1605;7.3;2.6;0.14;450;88;3;12;46;11.80;Tr;0.2;9;Tr;0;125;4.7;0.14;0.06;1.10;1.40;15.8;1.50;1.9;N;0
Breakfast cereal, cornflakes, frosted, fortified;0;4.7;0.5;87.0;350;1490;38.3;2.0;0.09;300;59;456;9;33;12.00;Tr;0.1;5;9;0;125;4.7;0.14;;1.20;1.40;16.0;1.60;1.7;N;0
Breakfast cereal, cornflakes, unfortified;0;7.1;0.8;91.4;378;1613;3.0;2.6;0.14;410;93;7;11;53;0.40;Tr;0.2;9;Tr;0;125;0.0;0.14;0.06;Tr;0.08;0.8;0.13;Tr;7;0
Breakfast cereal, crunchy clusters type, without nuts, unfortified;0;7.2;11.6;71.0;399;1687;25.3;7.2;4.15;41;310;40;72;232;2.68;0.30;1.6;6;2;0;Tr;0.0;1.38;;1.02;1.06;4.0;0.17;0.0;90;Tr
Breakfast cereal, crunchy/crispy muesli type cereal, with nuts, unfortified;0;8.4;20.5;61.9;450;1892;23.1;7.9;4.61;138;290;46;83;245;N;0.34;1.8;19;3;0;Tr;0.0;3.26;;0.16;0.07;1.0;0.27;0.0;21;Tr
Breakfast cereal, fruit and fibre type, fortified;0;8.0;5.8;70.3;348;1475;26.2;8.6;2.65;350;444;47;71;209;10.90;0.40;1.3;4;2;0;Tr;N;1.36;;1.00;1.20;13.2;1.30;N;210;Tr
Breakfast cereal, honey loops and hoops, including Honey and Nut Cheerios, fortified;0;6.6;3.1;78.7;349;1486;34.7;4.3;0.67;280;219;265;54;240;9.40;0.22;1.3;2;Tr;0;N;4.5;N;;1.00;1.20;14.0;1.20;2.1;170;67
Breakfast cereal, instant hot oat, plain, raw, fortified;0;11.0;7.3;64.6;352;1491;0.5;8.5;1.20;5;343;1336;104;365;11.90;0.26;2.0;5;5;0;0;4.3;0.31;;0.90;1.20;13.6;1.20;2.1;170;Tr
Breakfast cereal, malted flake, fortified;0;11.8;1.4;83.4;373;1587;17.2;3.0;0.27;380;216;66;46;174;N;0.16;1.6;8;14;0;0;8.3;0.31;;1.60;2.10;23.6;2.10;3.4;300;134
Breakfast cereal, malted wheat, fortified;0;8.7;2.3;75.7;339;1444;20.3;8.6;0.32;250;348;36;70;229;10.60;0.28;1.5;4;3;0;0;0.4;0.85;;0.80;1.10;12.1;1.10;1.9;150;0
Breakfast cereal, multigrain hoops, fortified;0;7.9;3.8;80.7;368;1566;22.4;5.7;0.70;330;N;460;N;N;14.70;N;N;N;N;0;N;N;N;;1.24;1.10;14.0;1.20;1.9;200;71
Breakfast cereal, Oat, instant, flavoured, unfortified, made up with semi-skimmed milk;0;4.4;2.4;15.6;98;413;7.8;1.0;1.10;70;195;115;24;132;0.47;Tr;0.6;2;23;16;Tr;Tr;0.14;;Tr;0.14;0.2;0.06;Tr;10;Tr
Breakfast cereal, oat, instant, plain, fortified, cooked, made up with semi-skimmed milk;0;4.9;2.5;14.2;95;403;4.2;2.0;1.08;40;199;323;28;145;2.00;Tr;0.7;3;30;16;8;0.7;0.14;;0.18;0.27;2.4;0.34;1.1;36;Tr
Breakfast cereal, puffed wheat, honey coated, fortified;0;4.7;1.2;86.8;355;1513;36.8;3.1;0.16;20;188;16;49;148;8.00;0.14;1.1;18;Tr;0;0;0.0;0.57;;1.00;1.00;10.0;0.36;0.0;13;0
Breakfast cereal, puffed wheat, unfortified;0;13.2;2.0;72.0;341;1450;0.2;7.8;0.34;2;410;27;120;356;2.54;0.36;2.7;53;Tr;0;0;0.0;0.99;;Tr;0.03;8.6;0.11;0.0;13;0
Breakfast cereal, rice, chocolate flavoured, fortified;0;4.6;2.3;89.6;375;1597;37.7;2.0;1.20;320;146;456;41;141;11.00;0.24;2.6;2;Tr;Tr;Tr;4.6;N;;1.10;1.40;15.2;1.50;1.9;180;0
Breakfast cereal, rice, toasted/crisp, fortified;0;5.7;1.0;91.2;374;1593;12.4;0.7;0.22;370;146;9;41;141;11.00;0.24;2.6;2;Tr;0;0;4.6;0.16;;1.10;1.40;15.3;1.50;1.8;180;0
Breakfast cereal, Ricicles, Kellogg's;0;3.8;0.4;95.4;377;1606;39.1;0.3;0.09;460;N;N;N;N;7.90;N;N;N;N;0;0;4.2;N;;1.20;1.30;15.0;1.70;0.9;177;0
Breakfast cereal, shredded wheat type with fruit, unfortified;0;8.4;1.7;74.0;326;1389;18.7;8.8;0.25;21;388;34;61;195;3.50;0.39;1.2;14;N;0;30;0.1;0.71;;0.30;0.28;5.4;0.74;0.0;112;Tr
Breakfast cereal, shredded wheat type, unfortified;0;10.9;2.5;71.2;333;1417;0.6;12.2;0.34;4;340;39;86;271;2.80;0.50;1.8;14;Tr;0;0;0.0;0.57;;0.15;0.04;5.2;0.18;0.0;27;0
Breakfast cereal, Shredded Wheat, honey nut, Nestle;0;9.8;5.4;72.8;361;1531;19.6;9.2;1.83;7;312;35;73;221;2.30;0.38;1.6;8;Tr;0;0;0.0;0.70;;N;N;N;N;0.0;N;0
Breakfast cereal, wheat and multigrain, chocolate flavoured, fortified;0;6.5;4.1;83.2;375;1594;30.5;6.3;1.37;180;355;N;52;143;10.70;0.35;1.0;3;2;Tr;Tr;N;0.79;;1.00;1.20;13.6;1.40;1.4;171;N
Breakfast cereal, wheat biscuits, Weetabix type, fortified;0;10.5;1.9;72.7;332;1412;3.9;9.7;0.26;260;397;30;83;259;11.90;0.39;1.7;5;Tr;0;0;0.0;1.45;1.50;1.00;1.20;14.0;0.22;0.0;170;0
Breakfast cereal, wheat biscuits, Weetabix type, unfortified;0;10,5;1.9;72,7;332;1412;3,9;9.7;0.26;278;415;36;107;310;3.45;0.38;2.3;5;Tr;0;0;0.0;1.45;;Tr;0.06;6.4;0.26;0.0;36;0
Bream, Sea, raw;0;17.5;2.9;0.0;96;405;0.0;;N;110;270;40;23;230;0.50;0.05;0.3;N;N;N;Tr;N;N;;0.08;0.10;5.4;0.46;2.0;N;Tr
Broccoli in cheese sauce, made with semi-skimmed milk, homemade;0;7.3;7.5;5.9;118;493;3.0;2.7;4.52;130;316;169;22;151;0.74;0.06;1.1;2;17;77;390;0.1;1.18;;0.09;0.19;0.5;0.10;0.6;33;25
Broccoli in cheese sauce, made with skimmed milk, homemade;0;7.3;6.9;5.9;114;475;3.0;2.5;4.18;130;318;170;22;151;0.75;0.05;1.1;2;17;70;387;0.1;1.17;;0.09;0.18;0.5;0.10;0.6;33;24
Broccoli in cheese sauce, made with whole milk, homemade;0;7.3;8.2;5.8;124;521;2.9;2.5;5.00;129;316;168;22;151;0.74;0.06;1.1;2;18;84;392;0.1;1.19;;0.09;0.19;0.5;0.10;0.6;34;24
Broccoli, green, boiled in salted water;0;3.3;0.5;2.8;28;120;1.6;2.8;0.12;150;212;35;14;59;0.60;0.05;0.4;1;2;0;598;0.0;1.67;135.00;0.04;0.06;0.5;0.11;0.0;34;44
Broccoli, green, boiled in unsalted water;0;3.3;0.5;2.8;28;120;1.6;2.8;0.12;6;212;35;14;59;0.60;0.05;0.4;1;2;0;598;0.0;1.67;135.00;0.04;0.06;0.5;0.11;0.0;34;44
Broccoli, green, raw;0;4.3;0.6;3.2;34;146;1.9;4.0;0.15;9;397;48;22;81;1.06;0.08;0.7;1;2;0;581;0.0;1.72;185.00;0.15;0.12;0.8;0.13;0.0;95;79
Broccoli, green, steamed;0;4.1;0.5;3.5;34;142;2.0;3.8;0.12;7;373;44;21;74;0.75;0.08;0.6;1;2;0;364;0.0;1.84;;0.29;0.15;0.8;0.13;0.0;72;60
Broccoli, purple sprouting, boiled in unsalted water;0;2.1;0.6;1.3;19;80;0.9;;0.10;6;170;110;12;61;1.00;0.02;0.3;Tr;2;0;385;0.0;1.10;;0.05;0.11;0.1;0.23;0.0;140;44
Broccoli, purple sprouting, raw;0;3.9;1.1;2.6;35;148;2.1;;0.20;10;380;200;24;57;1.90;0.02;0.5;Tr;2;0;685;0.0;1.30;;0.10;0.12;0.1;0.25;0.0;195;110
Brown fruity sauce;0;1.2;0.1;22.2;98;418;19.6;N;Tr;510;330;35;53;21;1.20;0.10;0.2;N;N;0;40;0.0;N;;0.13;0.09;0.1;0.10;0.0;8;Tr
Brown sauce, reduced salt/sugar;0;0,7;0.1;20;88;374;14,1;N;Tr;390;221;23;36;14;0.80;0.07;0.1;N;N;0;40;0.0;N;;0.09;0.06;0.1;0.07;0.0;5;Tr
Brownies, chocolate, homemade;0;6.2;30.8;54.3;506;2114;46.1;N;16.43;187;217;44;60;135;1.75;0.49;1.1;5;18;233;136;0.8;1.27;;0.07;0.12;0.4;0.08;0.6;14;Tr
Brussels sprouts, boiled in unsalted water;0;3,1;0,4;4,2;32;135;3,7;3,2;0,09;5;404;26;17;71;0,6;0,04;0,3;1;1;0;160;0;0,32;127;0,05;0,07;0,4;0,23;0;124;40
Brussels sprouts, raw;0;3.5;1.4;4.1;42;177;3.1;N;0.30;6;450;26;8;77;0.70;0.02;0.5;N;1;0;215;0.0;1.00;153.00;0.15;0.11;0.2;0.37;0.0;135;115
Bubble and squeak, fried in rapeseed oil, homemade;0;1.7;9.0;10.1;126;525;1.6;1.9;0.62;3;282;31;14;31;0.39;0.05;0.2;1;1;0;162;0.0;2.12;;0.18;0.03;0.3;0.07;0.0;30;28
Bubble and squeak, fried in sunflower oil, homemade;0;1.7;9.1;10.2;128;530;1.6;1.9;1.11;3;283;30;14;31;0.39;0.05;0.2;1;1;0;160;0.0;4.56;;0.18;0.03;0.3;0.07;0.0;29;27
Buckwheat, groats;0;8.1;1.5;84.9;364;1522;0.4;;;1;220;12;48;150;2.00;0.70;2.6;9;N;;;0.0;Tr;;0.28;0.07;2.8;0.40;0.0;N;0
Build up, powder, shake, assorted flavours;0;20.5;0.7;63.0;325;1383;62.0;8.2;0.40;250;1070;725;263;600;13.38;4.90;14.0;N;150;900;Tr;4.5;10.00;;1.60;2.60;16.0;2.20;2.3;180;65
Build-up powder, soup, assorted flavours;0;14.4;14.9;57.3;407;1713;14.3;6.5;4.60;980;767;763;232;541;10.50;N;10.7;N;102;583;N;3.6;6.40;;1.70;1.10;12.9;1.50;1.6;146;60
Burger, beef, 62-85% beef, raw;0;15.9;15.2;4.9;219;911;2.7;0.7;5.72;330;210;32;18;170;2.10;0.11;2.5;N;N;4;Tr;N;N;;0.07;0.23;2.6;0.17;2.0;12;Tr
Burger, beef, 62-85%, beef, grilled;0;18.3;13.8;8.5;229;958;2.1;0.6;5.22;440;270;40;25;200;2.50;0.15;1.2;N;N;5;Tr;N;N;;0.07;0.07;3.8;0.17;2.0;24;Tr
Burger, beef, 98-99% beef, fried in vegetable oil;0;28.5;23.9;0.1;329;1370;0.1;0.7;10.70;470;420;12;26;240;2.80;0.13;6.3;10;13;Tr;Tr;1.9;0.54;;Tr;0.22;5.5;0.31;3.0;8;0
Burger, beef, 98-99% beef, grilled;0;26.5;24.4;0.1;326;1355;0.1;0.7;10.90;400;380;10;22;210;2.50;0.13;6.1;9;12;Tr;Tr;1.8;0.39;;0.01;0.20;5.1;0.31;3.0;10;0
Burger, beef, 98-99% beef, raw;0;17.1;24.7;0.1;291;1206;0.1;0.5;10.71;290;290;7;16;150;1.70;0.12;3.8;8;8;Tr;Tr;1.2;0.28;;0.01;0.15;3.5;0.28;2.0;9;0
Burger, beef, fried in rapeseed oil, homemade;0;23.9;21.9;1.1;297;1233;0.8;0.3;8.32;109;331;20;22;205;1.83;0.01;4.6;11;16;14;2;1.2;0.89;;0.08;0.17;5.3;0.36;2.6;17;0
Burger, beef, grilled, homemade;0;25.0;20.3;1.1;288;1195;0.9;0.3;8.54;114;346;21;23;215;1.92;0.01;4.8;11;17;15;2;1.2;0.36;;0.08;0.18;5.6;0.37;2.2;20;0
Burger, beef, with bun, fried in rapeseed oil, homemade;0;21.0;18.6;10.3;291;1212;1.1;0.2;6.93;194;289;41;24;194;1.92;0.03;3.8;11;17;N;2;N;0.72;;0.11;0.16;4.6;0.30;2.1;23;0
Burger, beef, with bun, grilled, homemade;0;21.9;17.4;10.3;283;1181;1.1;N;7.11;198;301;42;25;203;1.99;0.03;4.0;11;17;N;2;N;0.29;;0.11;0.16;4.8;0.31;1.8;25;0
Burger, Big Mac, takeaway;0;13.1;11.2;20.9;232;972;3.9;1.9;4.70;390;142;68;22;142;0.90;N;N;N;N;2;N;0.3;0.23;;0.05;0.11;N;0.01;N;N;1
Burger, cheeseburger, takeaway;0;13.6;10.4;28.3;254;1069;5.7;1.4;4.90;560;210;85;27;230;1.10;0.13;3.0;15;15;24;23;0.3;0.26;;0.17;0.18;2.2;0.19;2.0;23;N
Burger, chicken, takeaway;0;12.5;10.8;23.4;235;987;N;1.3;N;560;190;19;N;N;0.40;N;N;9;N;N;N;N;N;;0.26;0.07;4.3;0.28;N;N;N
Burger, chicken/turkey, coated, retail, grilled;0;14.2;15.5;18.7;266;1113;0.9;0.8;2.63;383;337;41;23;160;0.98;0.09;0.8;9;3;Tr;Tr;Tr;2.47;;0.10;0.11;7.2;0.42;2.8;21;0
Burger, hamburger, takeaway;0;13.5;8.3;31.2;246;1036;6.6;1.8;3.50;480;210;40;28;170;1.20;0.12;3.0;16;13;N;Tr;0.3;0.22;;0.19;0.12;2.5;0.18;1.0;24;N
Burger, Quarter Pounder with cheese, takeaway;0;16.3;13.2;21.2;263;1102;5.5;1.6;6.80;463;168;110;22;141;1.00;N;N;N;N;Tr;N;0.2;0.14;;0.04;0.12;N;0.06;N;N;Tr
Burger, Whopper, takeaway;0;10.4;12.1;19.2;223;932;4.2;1.2;3.30;357;230;50;20;130;1.80;0.09;2.2;12;13;7;94;0.2;1.80;;0.15;0.11;2.4;0.13;1.0;25;2
Butter, salted;0;0.6;82.2;0.6;744;3059;0.6;0.0;52.09;730;27;18;2;23;Tr;0.01;0.1;Tr;38;958;608;0.9;1.85;7.40;Tr;0.07;Tr;Tr;0.3;Tr;Tr
Butter, spreadable (75-80% fat);0;0.4;79.1;0.5;715;2941;0.5;0.0;34.15;484;16;11;1;12;0.04;Tr;0.1;Tr;4;521;243;0.6;10.50;;Tr;0.04;Tr;Tr;0.1;Tr;Tr
Butter, spreadable, light (60% fat);0;0.5;60.2;0.8;547;2248;0.8;0.0;25.70;467;26;17;Tr;15;0.25;Tr;0.1;1;8;380;342;0.4;8.27;;Tr;0.03;Tr;Tr;0.1;Tr;Tr
Butter, unsalted;0;0.6;82.2;0.6;744;3059;0.6;0.0;52.09;8;27;18;2;23;Tr;0.01;0.1;Tr;38;958;608;0.9;1.85;7.40;Tr;0.07;Tr;Tr;0.3;Tr;Tr
Butteroil, unsalted;0;0.6;99.3;Tr;896;3684;Tr;;65.60;15;18;18;2;29;0.20;0.04;0.1;Tr;46;990;525;0.9;2.40;;Tr;0.02;Tr;Tr;Tr;Tr;0
Cabbage leaves, stuffed with lamb and rice, homemade;0;7.1;4.2;8.3;100;418;1.6;1.5;1.80;153;190;30;13;80;0.76;0.06;1.2;3;5;6;N;0.3;0.18;;N;N;N;N;0.5;N;7
Cabbage, average, boiled in unsalted water;0;1.1;0.2;2.8;17;70;2.8;2.2;0.02;5;172;47;9;24;0.34;0.02;0.1;1;1;0;159;0.0;0.15;121.10;0.13;0.03;0.3;0.06;0.0;38;32
Cabbage, average, raw;0;1.8;0.2;4.4;26;108;4.4;3.5;0.02;7;258;56;13;32;0.45;0.04;0.2;1;2;0;227;0.0;0.06;151.00;0.28;0.03;0.5;0.13;0.0;65;48
Cabbage, Chinese, raw;0;1.0;0.2;1.4;12;49;1.4;;Tr;7;230;54;7;27;0.60;0.02;0.2;N;N;0;70;0.0;N;;0.09;Tr;0.2;0.11;0.0;77;21
Cabbage, green, boiled in unsalted water;0;1.5;0.2;2.3;17;70;2.3;2.2;0.04;5;187;54;9;29;0.40;0.03;0.2;1;1;0;317;0.0;0.27;201.00;0.15;0.05;0.3;0.07;0.0;40;45
Cabbage, green, raw;0;2.4;0.2;4.1;27;114;4.1;4.1;0.04;7;288;56;14;37;0.52;0.04;0.3;1;1;0;454;0.0;0.08;242.00;0.33;0.04;0.6;0.14;0.0;45;48
Cabbage, red, boiled in unsalted water;0;0.8;0.3;2.3;15;61;2.0;2.3;Tr;6;130;44;6;34;0.30;0.01;0.1;2;2;0;12;0.0;0.20;;0.02;0.01;0.2;0.04;0.0;31;32
Cabbage, red, cooked with apple;0;0.9;2.6;7.9;57;241;7.5;0.1;0.77;30;204;46;8;30;0.33;0.02;0.1;1;2;N;36;N;N;;0.02;0.01;0.3;0.06;0.0;14;21
Cabbage, red, raw;0;1.1;0.3;3.7;21;89;3.3;2.9;Tr;8;250;60;9;37;0.40;0.01;0.1;2;2;0;15;0.0;0.20;;0.02;0.01;0.4;0.09;0.0;39;55
Cabbage, white, boiled in unsalted water;0;0.8;0.1;3.2;16;69;3.2;2.1;Tr;5;156;39;8;18;0.27;0.02;0.1;Tr;1;0;Tr;0.0;0.03;41.21;0.10;0.01;0.2;0.05;0.0;35;18
Cabbage, white, raw;0;1.2;0.1;4.8;24;101;4.8;3.0;Tr;7;227;56;12;26;0.39;0.03;0.2;1;2;0;Tr;0.0;0.05;60.00;0.23;0.02;0.3;0.12;0.0;84;47
Cake bars, chocolate;0;5.0;21.6;57.5;430;1804;41.5;1.9;9.90;235;236;96;34;164;1.64;0.27;0.7;3;14;37;29;1.3;2.93;;0.05;0.17;0.4;0.01;Tr;4;0
Cake rusks;0;8.7;23.1;55.7;452;1894;24.6;1.6;8.08;359;172;119;20;295;1.51;0.12;0.8;N;N;0;0;N;6.18;;0.01;0.12;0.6;N;0.2;21;0
Cake, battenberg, retail;0;4.4;9.9;65.9;354;1495;56.8;1.5;3.08;137;174;107;18;134;0.58;0.13;0.4;3;N;N;Tr;N;1.14;;0.03;0.06;0.4;0.04;0.1;8;0
Cake, carrot, iced, retail;0;4.2;20.2;46.8;374;1569;34.5;1.9;5.14;220;140;101;14;169;0.92;0.16;0.5;4;N;70;547;Tr;2.30;;0.07;0.08;0.4;0.09;0.2;9;2
Cake, carrot, with topping, homemade;0;4.0;21.1;37.7;346;1447;23.7;1.5;5.19;214;152;81;19;175;0.83;0.10;0.5;3;N;N;937;N;N;1.80;0.08;0.09;0.4;0.10;0.2;11;1
Cake, cherry, homemade;0;5.0;14.4;66.5;398;1680;40.0;N;4.67;227;85;61;11;113;1.17;0.09;0.5;5;N;N;116;N;N;;0.07;0.11;0.4;0.05;0.6;7;Tr
Cake, chocolate fudge;0;5.2;14.3;55.7;358;1509;43.5;1.9;4.57;265;357;67;45;156;3.11;0.38;0.8;4;N;30;30;0.4;1.45;;0.05;0.06;0.5;Tr;Tr;7;Tr
Cake, chocolate, not filled, homemade;0;7.3;24.1;51.3;438;1835;28.5;N;8.28;351;200;63;48;205;1.80;0.40;1.0;N;N;N;186;N;N;0.31;0.09;0.15;0.6;0.07;0.8;12;0
Cake, chocolate, with butter icing, homemade;0;5.8;25.2;53.8;452;1895;35.7;N;10.43;334;162;52;38;164;1.49;0.32;0.8;N;N;N;192;N;N;;0.07;0.12;0.5;0.06;0.6;10;Tr
Cake, chocolate, with filling and icing, retail;0;4.5;23.7;48.6;413;1730;36.6;2.9;9.46;259;340;144;39;212;3.06;0.35;0.7;3;14;45;21;0.4;1.14;;0.05;0.12;0.6;0.05;0.2;13;0
Cake, coconut, homemade;0;6.7;22.1;52.6;423;1773;21.3;N;10.44;388;175;83;21;251;1.42;0.14;0.7;6;N;N;131;N;N;;0.10;0.13;0.7;0.08;0.6;9;0
Cake, fruit, retail;0;4.5;12.1;55.2;334;1408;39.6;3.0;4.64;193;385;74;20;113;1.55;0.21;0.4;4;N;39;Tr;Tr;1.50;7.26;0.09;0.06;1.0;0.08;0.1;Tr;Tr
Cake, fruit, rich, homemade;0;4.0;11.1;61.5;349;1474;49.6;N;6.48;133;474;73;23;75;2.00;0.26;0.5;3;N;127;76;0.5;0.39;;0.08;0.09;0.6;0.11;0.4;11;Tr
Cake, fruit, rich, iced, homemade;0;3.7;9.6;67.0;355;1501;58.9;N;4.53;98;351;61;27;73;1.56;0.22;0.5;3;N;85;51;0.4;1.28;;0.06;0.10;0.5;0.08;0.3;10;Tr
Cake, fruit, wholemeal, homemade;0;5.8;14.1;52.4;366;1540;29.2;N;4.59;240;297;70;28;167;1.63;0.18;0.7;N;N;N;117;N;N;;0.10;0.11;1.2;0.12;0.4;8;Tr
Cake, lardy, homemade;0;6.7;15.7;53.7;369;1554;10.0;2.3;6.44;18;175;104;19;108;1.29;0.13;N;2;17;7;5;N;0.50;;0.14;0.13;1.2;0.99;0.3;29;1
Cake, loaf, retail;0;3.3;11.0;56.2;323;1362;33.5;1.4;3.16;366;154;34;8;46;0.52;Tr;0.4;4;N;25;7;N;1.69;;0.06;0.07;0.4;0.04;0.2;6;0
Cake, sponge, fatless, homemade;0;9.9;5.6;53.9;292;1240;30.6;1.2;1.59;91;136;57;15;137;1.62;0.11;0.9;14;29;73;Tr;1.9;0.92;;0.10;0.26;0.5;0.10;1.6;16;0
Cake, sponge, homemade;0;6.4;26.4;53.1;463;1935;30.3;1.1;15.69;430;105;109;12;246;1.04;0.09;0.6;7;25;309;173;1.2;1.08;;0.08;0.15;0.5;0.07;0.9;9;Tr
Cake, sponge, soft iced, retail;0;4.8;15.8;55.0;368;1546;39.0;1.3;6.21;251;197;81;14;144;0.90;0.11;0.4;4;Tr;43;12;Tr;1.80;;0.06;0.08;0.9;0.08;0.2;Tr;N
Cake, sponge, with butter icing, homemade;0;4.5;27.3;56.2;476;1991;40.0;0.8;16.57;382;79;79;9;175;0.82;0.08;0.4;5;22;319;186;0.9;0.95;;0.06;0.11;0.3;0.05;0.7;6;Tr
Cake, sponge, with dairy cream and jam, frozen;0;4.3;10.9;43.9;280;1179;24.3;2.7;N;218;83;33;6;171;0.42;0.04;0.3;4;12;77;40;0.4;N;;0.10;0.10;0.4;0.01;0.3;7;Tr
Cake, sponge, with jam and butter cream, retail;0;3.7;14.8;55.1;354;1492;37.6;1.2;6.96;220;132;72;8;162;0.68;0.08;0.3;4;7;107;55;Tr;1.19;;0.05;0.06;0.5;0.04;0.4;Tr;Tr
Cake, Swiss roll, homemade;0;7.4;4.2;58.4;286;1214;42.2;0.8;1.18;75;109;45;12;103;1.23;0.08;0.7;11;23;54;Tr;1.4;0.68;;0.07;0.19;0.3;0.07;1.2;12;2
Cake, Swiss rolls, chocolate covered and filled, retail;0;4.5;22.7;51.0;414;1733;41.2;3.1;11.68;259;331;85;44;186;2.66;0.34;0.8;3;14;45;21;Tr;1.14;;0.05;0.12;0.6;0.05;0.2;13;0
Cakes from 'healthy eating' ranges;0;3.3;2.5;58.8;257;1091;47.4;2.6;1.22;70;115;103;9;186;0.88;0.17;0.4;4;Tr;7;2;Tr;0.28;;0.06;0.08;0.9;0.08;0.2;Tr;N
Cakes, crispie, homemade;0;5.5;18.0;73.7;460;1938;43.0;N;10.64;169;232;23;66;123;5.67;0.49;1.3;5;2;9;33;1.7;0.96;;0.43;0.56;6.0;0.58;0.7;N;0
Cakes, fancy iced, individual, retail;0;3.3;16.8;57.6;381;1600;44.1;1.1;5.86;275;147;72;10;148;0.92;0.06;0.3;3;Tr;Tr;Tr;Tr;2.61;;0.06;0.07;0.5;0.03;0.2;7;Tr
Calamari, coated in batter, baked;0;8.5;17.5;25.9;288;1206;Tr;1.9;2.07;1182;88;41;33;259;0.52;0.12;0.8;17;3;64;Tr;Tr;0.75;;0.05;0.40;1.2;0.03;1.7;3;Tr
Callaloo and cho cho, homemade;0;1.9;6.6;2.6;77;317;2.2;N;2.84;119;348;105;35;35;1.32;N;0.5;N;N;48;2110;0.0;N;229.93;0.05;0.05;0.7;N;0.0;N;10
Callaloo and okra, homemade;0;1.8;6.4;2.2;73;303;1.9;N;2.75;98;300;98;34;33;1.11;0.04;0.4;1;N;47;1680;0.0;N;175.88;0.06;0.04;0.6;0.09;0.0;32;8
Cannelloni, spinach, homemade;0;5.2;6.9;15.4;140;589;2.0;N;1.81;74;123;122;17;92;0.61;N;0.6;N;N;34;634;N;1.30;;0.06;0.12;0.5;0.05;0.4;N;2
Cannelloni, vegetable, homemade;0;4.9;8.5;15.5;155;648;2.4;N;2.87;65;117;102;13;91;0.42;0.05;0.6;N;N;53;369;N;1.23;;0.06;0.12;0.4;0.05;0.4;4;3
Caramel bars and sweets, chocolate covered;0;4.2;23.6;70.2;493;2068;56.0;0.7;13.78;160;297;154;37;156;1.27;0.17;0.8;2;40;90;15;Tr;1.46;;0.02;0.30;0.2;Tr;Tr;4;0
Caraway seeds;0;19.8;14.6;N;N;N;N;;0.60;17;1350;950;260;510;32.30;1.06;5.2;N;N;0;215;0.0;N;;0.38;0.38;3.6;N;0.0;0;0
Carbonnade of Beef, homemade;0;12.7;6.5;5.2;134;560;2.7;0.8;2.12;230;244;18;17;114;1.21;0.05;2.8;4;N;Tr;5;0.4;N;1.39;0.10;0.12;2.1;0.25;0.8;6;0
Cardamom, ground;0;10.8;6.7;N;N;N;N;;N;18;1120;130;230;170;100.00;1.30;2.6;N;N;0;Tr;0.0;N;;0.20;0.18;1.1;N;0.0;0;0
Carp, raw;0;17.5;4.7;0.0;112;471;0.0;;0.90;43;360;47;36;240;0.90;0.06;1.0;28;N;N;Tr;N;0.63;;0.09;0.07;2.5;0.17;2.0;N;Tr
Carrot juice;0;0.5;0.1;5.7;24;103;5.7;0.6;Tr;51;240;16;8;25;0.20;0.04;0.1;Tr;Tr;0;8115;0.0;0.09;;0.03;0.07;0.7;0.14;0.0;12;N
Carrots, old, boiled in unsalted water;0;0.5;0.5;6.0;29;123;5.5;2.8;0.15;29;166;31;8;17;0.34;0.04;0.1;Tr;Tr;0;11097;0.0;0.09;5.50;0.09;0.02;0.2;0.04;0.0;8;3
Carrots, old, microwaved;0;0.6;0.2;7.5;32;138;7.2;2.8;0.06;44;267;36;11;23;0.25;0.05;0.2;Tr;Tr;0;11321;0.0;0.09;;0.14;0.02;0.3;0.06;0.0;17;3
Carrots, old, raw;0;0.5;0.4;7.7;34;146;7.2;3.9;0.10;27;178;26;7;16;0.23;0.03;0.1;Tr;Tr;0;11764;0.0;0.09;5.50;0.13;0.01;0.2;0.06;0.0;8;2
Carrots, young, boiled in unsalted water;0;0.6;0.4;4.4;22;93;4.2;N;0.10;23;160;30;6;15;0.40;0.02;0.2;1;2;0;7703;0.0;0.56;9.20;0.05;0.01;0.1;0.05;0.0;17;2
Carrots, young, canned in water, re-heated, drained;0;0.5;0.3;4.2;20;87;3.7;2.6;0.10;Tr;110;25;5;14;0.60;0.04;0.1;1;N;0;2070;0.0;0.64;;0.01;0.02;0.2;0.07;0.0;8;1
Carrots, young, raw;0;0.7;0.5;6.0;30;125;5.6;N;0.10;40;240;34;9;25;0.40;0.02;0.2;1;2;0;7807;0.0;0.56;9.20;0.04;0.02;0.2;0.07;0.0;28;4
Cashew fruit, flesh only;0;0.9;0.4;6.8;33;139;6.8;;N;7;120;9;N;25;0.80;N;N;N;N;0;115;0.0;N;;0.03;0.03;0.4;N;0.0;N;220
Cashew nuts, kernel only, plain;0;17.7;48.2;18.1;573;2374;4.6;;9.50;15;710;32;270;560;6.20;2.11;5.9;29;11;0;6;0.0;0.85;;0.69;0.14;1.2;0.49;0.0;67;0
Cashew nuts, kernel only, roasted and salted;0;20.5;50.9;18.8;611;2533;5.6;4.3;10.10;290;730;35;250;510;6.20;2.04;5.7;34;11;0;6;0.0;1.30;;0.41;0.16;1.3;0.43;0.0;68;0
Cassava, baked;0;0.7;0.2;40.1;155;661;1.6;;0.10;5;350;19;26;36;0.50;0.09;0.7;N;N;0;Tr;0.0;N;;0.04;0.02;0.3;N;0.0;11;17
Cassava, boiled in unsalted water;0;0.5;0.2;33.5;130;552;1.4;;0.10;4;260;17;18;39;0.50;0.09;0.3;N;N;0;Tr;0.0;N;;0.04;0.02;0.3;N;0.0;11;17
Cassava, frozen, raw;0;0.6;0.2;36.3;140;599;1.0;;0.10;9;360;17;21;43;0.10;0.09;0.3;N;N;0;Tr;0.0;N;;0.02;0.01;0.4;N;0.0;13;18
Cassava, raw;0;0.6;0.2;36.8;142;607;1.5;;0.10;5;330;18;21;34;0.50;0.09;0.6;N;N;0;Tr;0.0;N;;0.06;0.02;0.5;N;0.0;19;31
Cassava, steamed;0;0.6;0.2;36.8;142;607;1.5;;0.10;4;340;18;22;35;0.50;0.09;0.8;N;N;0;Tr;0.0;N;;0.04;0.02;0.3;N;0.0;11;23
Casserole, bean and mixed vegetable, homemade;0;2.7;0.7;6.6;42;178;3.4;N;0.11;58;211;20;16;54;0.62;0.06;0.3;1;N;0;2013;0.0;0.43;1.78;0.15;0.18;1.2;0.11;0.0;58;14
Casserole, bean and root vegetable, homemade;0;3.0;0.6;8.4;48;206;3.2;N;0.08;34;260;24;18;54;0.75;0.07;0.3;1;N;0;1109;0.0;0.57;2.67;0.15;0.12;1.0;0.11;0.0;41;6
Casserole, beef, made with cook-in sauce;0;15.0;6.6;4.8;137;576;2.7;0.7;2.75;302;317;18;19;139;1.32;0.03;4.0;5;12;Tr;173;0.4;0.66;;0.09;0.16;2.5;0.26;1.1;20;1
Casserole, pork and apple, homemade;0;11.0;2.9;7.5;100;420;4.3;0.5;0.66;176;240;14;15;111;0.54;0.03;0.9;7;3;Tr;7;0.2;0.31;;0.36;0.09;2.9;0.25;0.4;2;4
Casserole, pork, made with cook-in sauce;0;17.0;7.9;4.0;154;646;2.3;0.7;2.68;183;374;17;22;177;0.83;0.04;1.4;11;4;Tr;144;0.5;0.66;;0.59;0.15;4.6;0.37;0.6;3;1
Casserole, rabbit, homemade;0;11.4;4.8;2.2;97;406;1.1;0.6;1.37;390;218;16;14;115;0.60;0.04;0.7;8;N;N;1670;N;0.31;;0.07;0.08;3.4;0.22;3.8;3;1
Casserole, sausage, homemade;0;11.9;10.9;5.2;165;685;2.0;1.6;3.65;443;247;32;18;136;0.82;0.10;1.2;6;4;Tr;12;0.5;0.65;;0.35;0.10;2.7;0.21;0.5;7;1
Casserole, sweet potato and green banana, homemade;0;1.2;6.5;31.2;181;763;24.6;N;4.09;79;285;19;34;38;0.52;0.12;0.3;1;7;74;2185;0.1;0.35;0.76;0.05;0.02;0.5;0.11;0.0;6;13
Casserole, vegetable, homemade;0;2.1;0.4;10.6;52;220;5.1;2.4;0.07;36;311;24;17;46;0.58;0.07;0.3;1;3;0;1352;0.0;0.78;;0.20;0.11;1.3;0.12;0.0;33;8
Catfish, flesh only, steamed;0;21.4;3.7;0.0;119;501;0.0;;0.50;110;320;18;36;240;0.60;0.07;0.9;N;120;N;Tr;0.7;2.80;;0.23;0.09;2.7;0.46;3.0;N;Tr
Catfish, flesh only, steamed, weighed with bones;0;18.2;3.1;0.0;101;426;0.0;;0.40;92;270;15;31;200;0.50;0.06;0.8;N;100;N;Tr;0.6;2.38;;0.20;0.08;2.3;0.39;2.0;N;Tr
Catfish, raw;0;17.6;2.8;0.0;96;403;0.0;;0.40;95;280;20;27;180;0.50;0.05;0.7;N;90;N;Tr;0.5;2.10;;0.19;0.07;2.3;0.35;2.0;N;Tr
Cauliflower cheese, made with semi-skimmed milk, homemade;0;5.3;5.9;6.2;97;407;3.2;1.3;3.05;104;223;116;14;101;0.37;0.03;0.7;2;10;N;33;N;N;;0.05;0.13;0.4;0.10;0.5;22;20
Cauliflower cheese, made with skimmed milk, homemade;0;5.3;5.6;6.2;94;394;3.2;1.3;2.81;105;224;117;14;102;0.37;0.03;0.7;2;N;N;30;N;N;21.61;0.05;0.14;0.4;0.11;0.4;23;19
Cauliflower cheese, made with whole milk, homemade;0;5.3;6.4;6.1;102;425;3.1;1.3;3.36;104;223;116;14;101;0.37;0.03;0.7;2;N;N;34;N;N;21.90;0.05;0.14;0.4;0.11;0.4;23;19
Cauliflower cheese, retail;0;4.2;5.8;5.0;88;366;1.9;1.6;N;200;309;119;18;119;0.57;0.03;0.8;1;9;N;N;N;N;;0.11;0.11;0.4;0.18;N;N;N
Cauliflower in white sauce, made with semi-skimmed milk, homemade;0;2.7;3.2;6.0;63;263;3.3;1.4;1.80;38;204;58;12;67;0.35;0.02;0.3;1;N;23;52;0.2;0.89;;0.06;0.11;0.3;0.12;0.1;36;18
Cauliflower in white sauce, made with skimmed milk, homemade;0;2.8;2.8;6.0;58;244;3.3;1.4;1.46;38;206;60;13;67;0.36;0.02;0.3;1;N;24;15;Tr;0.13;;0.08;0.10;0.4;0.12;0.3;34;20
Cauliflower in white sauce, made with whole milk, homemade;0;2.7;4.2;6.2;72;300;3.2;1.4;2.38;39;204;58;13;67;0.36;0.02;0.3;1;N;39;21;Tr;0.90;;0.07;0.10;0.3;0.12;0.3;34;20
Cauliflower with onions and chilli pepper, homemade;0;1.8;3.4;4.6;55;231;3.3;2.0;0.34;7;212;23;12;44;0.46;0.03;0.2;1;1;0;5;0.0;0.73;26.58;0.09;0.03;0.4;0.16;0.0;42;27
Cauliflower, boiled in unsalted water;0;1.9;0.9;3.5;29;122;2.4;1.9;0.20;7;215;19;12;45;0.45;0.03;0.2;1;N;0;Tr;0.0;0.11;28.50;0.09;0.03;0.4;0.15;0.0;48;30
Cauliflower, raw;0;2.5;0.4;4.4;30;128;2.9;1.8;0.09;7;252;17;12;37;0.42;0.03;0.3;1;N;0;Tr;0.0;0.09;31.00;0.06;0.09;0.6;0.14;0.0;55;56
Caviare, bottled in brine, drained;0;10.9;5.4;0.0;92;385;0.0;;0.80;2120;60;10;3;N;0.50;N;1.1;N;N;Tr;Tr;N;N;;Tr;0.09;Tr;N;N;N;0
Celeriac, boiled in unsalted water;0;0.9;0.5;1.9;15;62;1.5;N;N;79;330;34;13;52;0.70;0.03;0.2;N;N;0;26;0.0;N;;0.13;0.02;0.2;0.06;0.0;37;6
Celeriac, raw;0;1.2;0.4;2.3;18;73;1.8;;N;91;460;40;21;63;0.80;0.04;0.3;N;N;0;26;0.0;N;;0.18;0.02;0.2;0.08;0.0;51;14
Celery seeds;0;18.1;25.3;N;N;N;N;;2.20;160;1400;1770;440;550;44.90;1.37;5.7;N;N;0;30;0.0;N;;N;N;N;N;0.0;0;0
Celery, boiled in unsalted water;0;0,3;0,1;0,8;5;21;0,8;0,8;Tr;43;170;23;4;11;0,03;0,01;Tr;Tr;1;0;11;0;0,03;4,9;0,01;0,01;0,1;0,01;0;4;Tr
Celery, raw;0;0,5;0,1;1,4;9;36;1,4;1,5;Tr;77;304;41;6;20;0,06;0,01;0,1;Tr;1;0;20;0;0,06;4,9;0,03;0,02;0,3;0,03;0;11;1
Cereal bars, with fruit and/or nuts, no chocolate, unfortified;0;5.6;10.7;62.9;354;1497;34.3;6.2;3.85;65;308;51;50;177;1.81;0.24;1.0;2;1;Tr;Tr;Tr;1.74;;0.18;0.08;1.5;0.07;Tr;10;2
Cereal bars, with fruit and/or nuts, with chocolate, unfortified;0;6.0;18.3;66.0;436;1835;40.7;5.1;8.43;221;309;73;58;182;1.92;0.32;1.2;2;6;Tr;Tr;Tr;2.24;;0.18;0.08;1.5;0.07;0.1;10;Tr
Chapatis, made with fat, retail;0;8.1;12.8;48.3;328;1383;1.8;N;N;300;160;66;41;130;2.30;0.20;1.1;4;N;N;0;N;N;;0.26;0.04;1.7;0.20;0.0;15;0
Chapatis, made without fat;0;7.3;1.0;43.7;202;860;1.6;;0.10;120;150;60;37;120;2.10;0.20;1.0;4;N;0;0;0.0;Tr;;0.23;0.04;1.5;0.18;0.0;14;0
Chard, Swiss, boiled in unsalted water;0;1.9;0.1;3.2;20;84;0.4;;Tr;180;550;58;86;33;2.30;N;N;N;N;0;4365;0.0;N;;0.03;0.09;0.4;N;0.0;100;18
Chard, Swiss, raw;0;1.8;0.2;2.9;19;81;0.6;;Tr;210;380;51;81;46;1.80;N;N;N;N;0;4625;0.0;N;;0.04;0.09;0.4;N;0.0;165;30
Cheese and onion rolls, pastry, retail;0;8.2;20.0;30.4;327;1366;3.0;2.9;8.97;310;169;121;19;119;1.30;0.08;0.8;4;19;Tr;17;1.0;N;;0.15;0.08;1.0;0.06;0.5;9;Tr
Cheese pudding, homemade;0;10.6;9.3;11.7;170;712;3.1;N;4.95;272;156;224;18;198;0.78;0.04;1.3;N;N;103;30;0.8;0.41;0.81;0.05;0.28;0.3;0.08;1.5;12;1
Cheese sauce, made with semi-skimmed milk, homemade;0;8.2;12.8;9.0;182;757;4.2;0.7;8.01;213;163;247;16;183;0.19;0.02;1.2;2;34;140;70;0.1;0.25;;0.04;0.26;0.2;0.07;1.1;7;1
Cheese sauce, made with skimmed milk, homemade;0;8.2;11.6;9.1;172;716;4.3;0.2;7.23;215;167;250;17;184;0.20;0.01;1.2;2;34;125;62;0.1;0.22;1.37;0.04;0.25;0.2;0.07;1.1;7;0
Cheese sauce, made with whole milk, homemade;0;8.2;14.6;8.9;197;822;4.1;0.2;9.12;212;163;246;16;184;0.19;0.02;1.2;2;35;156;75;0.1;0.28;1.87;0.04;0.26;0.2;0.08;1.2;9;1
Cheese sauce, packet mix, made up with semi-skimmed milk, homemade;0;5.8;5.2;9.7;106;447;5.3;0.2;3.26;382;194;171;15;184;0.12;Tr;0.7;N;N;36;28;0.1;N;;0.04;0.28;0.2;0.08;1.0;10;1
Cheese sauce, packet mix, made up with skimmed milk, homemade;0;5.6;2.4;9.2;79;333;5.3;;N;452;196;171;15;176;0.11;Tr;0.7;N;N;17;17;0.1;0.20;;0.04;0.26;0.2;0.08;0.9;9;0
Cheese sauce, packet mix, made up with whole milk, homemade;0;5.5;5.7;9.0;108;452;5.1;;N;450;192;166;15;176;0.11;Tr;0.8;N;N;51;31;0.1;0.25;0.59;0.04;0.27;0.3;0.08;1.0;9;1
Cheese spread, plain;0;11.3;18.6;6,5;237;984;6,5;0.0;12.91;730;219;498;24;835;Tr;Tr;1.8;4;29;214;119;0.2;0.24;;0.05;0.36;0.1;0.08;0.6;19;Tr
Cheese spread, plain, reduced fat;0;15.0;7.2;7.9;154;648;7.3;0.0;4.56;750;235;485;24;850;0.29;0.05;1.7;4;29;119;90;N;0.40;;0.06;0.53;0.1;0.07;2.0;7;Tr
Cheese straws/twists, retail;0;14.1;30.3;48.3;510;2133;1.6;2.5;17.54;974;153;233;24;215;1.15;0.14;1.4;11;9;173;64;Tr;1.28;;0.25;0.10;2.1;0.07;0.2;35;0
Cheese, Brie, rind only;0;16.5;26.4;;304;1257;;;;569;;;;;;;;;;;;;;;0.05;0.43;1.2;0.40;1.3;56;
Cheese, Brie, with outer rind removed;0;20.3;29.1;Tr;343;1422;Tr;0.0;18.20;556;91;256;15;232;Tr;Tr;2.0;5;16;297;192;0.2;0.81;2.40;0.03;0.33;0.5;0.14;0.6;55;Tr
Cheese, Caerphilly;0;23.2;31.3;0.1;375;1554;0.1;;19.60;480;91;550;20;400;0.70;0.14;3.3;11;46;315;210;0.2;0.78;;0.03;0.47;0.1;0.11;1.1;50;Tr
Cheese, Camembert;0;21.5;22.7;Tr;290;1205;Tr;0.0;14.20;605;104;235;14;241;Tr;Tr;2.1;7;N;230;315;0.1;0.65;;0.05;0.52;0.9;0.23;1.1;83;Tr
Cheese, Cheddar type, '30% less fat';0;27.9;22.1;0.8;314;1305;0.1;0.0;13.80;720;110;840;39;620;0.20;0.05;2.8;11;N;266;169;0.1;0.66;;0.03;0.53;0.1;0.13;1.3;56;Tr
Cheese, Cheddar type, half fat;0;32.7;15.8;Tr;273;1141;Tr;0.0;9.90;670;110;840;39;620;0.20;0.05;2.8;11;N;190;121;0.1;0.47;;0.03;0.53;0.1;0.13;1.3;56;Tr
Cheese, Cheddar, English;0;25.4;34.9;0.1;416;1725;0.1;0.0;21.68;723;75;739;29;505;0.30;0.03;4.1;6;30;364;141;0.3;0.52;4.70;0.03;0.39;0.1;0.15;2.4;31;Tr
Cheese, cottage, plain;0;9.4;6.0;3.1;103;431;3.1;0.0;3.24;250;161;127;13;171;Tr;Tr;0.6;4;24;64;18;0.0;0.14;;0.05;0.24;0.2;0.05;0.6;22;Tr
Cheese, cottage, plain, reduced fat;0;10.6;1.5;3.3;68;289;3.3;0.0;0.96;210;161;127;13;171;Tr;Tr;0.6;4;24;16;4;0.0;0.03;;0.05;0.24;0.2;0.05;0.6;22;Tr
Cheese, Danish blue;0;20.5;28.9;Tr;342;1418;Tr;0.0;19.13;1220;88;488;20;344;Tr;Tr;3.0;7;12;244;283;0.2;0.71;4.10;0.03;0.41;0.6;0.10;1.3;55;Tr
Cheese, Derby;0;24.2;33.9;0.1;402;1667;0.1;;21.20;580;87;680;26;470;0.40;0.02;1.8;11;46;340;220;0.3;0.46;;0.03;0.41;0.0;0.10;1.4;26;Tr
Cheese, Dolcelatte, rind removed;0;18.0;35.8;Tr;394;1631;Tr;0.0;22.23;903;94;314;13;253;Tr;Tr;2.3;6;46;397;198;N;0.82;;N;0.46;1.0;N;N;67;Tr
Cheese, Double Gloucester;0;24.4;35.0;0,1;413;1711;0,1;0.0;21.93;673;79;660;23;460;0.40;0.03;1.8;12;46;335;203;0.3;0.64;;0.03;0.45;0.1;0.11;1.3;30;Tr
Cheese, Edam;0;26.7;26.0;Tr;341;1416;Tr;0.0;15.80;996;89;795;34;508;0.30;Tr;3.8;7;13;188;182;0.2;0.48;;0.03;0.35;0.1;0.09;2.1;36;Tr
Cheese, Emmental;0;30.2;30.9;Tr;399;1657;Tr;0.0;20.59;187;87;1025;38;637;0.30;0.61;4.6;5;18;320;133;0.3;0.42;;0.02;0.30;0.1;N;4.1;23;Tr
Cheese, Feta;0;15.6;20.2;1.5;250;1037;1.5;0.0;13.70;1000;95;360;20;280;0.20;0.07;0.9;5;N;220;33;0.5;0.37;;0.04;0.21;0.2;0.07;1.1;23;Tr
Cheese, goats milk, full fat, soft, white rind;0;21.1;25.8;1.0;320;1329;1.0;0.0;17.91;601;132;133;14;229;Tr;0.06;1.0;6;51;333;Tr;0.5;0.63;;0.03;0.39;0.7;0.10;0.5;22;Tr
Cheese, Gouda;0;25.3;30.6;Tr;377;1562;Tr;0.0;20.33;925;82;773;32;498;0.30;Tr;3.9;8;N;258;139;0.2;0.57;;0.03;0.30;0.1;0.08;1.7;43;Tr
Cheese, Gruyere;0;27.2;33.3;Tr;409;1695;Tr;;20.80;670;99;950;37;610;0.30;0.13;2.3;N;N;325;225;0.3;0.58;;0.03;0.39;0.0;0.11;1.6;12;Tr
Cheese, Halloumi;0;23.9;23.5;1,7;313;1303;1,7;0.0;16.58;1200;88;794;40;517;Tr;Tr;3.7;12;60;288;201;0.2;0.60;;0.03;0.39;0.1;0.10;0.5;40;Tr
Cheese, hard, average;0;24.9;34.5;0.1;411;1702;0.1;0.0;21.57;687;77;707;27;487;0.33;0.04;3.3;10;41;330;215;0.3;0.51;1.57;0.03;0.43;0.1;0.12;1.6;30;Tr
Cheese, Lancashire;0;24.1;31.7;0.1;382;1584;0.1;0.0;21.04;575;81;572;22;422;0.30;0.03;3.6;11;46;356;181;0.2;0.78;;0.02;0.43;0.1;0.08;1.6;43;Tr
Cheese, Mascarpone;0;4.6;44.5;4.3;435;1794;4.3;0.0;29.48;70;137;161;11;116;Tr;Tr;0.7;2;14;376;214;0.3;1.14;;0.04;0.22;0.1;0.04;0.6;11;Tr
Cheese, Mozzarella, fresh;0;18.6;20.3;Tr;257;1067;Tr;0.0;13.75;395;51;362;15;267;Tr;Tr;2.7;6;18;258;152;0.2;0.31;;0.03;0.40;0.1;0.10;1.7;20;Tr
Cheese, Paneer;0;26.0;24.5;0.9;328;1363;0.9;0.0;15.43;19;69;537;23;383;Tr;Tr;3.2;N;N;248;34;N;0.41;;N;0.20;0.1;N;N;25;Tr
Cheese, Parmesan, fresh;0;36.2;29.7;0.9;415;1729;0.9;0.0;19.25;660;152;1025;41;680;0.80;0.84;5.1;12;72;371;233;0.3;0.76;;0.03;0.32;0.1;0.11;3.3;12;Tr
Cheese, Port Salut, St Paulin type;0;25.5;25.7;Tr;333;1384;Tr;0.0;18.06;699;62;609;25;386;0.40;Tr;3.0;5;24;Tr;171;0.1;0.43;;0.02;0.26;0.1;N;2.6;36;Tr
Cheese, processed, plain;0;17.8;23.0;5.0;297;1234;5.0;0.0;14.32;1000;178;610;27;768;0.50;Tr;2.6;5;27;270;95;N;0.55;1.60;0.06;0.25;0.1;0.07;1.2;15;Tr
Cheese, processed, slices, reduced fat;0;16.7;9.6;9.7;190;794;7.6;0.0;5.85;810;148;642;25;513;0.27;0.06;2.4;6;22;113;142;N;0.39;;0.05;0.20;0.1;0.06;1.0;12;Tr
Cheese, processed, smoked;0;20.5;24.5;0.2;303;1258;0.2;;15.10;1270;87;680;27;1030;0.30;0.20;3.2;10;29;245;85;0.2;0.22;;0.03;0.27;0.1;0.07;0.9;18;Tr
Cheese, Quark;0;14.6;Tr;4.0;74;313;4.0;;Tr;45;140;120;11;200;Tr;0.06;0.9;N;4;2;1;Tr;Tr;;0.04;0.30;0.2;0.08;0.7;45;1
Cheese, Red Leicester;0;25.0;33.6;0,1;403;1670;0,1;0.0;21.10;665;76;723;29;495;0.30;0.05;4.0;11;46;290;300;0.3;0.38;;0.03;0.44;0.1;0.11;1.2;30;Tr
Cheese, Red Windsor;0;24.4;33.7;Tr;401;1662;Tr;;21.10;690;87;690;31;450;0.20;0.03;2.1;11;46;335;235;0.3;0.59;;0.03;0.37;0.1;0.10;1.4;32;Tr
Cheese, Ricotta;0;9.4;11.0;2.0;144;599;2.0;;6.90;100;110;240;13;170;0.40;N;1.3;N;N;185;92;N;0.03;;0.02;0.19;0.1;0.03;0.3;N;Tr
Cheese, Roquefort;0;19.7;32.9;Tr;375;1552;Tr;;20.70;1670;91;530;33;400;0.40;0.09;1.6;N;N;295;10;N;0.55;;0.04;0.65;0.6;0.09;0.4;45;Tr
Cheese, Sage Derby;0;24.2;33.9;0.1;402;1667;0.1;;21.20;600;64;610;23;480;0.70;Tr;1.2;11;46;345;215;0.3;0.53;;0.03;0.43;0.1;0.09;1.4;24;Tr
Cheese, spreadable, full fat, soft, white;0;5.3;24.4;3.0;252;1041;3.0;0.0;15.97;260;89;76;7;97;Tr;Tr;0.7;3;11;203;199;0.1;0.19;4.70;0.03;0.26;0.1;0.01;0.3;23;Tr
Cheese, spreadable, medium fat, soft, white;0;9.8;11.2;3.5;153;637;3.5;0.0;7.35;270;120;99;10;129;Tr;Tr;0.7;4;11;134;175;0.1;0.08;;0.04;0.34;0.1;0.01;0.4;30;Tr
Cheese, spreadable, soft white, low fat;0;11.9;3.6;5.0;99;416;5.0;0.0;2.40;260;141;121;11;154;Tr;Tr;1.1;5;17;39;158;N;N;;0.05;0.41;0.1;0.02;0.5;36;Tr
Cheese, Stilton, blue;0;23.7;35.0;0.1;410;1698;0.1;0.0;23.02;788;96;326;15;314;0.20;0.04;2.9;7;40;360;182;0.2;0.60;;0.03;0.47;0.7;0.13;1.2;78;Tr
Cheese, Stilton, white;0;19.9;31.3;0.1;362;1498;0.1;;19.60;770;93;250;16;260;0.30;Tr;1.0;9;46;315;165;0.2;0.54;;0.03;0.37;0.1;0.07;1.3;52;Tr
Cheese, Wensleydale;0;23.7;31.8;0,1;381;1581;0,1;0.0;19.70;440;89;560;19;410;0.30;0.11;3.4;11;46;345;280;0.2;0.45;;0.03;0.46;0.1;0.09;1.1;43;Tr
Cheese, White Cheshire;0;23.4;31.8;0.1;380;1576;0.1;0.0;21.23;492;82;516;21;394;0.30;Tr;3.4;3;41;350;220;0.2;0.70;;0.03;0.49;0.1;0.09;0.9;35;Tr
Cheese, white, average;0;23.7;31.8;0.1;381;1580;0.1;0.0;21.10;502;82;544;22;408;0.30;0.03;3.5;3;41;351;231;0.2;0.62;;0.02;0.46;0.1;0.08;1.6;39;Tr
Cheesecake, fruit, frozen;0;4.0;16.2;35.2;294;1231;25.0;1.0;9.44;146;96;56;9;64;0.46;0.06;0.4;2;9;97;50;0.2;1.19;;0.07;0.09;0.5;0.02;0.5;7;6
Cheesecake, fruit, individual;0;6.1;12.3;34.5;264;1111;25.4;1.6;7.54;90;165;78;13;100;0.40;Tr;0.5;2;26;N;Tr;N;1.29;;0.12;0.14;0.5;0.04;Tr;7;Tr
Cheesecake, homemade;0;6.2;22.8;25.4;325;1355;15.5;0.6;13.18;266;117;67;12;96;0.54;0.06;0.6;5;N;252;184;0.5;1.39;1.76;0.05;0.21;0.3;0.03;0.5;16;2
Chelsea buns, homemade;0;7.8;12.5;57.8;361;1522;21.0;1.6;4.08;139;240;108;22;119;1.41;0.25;0.7;N;N;N;104;N;N;;0.16;0.16;1.3;0.12;0.4;51;Tr
Cherries, flesh and skin, raw;0;1,2;0,4;14,6;63;269;14,6;1,9;0,08;Tr;238;12;9;26;0,25;0,09;0,1;Tr;Tr;0;19;0;0,14;;0,03;Tr;0,2;0,1;0;3;3
Cherries, flesh and skin, raw, weighed with stones;0;1,1;0,4;13,4;58;247;13,4;1,7;0,07;Tr;219;11;9;24;0,23;0,08;0,1;Tr;Tr;0;17;0;0,13;;0,03;Tr;0,2;0,09;0;3;3
Cherries, glace;0;0.4;Tr;78.1;294;1256;N;N;Tr;27;24;56;5;9;0.90;0.08;0.1;Tr;N;0;7;0.0;Tr;;Tr;Tr;Tr;Tr;0.0;Tr;Tr
Cherries, stewed with sugar;0;0.7;0.1;21.0;82;350;21.0;;Tr;Tr;170;10;7;16;0.20;0.06;0.1;1;Tr;0;19;0.0;0.10;;0.02;0.02;0.1;0.03;0.0;Tr;7
Cherries, stewed with sugar, weighed with stones;0;0.6;0.1;18.1;71;303;18.1;;Tr;Tr;140;9;6;14;0.10;0.05;0.1;1;Tr;0;16;0.0;0.09;;0.02;0.02;0.1;0.03;0.0;Tr;6
Cherries, stewed without sugar;0;0.8;0.1;10.1;42;177;10.1;;Tr;Tr;180;11;8;18;0.20;0.06;0.1;1;Tr;0;21;0.0;0.11;;0.02;0.02;0.1;0.04;0.0;Tr;7
Cherries, stewed without sugar, weighed with stones;0;0.6;0.1;8.6;36;152;8.6;;Tr;Tr;160;9;7;15;0.10;0.05;0.1;1;Tr;0;18;0.0;0.09;;0.02;0.02;0.1;0.03;0.0;Tr;6
Cherries, West Indian, flesh only;0;0.4;0.4;5.0;24;102;5.0;;N;5;110;11;18;15;0.20;N;N;N;N;0;315;0.0;N;;0.02;0.07;0.4;0.01;0.0;N;1720
Chervil, dried;0;23.2;3.9;37.8;237;990;N;;N;83;4740;1350;130;450;31.90;0.44;8.8;N;N;0;N;0.0;N;;N;N;N;1.23;0.0;0;0
Chestnuts, dried;0;3.7;5.1;69.0;319;1356;13.2;;0.90;21;940;87;62;140;1.70;0.43;0.9;Tr;N;0;0;0.0;2.26;;0.26;0.04;0.9;0.64;0.0;N;Tr
Chestnuts, kernel only, raw;0;2.0;2.7;36.6;170;719;7.0;N;0.50;11;500;46;33;74;0.90;0.23;0.5;Tr;N;0;0;0.0;1.20;;0.14;0.02;0.5;0.34;0.0;N;Tr
Chestnuts, kernel only, raw, weighed with shells;0;1.6;2.2;30.4;140;595;5.8;;0.40;9;410;38;27;61;0.70;0.19;0.4;Tr;N;0;0;0.0;0.99;;0.12;0.02;0.4;0.28;0.0;N;Tr
Chevda/chevra/chewra, homemade;0;18.6;31.8;35.5;487;2026;N;N;4.71;114;584;69;124;302;3.83;0.67;N;N;N;0;475;0.0;N;14.18;0.62;0.12;7.4;0.43;0.0;N;0
Chicken breast/steak, coated, baked;0;17.7;11.6;15.8;234;982;1.1;0.8;1.78;466;300;30;26;203;0.65;0.07;0.6;7;3;Tr;Tr;Tr;2.47;;0.10;0.11;7.2;0.42;2.8;21;0
Chicken chasseur, homemade;0;13.5;1.5;2.3;78;329;1.1;0.2;0.25;133;284;11;20;137;0.60;0.07;0.5;8;4;Tr;N;0.1;N;;0.08;0.09;4.9;0.26;Tr;8;1
Chicken chasseur, homemade, weighed with bone;0;12.0;1.3;2.0;69;293;1.0;0.2;0.22;118;253;10;18;122;0.53;0.06;0.4;7;4;Tr;N;0.1;N;;0.07;0.08;4.4;0.23;Tr;7;1
Chicken fricassee, homemade;0;10.0;6.1;2.8;115;480;1.5;N;2.40;263;256;20;15;99;0.68;0.06;0.7;6;N;N;N;0.1;N;1.41;0.14;0.11;2.9;0.19;Tr;7;2
Chicken fricassee, reduced fat, homemade;0;10.2;4.2;3.2;101;422;2.0;N;1.19;263;271;29;16;107;0.70;0.06;0.7;N;N;6;N;0.1;N;1.36;0.12;0.11;2.9;0.20;Tr;9;2
Chicken in white sauce, made with semi-skimmed milk;0;17.0;7.7;5.0;156;655;2.3;0.1;3.42;89;264;68;20;171;0.46;0.06;1.0;9;20;47;25;0.2;0.22;;0.06;0.20;2.2;0.23;0.4;8;Tr
Chicken in white sauce, made with whole milk;0;17.0;9.0;5.2;168;705;2.2;0.1;4.22;91;263;67;21;172;0.47;0.06;1.1;9;20;59;29;0.2;0.24;;0.06;0.19;5.2;0.23;0.4;8;Tr
Chicken pieces, coated, takeaway;0;18.5;14.1;17.6;267;1118;Tr;1.3;2.32;535;350;28;27;218;0.65;0.07;0.6;8;3;Tr;Tr;Tr;2.70;;0.09;0.12;7.4;0.45;1.7;8;0
Chicken portions, battered, deep fried, takeaway;0;24.8;12.8;4.8;233;972;0.0;2.9;3.07;477;338;20;28;204;0.85;0.06;1.4;15;3;28;Tr;Tr;1.65;;0.09;0.25;8.4;0.42;0.2;4;0
Chicken satay, takeaway;0;21.7;10.3;3.0;191;798;1.6;2.0;3.02;613;363;30;43;223;1.04;0.14;0.9;12;23;5;23;N;1.41;;0.07;0.07;11.0;0.22;Tr;27;Tr
Chicken slices;0;23.2;1.5;2.0;114;482;0.2;0.3;0.40;580;360;13;28;350;0.40;0.08;0.8;11;5;Tr;Tr;0.2;0.24;;0.05;0.18;9.7;0.42;Tr;8;Tr
Chicken soup, cream of, canned, condensed, as served;0;1.3;2.9;3.0;43;177;0.7;Tr;0.40;250;31;20;4;20;0.30;0.02;0.3;Tr;2;48;20;0.0;0.46;;0.01;0.02;0.3;0.01;Tr;Tr;0
Chicken wings, marinated, meat and skin, barbecued;0;27.4;16.6;4.1;274;1146;3.6;0.5;4.60;390;350;42;27;200;1.30;0.09;1.6;17;6;24;N;0.1;0.23;;0.07;0.11;6.2;0.27;1.0;10;Tr
Chicken wings, marinated, meat and skin, barbecued, weighed with bone;0;17.8;10.8;2.7;179;745;2.3;0.3;3.00;250;230;27;18;130;0.90;0.06;1.1;11;4;16;N;0.1;0.15;;0.05;0.07;4.0;0.18;1.0;7;Tr
Chicken, breast, casseroled, meat and skin;0;26.9;8.5;0.0;184;772;0.0;;2.40;60;260;10;24;200;0.50;0.06;1.1;14;8;6;Tr;0.1;0.07;;0.06;0.13;8.3;0.34;Tr;6;0
Chicken, breast, casseroled, meat and skin, weighed with bone;0;24.2;7.6;0.0;165;693;0.0;;2.10;55;240;9;22;180;0.40;0.05;1.0;13;7;5;Tr;0.1;0.06;;0.05;0.12;7.5;0.31;Tr;5;0
Chicken, breast, casseroled, meat only;0;28.4;5.2;0.0;160;675;0.0;0.0;1.50;60;270;9;25;210;0.50;0.06;1.1;13;8;Tr;Tr;0.1;0.07;;0.06;0.13;8.8;0.36;Tr;6;0
Chicken, breast, grilled with skin, meat only;0;29.8;3.1;0.0;147;621;0.0;;0.90;60;410;7;34;280;0.50;0.06;0.8;15;6;Tr;Tr;0.1;0.12;;0.10;0.20;14.3;0.42;Tr;5;0
Chicken, breast, grilled without skin, meat only;0;32.0;2.2;0.0;148;626;0.0;0.0;0.60;55;460;6;36;310;0.40;0.04;0.8;16;7;Tr;Tr;0.3;0.17;;0.14;0.13;15.8;0.63;Tr;6;0
Chicken, breast, grilled, meat and skin;0;28.9;6.4;0.0;173;728;0.0;;0.90;61;400;7;33;270;0.60;0.06;0.8;15;6;5;Tr;0.2;0.12;;0.10;0.19;13.6;0.40;Tr;5;0
Chicken, breast, strips, stir-fried in corn oil;0;29.7;4.6;0.0;161;677;0.0;0.0;N;61;420;6;33;280;0.50;0.08;0.8;15;7;Tr;Tr;0.2;N;;0.11;0.16;14.4;0.44;Tr;5;0
Chicken, corn-fed, raw, dark meat only;0;19.5;7.2;0.0;143;599;0.0;;2.10;80;300;7;23;200;0.90;0.05;1.6;14;5;31;Tr;0.5;0.05;;0.09;0.22;5.9;0.34;1.0;6;0
Chicken, corn-fed, raw, light meat only;0;23.0;2.8;0.0;118;496;0.0;;0.80;90;330;9;28;230;0.40;0.09;0.8;12;5;14;Tr;0.5;0.19;;0.07;0.11;11.5;0.77;Tr;10;0
Chicken, corn-fed, raw, meat only;0;21.4;4.8;0.0;129;541;0.0;;1.40;85;320;8;26;210;0.60;0.07;1.2;13;5;22;Tr;0.5;0.13;;0.08;0.16;8.9;0.57;Tr;8;0
Chicken, corn-fed, raw, skin only;0;10.1;52.7;0.0;514;2120;0.0;;15.20;50;130;6;9;95;0.60;0.02;0.7;N;5;165;Tr;N;N;;N;N;N;N;N;N;0
Chicken, corn-fed, roasted, dark meat only;0;24.0;9.8;0.0;185;772;0.0;;2.80;95;290;9;22;200;1.00;0.08;2.1;16;6;16;Tr;0.2;0.20;;0.07;0.25;6.8;0.29;Tr;6;0
Chicken, corn-fed, roasted, light meat only;0;25.8;4.2;0.0;141;595;0.0;;1.20;90;330;9;28;230;0.40;0.06;0.8;13;6;Tr;Tr;0.2;0.14;;0.06;0.13;12.0;0.54;Tr;10;0
Chicken, corn-fed, roasted, meat only;0;24.9;7.2;0.0;164;690;0.0;;2.10;90;310;9;25;210;0.70;0.07;1.5;15;6;8;Tr;0.2;0.17;;0.07;0.19;9.3;0.41;Tr;8;0
Chicken, dark meat, raw;0;20.9;2.8;0.0;109;459;0.0;0.0;0.80;90;390;7;24;110;0.80;0.02;1.7;14;6;20;Tr;0.1;0.17;0.05;0.14;0.22;5.6;0.28;1.0;9;0
Chicken, dark meat, roasted;0;24.4;10.9;0.0;196;819;0.0;0.0;2,89;100;300;17;23;200;0.80;0.08;2.2;17;6;24;Tr;0.1;0.23;;0.07;0.11;6.2;0.27;1.0;10;0
Chicken, drumsticks, casseroled, meat and skin;0;22.3;14.2;0.0;217;905;0.0;0.0;3.80;75;200;30;18;170;1.10;0.07;1.9;15;7;27;Tr;0.2;0.35;;0.05;0.12;5.0;0.21;Tr;8;0
Chicken, drumsticks, casseroled, meat and skin, weighed with bone;0;14.5;9.2;0.0;141;587;0.0;;2.60;50;130;20;12;110;0.70;0.04;1.2;10;5;18;Tr;0.1;0.23;;0.03;0.08;3.2;0.14;Tr;5;0
Chicken, drumsticks, casseroled, meat only;0;24.3;9.7;0.0;185;772;0.0;;2.60;70;220;30;21;180;1.30;0.06;2.2;17;7;21;Tr;Tr;0.60;;0.06;0.09;5.1;0.22;Tr;9;0
Chicken, drumsticks, roasted, meat and skin;0;25.8;9.1;0.0;185;775;0.0;0.0;2.50;130;280;15;25;210;1.00;0.09;2.3;17;7;24;Tr;0.2;0.21;;0.09;0.14;5.5;0.19;1.0;12;0
Chicken, drumsticks, roasted, meat and skin, weighed with bone;0;16.2;5.7;0.0;116;486;0.0;;1.50;80;180;9;16;130;0.60;0.06;1.4;11;4;15;Tr;0.1;0.13;;0.06;0.09;3.5;0.12;Tr;8;0
Chicken, drumsticks, roasted, meat only;0;26.6;5.1;0.0;152;640;0.0;;1.40;170;260;16;25;210;0.90;0.10;2.5;17;7;20;Tr;0.2;0.22;;0.09;0.15;5.5;0.19;1.0;13;0
Chicken, leg quarter, casseroled, meat and skin;0;22.9;13.9;0.0;217;904;0.0;;3.80;70;210;24;19;180;0.90;0.07;1.7;14;6;23;Tr;0.2;0.28;;0.05;0.12;5.7;0.23;Tr;7;0
Chicken, leg quarter, casseroled, meat and skin, weighed with bone;0;14.4;8.8;0.0;137;570;0.0;;2.40;45;130;15;12;110;0.60;0.04;1.1;9;4;14;Tr;0.1;0.18;;0.03;0.08;3.6;0.14;Tr;4;0
Chicken, leg quarter, casseroled, meat only;0;25.0;8.4;0.0;176;736;0.0;;2.30;75;220;26;20;190;0.90;0.07;1.8;15;6;15;Tr;0.1;0.31;;0.05;0.13;6.1;0.25;Tr;8;0
Chicken, leg quarter, raw, meat and skin;0;18.3;13.3;0.0;193;803;0.0;;3.60;80;330;7;21;110;0.80;0.04;1.4;13;8;30;Tr;0.5;0.17;;0.12;0.27;4.9;0.23;1.0;8;0
Chicken, leg quarter, raw, meat and skin, weighed with bone;0;12.6;9.2;0.0;133;555;0.0;;2.50;55;230;5;14;75;0.50;0.03;1.0;9;5;21;Tr;0.4;0.12;;0.08;0.19;3.4;0.16;Tr;5;0
Chicken, leg quarter, roasted, meat and skin;0;20.9;16.9;0.0;236;981;0.0;;4.60;95;230;12;20;180;0.80;0.06;1.7;16;7;26;Tr;0.2;0.23;;0.07;0.28;5.0;0.40;1.0;11;0
Chicken, leg quarter, roasted, meat and skin, weighed with bone;0;10.7;8.6;0.0;120;500;0.0;;2.30;50;120;6;10;90;0.40;0.03;0.9;8;4;13;Tr;0.1;0.12;;0.04;0.14;2.5;0.20;Tr;6;0
Chicken, light meat, raw;0;24.0;1.1;0.0;106;449;0.0;0.0;0.30;60;370;5;29;220;0.50;0.05;0.7;12;6;Tr;Tr;0.2;0.13;;0.14;0.14;10.7;0.51;Tr;14;0
Chicken, light meat, roasted;0;30.2;3.6;0.0;153;645;0.0;0.0;1,02;60;360;7;30;250;0.40;0.17;0.8;14;7;Tr;Tr;0.3;0.31;0.04;0.07;0.23;12.6;0.54;Tr;10;0
Chicken, meat, average, raw;0;22.3;2.1;0.0;108;457;0.0;0.0;0.60;77;380;6;26;160;0.70;0.03;1.2;13;6;11;Tr;0.1;0.15;;0.14;0.18;7.8;0.38;Tr;19;0
Chicken, meat, average, roasted;0;27.3;7.5;0.0;177;742;0.0;0.0;2.10;80;330;11;26;220;0.70;0.10;1.5;16;7;11;Tr;0.2;0.23;;0.07;0.16;9.2;0.36;Tr;10;0
Chicken, portions, not coated, deep-fried, meat and skin;0;26.9;16.8;0.0;259;1079;0.0;;4.60;150;310;15;25;220;1.00;0.11;2.0;18;8;28;Tr;0.3;0.32;;0.06;0.22;7.5;0.34;1.0;14;0
Chicken, portions, not coated, deep-fried, meat and skin, weighed with bone;0;18.6;11.6;0.0;179;745;0.0;;3.20;110;210;10;17;150;0.70;0.07;1.3;13;6;19;Tr;0.2;0.22;;0.04;0.15;5.1;0.23;Tr;10;0
Chicken, skin, casseroled;0;13.4;39.3;0.0;407;1680;0.0;;11.00;55;150;17;14;130;1.00;0.09;1.0;N;N;N;Tr;0.7;N;;N;N;N;N;N;N;0
Chicken, skin, raw;0;9.7;48.3;0.0;474;1953;0.0;;13.60;50;130;8;9;91;0.60;0.10;0.7;9;16;64;Tr;1.9;0.15;;0.04;0.44;2.7;0.08;1.0;4;0
Chicken, skin, roasted/grilled, dry;0;21.5;46.1;0.0;501;2070;0.0;0.0;12.90;80;260;16;26;210;1.30;0.05;1.2;N;N;N;Tr;1.0;N;;N;N;N;N;N;N;0
Chicken, skin, roasted/grilled, moist;0;17.0;42.6;0.0;452;1867;0.0;;12.00;80;240;12;20;170;1.00;0.04;0.9;N;N;N;Tr;0.6;N;;N;N;N;N;N;N;0
Chicken, stir-fried with mushrooms and cashew nuts, homemade;0;18.4;7.0;4.8;160;671;2.2;0.9;1.31;322;426;10;43;171;1.24;0.21;1.4;13;6;8;129;0.1;0.78;;0.14;0.15;5.1;0.33;Tr;14;20
Chicken, stir-fried with peppers in black bean sauce, homemade;0;19.0;4.2;2.7;124;523;2.4;N;N;366;356;20;29;144;1.34;0.06;1.1;N;6;9;53;0.1;N;;0.24;0.13;5.1;0.29;Tr;7;7
Chicken, stir-fried with rice and vegetables, retail, reheated;0;6.5;4.6;17.1;132;554;3.9;N;N;N;180;22;13;95;1.10;0.10;2.0;N;N;Tr;565;N;N;;0.09;0.09;1.9;0.22;Tr;21;2
Chicken, thighs, casseroled, meat and skin;0;21.5;16.3;0.0;233;969;0.0;;4.40;70;170;26;16;170;1.00;0.07;1.8;15;7;30;Tr;0.2;0.34;;0.05;0.11;4.9;0.20;Tr;8;0
Chicken, thighs, casseroled, meat and skin, weighed with bone;0;17.8;13.5;0.0;193;802;0.0;;3.70;60;140;22;13;140;0.80;0.06;1.5;12;6;25;Tr;0.2;0.28;;0.04;0.09;4.1;0.17;Tr;7;0
Chicken, thighs, casseroled, meat only, diced;0;25.6;8.6;0.0;180;756;0.0;;2.40;40;150;14;19;150;1.00;0.15;2.1;17;7;20;Tr;0.2;0.12;;0.05;0.15;3.4;0.18;1.0;6;0
Chicken, whole, corn-fed, raw, meat and skin;0;18.8;15.9;0.0;218;908;0.0;;4.60;80;270;8;22;190;0.60;0.06;1.1;12;5;55;Tr;0.5;0.13;;0.07;0.13;7.5;0.46;1.0;7;0
Chicken, whole, corn-fed, raw, meat and skin, weighed with bone;0;12.2;10.3;0.0;142;589;0.0;;3.00;50;180;5;14;120;0.30;0.04;0.7;8;3;36;Tr;0.3;0.08;;0.04;0.08;4.9;0.30;Tr;4;0
Chicken, whole, corn-fed, roasted, meat and skin;0;24.0;13.2;0.0;215;896;0.0;;3.80;90;300;10;25;210;0.80;0.07;1.4;15;7;16;Tr;0.3;0.17;;0.07;0.18;8.7;0.37;Tr;7;0
Chicken, whole, corn-fed, roasted, meat and skin, weighed with bone;0;14.4;7.9;0.0;129;537;0.0;;2.70;55;180;6;15;130;0.50;0.04;0.8;9;4;10;Tr;0.2;0.10;;0.04;0.11;5.2;0.22;Tr;4;0
Chicken, whole, raw, meat and skin;0;19.1;13.8;0.0;201;835;0.0;;3.80;70;320;7;22;140;0.70;0.05;1.1;12;8;25;Tr;0.6;0.15;;0.11;0.25;6.5;0.30;Tr;9;0
Chicken, whole, raw, meat and skin, weighed with bone;0;12.4;9.0;0.0;131;544;0.0;;2.50;45;210;4;14;90;0.40;0.03;0.7;8;5;16;Tr;0.4;0.10;;0.07;0.16;4.2;0.20;Tr;6;0
Chicken, whole, roasted, meat and skin;0;26.3;12.5;0.0;218;910;0.0;0.0;3.40;80;320;11;26;220;0.70;0.09;1.5;15;7;18;Tr;0.3;0.21;;0.07;0.15;8.7;0.34;Tr;9;0
Chicken, whole, roasted, meat and skin, weighed with bone;0;16.6;7.9;0.0;138;575;0.0;;2.20;50;200;7;16;140;0.40;0.06;0.9;9;4;11;Tr;0.2;0.13;;0.04;0.09;5.5;0.21;Tr;6;0
Chicken, wing quarter, casseroled, meat and skin;0;24.4;12.5;0.0;210;877;0.0;;3.50;60;230;15;21;180;0.60;0.07;1.3;13;7;16;Tr;0.2;0.16;;0.06;0.12;7.0;0.29;Tr;6;0
Chicken, wing quarter, casseroled, meat and skin, weighed with bone;0;16.3;8.4;0.0;141;588;0.0;;2.30;40;160;10;14;120;0.40;0.05;0.9;9;5;11;Tr;0.1;0.11;;0.04;0.08;4.7;0.19;Tr;4;0
Chicken, wing quarter, casseroled, meat only;0;26.9;6.3;0.0;164;690;0.0;;1.70;65;250;15;23;200;0.60;0.06;1.3;14;7;5;Tr;0.1;0.16;;0.06;0.13;7.8;0.33;Tr;7;0
Chicken, wing quarter, raw, meat and skin;0;20.3;12.4;0.0;193;804;0.0;;3.50;60;320;6;24;180;0.60;0.06;0.8;12;8;17;Tr;0.6;0.14;;0.12;0.22;8.3;0.38;Tr;11;0
Chicken, wing quarter, raw, meat and skin, weighed with bone;0;13.4;8.2;0.0;127;531;0.0;;2.30;40;210;4;16;120;0.40;0.04;0.5;8;5;11;Tr;0.4;0.09;;0.08;0.14;5.5;0.25;Tr;7;0
Chicken, wing quarter, roasted, meat and skin;0;24.8;14.1;0.0;226;943;0.0;;3.90;100;260;11;24;200;0.60;0.04;1.1;15;7;13;Tr;0.4;0.27;;0.06;0.17;10.0;0.25;Tr;6;0
Chicken, wing quarter, roasted, meat and skin, weighed with bone;0;13.1;7.5;0.0;120;500;0.0;;2.10;55;140;6;13;110;0.30;0.02;0.6;8;4;7;Tr;0.2;0.14;;0.03;0.09;5.3;0.13;Tr;3;0
Chicken/turkey pasties/slices, puff pastry;0;8.1;18.5;23.9;289;1205;1.2;2.9;9.17;360;169;36;15;81;0.68;0.07;0.5;4;6;Tr;Tr;Tr;1.38;;0.08;0.15;1.8;0.07;Tr;3;N
Chicken/turkey pieces, coated, baked;0;14.4;13.9;19.6;256;1073;1.1;2.3;2.11;360;278;31;24;169;1.07;0.08;0.8;7;3;Tr;Tr;Tr;2.75;;0.07;0.17;7.1;0.39;0.2;27;0
Chicory, pale variety, boiled in unsalted water;0;0.6;0.3;2.1;7;31;0.5;N;0.10;1;110;20;5;25;0.40;0.02;0.4;N;N;0;100;0.0;N;;0.05;Tr;Tr;Tr;0.0;11;1
Chicory, pale variety, raw;0;0.5;0.6;2.8;11;45;0.7;N;0.20;1;170;21;6;27;0.40;0.05;0.2;N;N;0;120;0.0;N;;0.14;Tr;0.1;0.01;0.0;14;5
Chilli con carne, homemade;0;9.2;7.5;4.4;120;500;2.9;N;2.90;101;263;21;17;90;1.11;0.05;1.7;3;5;Tr;246;0.3;1.15;;0.10;0.07;2.3;0.20;0.6;9;7
Chilli con carne, retail, reheated;0;7.7;4.3;7.1;96;404;2.7;;1.90;310;300;42;21;90;1.50;0.13;1.4;N;N;65;99;N;N;;0.07;0.12;1.6;0.19;1.0;15;N
Chilli con carne, retail, reheated, with rice;0;5.8;2.7;18.1;116;491;1.6;N;1.17;188;187;33;15;70;0.92;0.11;1.0;3;N;39;59;N;N;;0.06;0.07;1.2;0.13;0.6;11;N
Chilli powder;0;13.5;14.3;N;N;N;7.2;34.8;2.46;4000;1950;330;149;300;17.30;1.00;4.3;N;N;0;17790;0.0;N;105.70;0.25;0.94;11.6;2.10;0.0;28;1
Chilli sauce;0;1.3;0.8;7.3;40;169;6.9;2.2;Tr;1250;140;17;15;28;2.80;0.07;0.1;Tr;2;0;570;0.0;1.97;;0.01;0.09;0.6;0.10;0.0;10;8
Chilli, bean and lentil, homemade;0;5.3;2.5;13.2;92;387;3.5;N;0.23;41;354;45;28;93;2.13;0.12;0.7;10;N;0;N;0.0;N;;0.18;0.08;1.0;0.21;0.0;19;9
Chilli, Quorn, homemade;0;5.3;3.6;6.9;83;350;3.5;N;0.39;101;211;25;21;94;0.76;0.08;2.1;N;N;0;272;0.0;1.34;;0.12;0.11;0.6;0.11;0.1;12;10
Chilli, vegetable, homemade;0;2.5;0.8;8.6;49;210;3.8;N;0.14;127;235;29;17;53;0.82;0.04;0.3;2;N;0;1470;0.0;0.54;;0.13;0.03;0.5;0.09;0.0;14;8
Chinese 5 spice;0;9.5;8.7;N;N;N;N;N;N;63;1070;1040;210;260;25.60;0.74;2.9;N;N;0;138;0.0;N;;0.21;0.24;5.3;N;0.0;0;0
Chital, raw;0;18.1;1.9;0.0;90;378;0.0;;N;34;120;110;N;210;2.10;0.17;N;N;N;55;Tr;N;N;;0.04;0.07;N;N;N;N;Tr
Chives, fresh;0;3.3;0.7;1.9;27;112;1.9;2.5;0.15;3;296;92;42;58;1.60;0.16;0.6;Tr;N;0;2610;0.0;0.21;;0.08;0.12;0.7;0.14;0.0;105;58
Cho cho fritters, fried in rapeseed oil, homemade;0;4.7;12.4;16.6;192;803;2.9;0.7;2.14;49;176;56;19;82;0.87;N;0.5;N;N;40;43;0.5;N;;0.06;0.13;0.5;N;0.6;N;5
Cho cho, boiled in unsalted water;0;0.5;0.1;2.9;14;59;2.5;;Tr;4;120;13;13;20;0.30;N;0.2;N;N;0;40;0.0;N;;0.02;0.03;0.4;N;0.0;N;11
Cho cho, raw;0;0.7;0.1;3.7;17;74;3.1;;Tr;5;150;16;17;25;0.40;N;0.2;N;N;0;50;0.0;N;;0.02;0.03;0.5;N;0.0;N;15
Chocolate covered bar with caramel and cereal;0;5.2;25.8;66.2;501;2102;46.4;1.9;16.26;161;329;140;40;158;4.60;0.24;0.8;4;N;15;7;N;0.94;;N;N;N;N;N;N;0
Chocolate covered caramel and biscuit fingers;0;5.0;23.6;70.0;495;2079;45.4;2.5;13.52;191;242;100;30;118;1.62;0.13;0.6;1;16;33;12;0.3;1.28;;0.03;0.23;0.2;Tr;0.5;4;0
Chocolate covered wafer biscuit;0;5.5;28.6;61.1;509;2130;45.1;2.7;17.50;90;340;167;41;151;2.37;0.27;0.8;4;22;28;Tr;Tr;0.83;;0.07;0.20;0.8;0.05;0.0;11;0
Chocolate nut spread;0;6.2;33.0;60.5;549;2294;59.7;3.0;9.34;50;390;130;65;180;2.20;0.48;1.0;N;N;Tr;Tr;Tr;N;;0.03;0.10;0.5;0.10;Tr;N;Tr
Chocolate nut sundae;0;2.6;15.0;33.5;271;1136;29.9;N;8.94;36;131;65;18;71;0.36;0.07;0.3;1;21;185;109;0.3;0.86;;0.08;0.18;0.4;0.03;0.4;7;1
Chocolate spread;0;3.3;37.7;59.4;575;2402;59.4;2.0;8.13;58;362;91;51;128;4.87;0.32;0.7;1;15;Tr;Tr;Tr;7.70;;0.17;Tr;0.3;0.19;Tr;10;0
Chocolate, dark, with crème or mint fondant centres;0;3.7;16.3;71.9;431;1816;62.9;4.7;9.80;6;389;49;13;104;0.67;0.06;0.6;3;8;74;15;Tr;1.52;;0.16;0.01;0.5;0.35;Tr;1;0
Chocolate, fancy and filled;0;4.9;21.3;62.9;447;1878;60.0;N;11.30;88;270;110;48;150;1.20;0.30;0.8;2;N;81;120;Tr;1.65;;0.05;0.20;0.4;0.03;Tr;17;0
Chocolate, milk;0;7.3;31.1;56.0;519;2171;56.0;2.3;18.71;89;451;226;57;224;2.05;0.31;1.1;3;51;66;22;Tr;1.60;;0.12;0.53;0.3;0.21;2.1;9;0
Chocolate, plain;0;5.0;28.0;63.5;510;2137;62.6;N;16.80;6;300;33;89;140;2.30;0.71;1.3;4;3;15;15;0.0;1.44;2.30;0.04;0.06;0.4;0.03;0.0;12;0
Chocolate, white;0;8.0;30.9;58.3;529;2212;58.3;N;18.40;110;350;270;26;230;0.20;Tr;0.9;N;N;13;75;Tr;1.14;;0.08;0.49;0.2;0.07;Tr;10;0
Chorizo;0;24.0;32.2;2.4;395;1638;1.1;1.0;12.00;1400;240;N;N;N;N;N;N;N;N;N;N;N;N;;N;N;N;N;N;N;N
Choux buns, homemade;0;5.3;34.1;17.9;395;1638;0.9;0.8;18.23;122;99;53;10;86;0.80;0.04;0.5;7;N;N;289;N;N;;0.07;0.19;0.3;0.05;0.9;10;Tr
Chow mein, beef, retail, reheated;0;6.7;6.0;14.7;136;571;2.4;1.8;1.30;200;N;N;N;N;1.30;N;N;N;N;Tr;Tr;N;0.43;;0.03;0.03;N;N;Tr;N;Tr
Chow mein, chicken, takeaway;0;8.5;7.2;12.7;147;614;0.3;1.5;1.17;466;90;46;11;64;1.01;0.05;0.4;N;N;Tr;110;N;0.96;;0.05;0.03;1.8;0.08;Tr;4;Tr
Chow mein, pork and chicken, homemade;0;9.2;1.9;5.8;72;305;1.5;N;0.76;362;210;23;21;110;0.93;0.06;0.6;N;N;Tr;443;0.1;3.34;;0.14;0.07;2.3;0.17;0.2;8;4
Chutney, apple, homemade;0;0.8;0.2;49.2;190;810;48.4;0.7;Tr;11;179;21;10;21;0.75;0.10;0.2;1;1;0;11;0.0;0.20;;0.05;0.01;0.3;0.09;0.0;3;5
Chutney, mango, sweet;0;0.7;0.1;48.3;189;806;45.7;N;Tr;1300;42;9;19;8;1.10;Tr;Tr;N;N;0;N;0.0;N;;0.00;0.01;0.2;N;0.0;N;Tr
Chutney, tomato;0;1.2;0.2;31.0;128;542;28.1;1.4;Tr;410;300;14;12;27;0.60;0.09;0.2;N;N;0;N;0.0;N;;0.05;0.15;0.1;0.02;0.0;N;Tr
Chutney, tomato, homemade;0;1.0;0.2;40.8;166;704;40.2;N;0.02;8;264;25;12;30;0.68;0.10;0.2;Tr;N;0;215;0.0;0.46;;0.08;0.01;0.7;0.15;0.0;10;8
Cider, dry;0;Tr;0.0;2.6;36;152;2.6;0.0;0.00;7;72;8;3;3;0.50;0.04;Tr;Tr;N;0;Tr;0.0;N;;Tr;Tr;0.0;0.01;Tr;N;0
Cider, low alcohol;0;Tr;0.0;3.6;17;74;3.6;0.0;0.00;3;81;7;2;4;0.10;0.03;Tr;Tr;Tr;0;Tr;0.0;N;;Tr;Tr;0.1;Tr;Tr;2;0
Cider, strong;0;Tr;0.0;7.3;68;285;7.3;0.0;0.00;2;97;5;4;9;0.30;0.02;Tr;Tr;N;0;Tr;0.0;N;;Tr;Tr;0.0;0.01;Tr;N;0
Cider, sweet;0;Tr;0.0;4.3;42;176;4.3;0.0;0.00;7;72;8;3;3;0.50;0.04;Tr;Tr;N;0;Tr;0.0;N;;Tr;Tr;0.0;0.01;Tr;N;0
Cinnamon, ground;0;4.0;1.2;N;N;N;2.2;53.1;0.35;10;431;1002;60;64;8.32;0.34;1.8;3;N;0;177;0.0;N;31.20;0.02;0.04;1.3;0.16;0.0;6;4
Citrus fruit, soft/easy peelers, flesh only;0;0.7;0.2;9.6;41;173;9.6;1.5;0.04;1;128;25;9;15;0.09;0.04;Tr;Tr;1;0;105;0.0;0.21;;0.17;0.03;0.4;0.06;0.0;19;42
Citrus fruit, soft/easy peelers, flesh only, weighed with peel and pips;0;0.5;0.2;7.5;32;136;7.5;1.2;0.03;1;100;19;7;12;0.07;0.03;Tr;Tr;1;0;82;0.0;0.16;;0.13;0.02;0.3;0.05;0.0;15;33
Cloves, dried;0;6.0;20.1;N;N;N;N;;4.40;240;1100;730;260;110;5.60;0.49;2.2;N;N;0;320;0.0;N;;0.11;0.27;1.5;N;0.0;0;0
Cockles, boiled;0;12.0;0.6;Tr;53;226;Tr;0.0;0.20;490;110;91;46;140;28.00;0.38;2.1;43;160;40;Tr;Tr;N;;0.05;0.11;1.2;0.04;47.0;N;Tr
Coco fritters, fried in rapeseed oil, homemade;0;4.7;22.5;26.1;322;1341;0.9;N;N;213;292;55;28;216;1.15;0.16;1.2;N;N;40;24;0.4;N;;0.09;0.10;0.6;0.08;0.5;N;7
Cocoa butter;0;Tr;99.5;0.0;896;3682;0.0;;59.00;Tr;Tr;Tr;Tr;Tr;Tr;Tr;Tr;Tr;N;N;N;Tr;1.05;;Tr;Tr;Tr;Tr;Tr;Tr;0
Cocoa powder;0;18.5;21.7;11.5;312;1301;Tr;N;12.80;N;1500;130;520;660;10.50;3.90;6.9;N;N;0;40;0.0;0.68;1.50;0.16;0.06;1.7;0.07;0.0;38;0
Cocoa powder, made up with semi-skimmed milk;0;3.7;2.0;6.7;58;244;6.5;N;1.27;41;178;118;20;103;0.22;0.07;0.5;1;N;18;9;Tr;0.04;;0.03;0.21;0.2;0.05;0.8;7;1
Cocoa powder, made up with skimmed milk;0;3.7;0.6;6.7;46;194;6.5;N;0.36;42;183;123;21;105;0.22;0.07;0.6;1;N;1;1;Tr;0.01;;0.03;0.20;0.1;0.05;0.8;7;0
Cocoa powder, made up with whole milk;0;3.6;3.9;6.6;74;311;6.3;N;2.44;41;179;118;20;105;0.22;0.08;0.6;1;N;35;14;Tr;0.06;;0.03;0.20;0.2;0.06;0.8;7;1
Coconut ice, homemade;0;1.8;12.3;67.1;369;1559;67.1;N;10.54;17;162;35;21;50;0.82;0.18;0.3;3;7;4;2;Tr;0.25;;0.01;0.05;0.2;0.03;0.2;3;0
Coconut milk;0;0.3;0.3;4.9;22;95;4.9;;0.20;110;280;29;30;30;0.10;0.04;0.1;N;N;0;0;0.0;Tr;;0.03;0.06;0.1;0.03;0.0;N;2
Coconut milk, reduced fat, retail;0;0,7;7.7;2;79;328;1,1;0.1;6.35;Tr;N;N;N;N;N;N;N;N;N;0;0;0.0;N;;N;N;N;N;0.0;N;N
Coconut milk, retail;0;1,1;16.9;3,3;169;697;2;0.4;14.64;Tr;N;N;N;N;N;N;N;N;N;0;0;0.0;N;;N;N;N;N;0.0;N;N
Coconut, desiccated;0;5.6;62.0;6.4;604;2492;6.4;N;53.40;28;660;23;90;160;3.60;0.55;0.9;12;3;0;0;0.0;1.26;;0.03;0.05;0.9;0.09;0.0;9;0
Coconut, flesh only, fresh;0;3.2;36.0;3.7;351;1446;3.7;;31.39;17;370;13;41;94;2.10;0.32;0.5;1;1;0;0;0.0;0.73;;0.04;0.01;0.5;0.05;0.0;26;3
Cod, dried, salted, boiled;0;32.5;0.9;0.0;138;586;0.0;0.0;0.20;400;31;22;35;160;0.40;N;N;52;N;2;Tr;Tr;N;;Tr;Tr;N;N;N;Tr;Tr
Cod, flesh only, baked;0;23.9;0.5;0.0;100;425;0.0;0.0;0.12;91;367;18;30;189;0.15;0.02;0.6;44;161;2;Tr;Tr;0.95;;0.10;0.09;2.0;0.12;1.9;8;Tr
Cod, flesh only, baked, weighed with bones and skin;0;21.3;0.4;0.0;89;377;0.0;0.0;0.11;81;327;16;27;168;0.13;0.02;0.5;39;161;2;Tr;Tr;0.85;;0.09;0.08;1.8;0.11;1.7;7;Tr
Cod, flesh only, grilled;0;24.6;0.8;0.0;106;448;0.0;0.0;0.23;128;453;17;35;238;0.10;0.03;0.5;32;276;3;Tr;Tr;0.93;;0.08;0.10;2.9;0.18;2.0;9;Tr
Cod, flesh only, microwaved;0;23.5;0.4;0.0;98;414;0.0;0.0;0.08;108;427;16;32;216;0.16;0.02;0.5;44;243;2;Tr;Tr;0.86;;0.08;0.10;1.8;0.13;2.2;8;Tr
Cod, flesh only, poached in milk, butter and salt added;0;20.9;1.1;Tr;94;396;Tr;;0.30;110;330;11;26;180;0.10;0.02;0.5;33;120;2;Tr;Tr;0.61;;0.04;0.06;2.8;0.21;2.0;14;Tr
Cod, flesh only, poached in milk, butter and salt added, weighed with bones and skin;0;18.2;1.0;Tr;81;345;Tr;;0.30;96;290;1;23;160;0.10;0.02;0.4;29;100;2;Tr;Tr;0.53;;0.03;0.05;2.4;0.18;1.0;12;Tr
Cod, flesh only, raw;0;17.5;0.6;0.0;75;320;0.0;0.0;0.16;91;322;12;25;169;0.10;0.02;0.3;23;196;2;Tr;Tr;0.66;0.01;0.06;0.08;2.3;0.14;1.5;7;Tr
Cod, flesh only, salted and smoked, raw;0;18.3;0.6;0.0;79;333;0.0;0.0;0.10;500;390;9;25;190;0.10;0.02;0.4;28;110;2;Tr;Tr;0.44;;0.04;0.05;2.0;0.17;1.0;5;Tr
Cod, flesh only, steamed;0;22.8;0.8;0.0;98;417;0.0;0.0;0.21;127;420;16;32;220;0.10;0.03;0.4;30;256;3;Tr;Tr;0.86;;0.07;0.10;2.7;0.18;1.9;9;Tr
Cod, flesh only, steamed, weighed with bones and skin;0;19.9;0.7;0.0;86;364;0.0;0.0;0.18;110;365;14;28;192;0.10;0.02;0.4;26;223;2;Tr;Tr;0.75;;0.06;0.09;2.4;0.16;1.6;8;Tr
Cod, in batter, baked;0;12.3;11.8;19.7;229;961;2;1.5;1.71;424;230;32;21;158;0.51;0.04;0.4;17;99;Tr;N;Tr;2.38;;0.07;0.07;0.9;0.20;1.7;12;Tr
Cod, in batter, fried in dripping, takeaway;0;16.8;14.7;10.7;240;1001;1.0;0.5;8.21;175;326;80;24;208;0.39;0.04;0.5;22;214;N;N;Tr;N;;0.07;0.12;2.1;0.24;2.1;16;Tr
Cod, in batter, fried in rapeseed oil;0;12.6;17.9;19.5;285;1189;1,4;1.5;2.12;424;230;32;21;158;0.51;0.04;0.4;17;99;Tr;Tr;Tr;3.73;;0.07;0.07;0.9;0.20;1.7;12;Tr
Cod, in batter, fried in sunflower oil, takeaway;0;16.8;14.7;19.5;240;1001;1.0;0.5;1.72;175;326;80;26;208;0.39;0.04;0.5;22;214;Tr;Tr;Tr;N;;0.07;0.12;2.1;0.24;2.1;16;Tr
Cod, in batter, fried, takeaway;0;16.8;14.7;10.7;240;1001;1.0;0.5;7.58;175;326;79;26;208;0.39;0.04;0.5;22;214;Tr;Tr;Tr;1.48;;0.07;0.12;2.1;0.24;2.1;16;Tr
Cod, in breadcrumbs, baked;0;13.7;8.3;19.8;204;858;0.9;1.9;1.33;330;245;41;22;137;0.54;0.05;0.4;21;99;Tr;N;Tr;1.84;;0.08;0.11;1.6;0.19;1.0;7;Tr
Coffee and chicory essence, with water;0;0.1;Tr;2.4;9;40;2.3;0.0;0.00;3;32;1;2;4;Tr;0.03;N;N;N;0;N;0.0;N;;0.00;0.00;0.1;N;0.0;N;0
Coffee, cappuccino, latte;0;2.0;0.8;3.2;27;114;2.4;0.0;0.52;25;129;65;10;50;0.06;0.02;0.2;1;9;12;5;0.7;Tr;;0.02;0.11;0.8;0.01;Tr;4;Tr
Coffee, infusion, average;0;0.2;Tr;0.3;2;8;0.3;0.0;Tr;Tr;92;3;8;7;0.10;Tr;Tr;Tr;Tr;0;0;0.0;Tr;0.06;Tr;0.01;0.7;Tr;0.0;Tr;0
Coffee, infusion, average, with semi-skimmed milk;0;0.6;0.2;0.7;7;29;0.7;;0.10;7;10;19;8;19;0.10;Tr;0.1;Tr;2;3;1;Tr;Tr;;0.01;0.03;0.6;0.01;Tr;1;0
Coffee, infusion, average, with single cream;0;0.4;1.2;0.3;14;56;0.3;;0.70;3;94;9;8;11;0.10;Tr;0.1;Tr;Tr;20;8;Tr;0.03;;Tr;0.02;0.6;Tr;Tr;1;0
Coffee, infusion, average, with whole milk;0;0.5;0.4;0.5;7;31;0.5;;0.30;6;97;15;8;16;0.10;Tr;0.1;Tr;2;6;2;Tr;0.01;;Tr;0.03;0.6;0.01;Tr;1;0
Coffee, infusion, strong;0;0.2;Tr;0.3;2;8;0.0;;Tr;1;120;3;10;8;0.10;0.01;0.1;Tr;Tr;0;0;0.0;Tr;;Tr;0.01;0.9;Tr;0.0;Tr;0
Coffee, infusion, weak;0;0.2;Tr;0.3;2;8;0.0;;Tr;Tr;64;2;5;5;Tr;Tr;Tr;Tr;Tr;0;0;0.0;Tr;;Tr;Tr;0.5;Tr;0.0;Tr;0
Coffee, instant, made up with water;0;0.0;Tr;Tr;Tr;2;0.0;;0.00;Tr;33;1;3;3;Tr;Tr;Tr;Tr;Tr;0;Tr;0.0;0.00;;0.00;Tr;0.2;0.00;0.0;Tr;0
Coffee, instant, made up with water and semi-skimmed milk;0;0.6;0.2;0.7;7;29;0.7;;0.10;8;49;17;4;15;Tr;Tr;0.1;Tr;2;3;1;Tr;Tr;;0.01;0.03;0.2;0.01;Tr;1;0
Coffee, instant, made up with water and whole milk;0;0.5;0.4;0.6;8;34;0.5;;0.30;7;45;14;4;13;Tr;Tr;0.1;Tr;2;6;2;Tr;0.01;;Tr;0.02;0.2;Tr;Tr;1;0
Coffee, Irish;0;0.4;8.8;2.7;125;516;2.5;;5.44;4;74;11;7;13;0.11;Tr;Tr;Tr;6;127;79;Tr;0.27;;Tr;0.04;0.5;Tr;0.1;1;Tr
Coffee, powder, instant;0;14.6;Tr;4.5;75;320;0.0;0.0;Tr;81;3780;140;330;310;4.60;0.62;1.1;9;Tr;0;N;0.0;Tr;4.30;0.04;0.21;24.8;0.02;0.0;11;0
Coffeemate, whitener powder;0;2.1;34.5;57.3;534;2202;9.4;0.0;26.00;400;900;4;N;350;N;N;N;N;N;0;200;0.0;N;6.00;0.00;1.00;0.0;0.00;0.0;0;0
Cola;0;Tr;0.0;10.9;41;174;10.9;0.0;0.00;5;1;6;1;30;Tr;Tr;Tr;Tr;Tr;0;0;0.0;0.00;;0.00;0.00;0.0;0.00;0.0;0;0
Cola, diet;0;Tr;0.0;Tr;1;2;Tr;0.0;0.00;5;1;6;1;30;Tr;Tr;Tr;Tr;Tr;0;0;0.0;0.00;;0.00;0.00;0.0;0.00;0.0;0;0
Cole leaves, dried, boiled in unsalted water;0;1.7;0.8;1.2;19;78;0.9;;0.10;85;170;67;17;35;2.40;0.10;0.3;N;N;0;76;0.0;N;;0.01;0.05;0.4;N;0.0;4;Tr
Coleslaw, not low calorie, retail;0;0.8;16.3;6.0;173;714;6.0;1.2;1.65;296;156;36;8;21;0.25;Tr;0.1;1;3;37;694;Tr;3.93;;0.02;0.42;0.2;0.13;0.1;56;1
Coleslaw, with reduced calorie dressing, retail;0;0.9;9.1;6.5;110;456;6.5;1.6;0.73;197;175;40;8;20;0.23;0.02;0.1;1;3;N;N;N;1.41;;0.02;0.42;0.2;0.13;N;56;1
Coley, flesh only, baked;0;24.4;1.5;0.0;111;469;0.0;0.0;0.27;92;410;10;43;231;0.37;0.05;0.6;45;151;5;Tr;Tr;0.77;;0.22;0.18;2.8;0.33;4.2;6;Tr
Coley, flesh only, grilled;0;27.2;1.4;0.0;105;446;0.0;0.0;0.25;88;390;10;41;220;0.35;0.05;0.5;42;143;5;Tr;Tr;0.73;;0.27;0.20;3.0;0.31;4.5;7;Tr
Coley, flesh only, poached;0;25.0;1.5;0.0;114;481;0.0;0.0;0.27;95;420;10;44;237;0.37;0.06;0.6;46;154;5;Tr;Tr;0.79;;0.29;0.24;3.2;0.37;4.8;7;Tr
Coley, flesh only, raw;0;18.0;1.1;0.0;82;347;0.0;0.0;0.20;68;303;7;32;171;0.27;0.04;0.4;33;111;4;Tr;Tr;0.57;;0.23;0.17;2.6;0.27;3.5;5;Tr
Coley, flesh only, steamed;0;23.0;1.4;0.0;105;443;0.0;0.0;0.25;87;387;10;40;218;0.34;0.05;0.6;42;142;5;Tr;Tr;0.73;;0.26;0.22;3.0;0.34;4.4;7;Tr
Coley, flesh only, steamed, weighed with bones and skin;0;20.9;1.3;0.0;95;403;0.0;0.0;0.23;79;352;9;37;199;0.31;0.05;0.5;38;39;5;Tr;Tr;0.73;;0.26;0.22;3.0;0.34;4.4;7;Tr
Complan powder, original and sweet;0;15.6;14.7;64.8;438;1846;42.8;Tr;6.50;190;660;540;96;440;7.40;0.53;5.3;19;79;440;Tr;4.4;11.00;67.00;0.96;1.20;14.0;1.20;2.3;180;70
Complan powder, savoury;0;16.1;15.6;62.5;439;1852;6.2;0.2;6.62;900;730;420;96;490;7.40;0.53;5.3;19;79;440;Tr;4.4;11.00;67.00;0.96;1.20;14.0;1.20;2.3;180;70
Complan powder, savoury, made up with water;0;3.6;3.5;13.9;97;411;1.4;0.0;1.47;200;162;93;21;109;1.64;0.12;1.2;4;18;98;Tr;1.0;2.44;;0.21;0.27;3.1;0.27;0.5;40;16
Complan powder, sweet, made up with semi-skimmed milk;0;6.1;4.5;17.8;132;557;13.0;Tr;2.26;75;267;212;29;170;1.63;0.12;1.5;5;41;111;7;1.0;2.44;;0.23;0.45;3.2;0.31;1.2;46;17
Complan powder, sweet, made up with skimmed milk;0;6.1;3.4;17.9;122;517;13.1;Tr;1.52;76;271;216;30;171;1.64;0.12;1.5;5;41;97;Tr;1.0;2.41;;0.23;0.44;3.2;0.31;1.2;46;16
Complan powder, sweet, made up with water;0;3.5;3.3;14.6;98;415;9.6;Tr;1.46;43;148;121;22;99;1.66;0.12;1.2;4;18;99;Tr;1.0;2.47;;0.22;0.27;3.1;0.27;0.5;40;16
Complan powder, sweet, made up with whole milk;0;6.1;6.0;17.7;145;611;12.9;Tr;3.21;74;267;212;30;171;1.64;0.12;1.6;5;42;124;11;1.0;2.45;;0.23;0.45;3.2;0.31;1.2;45;17
Coo-coo, homemade;0;2.4;1.8;17.7;99;412;N;N;0.64;9;57;9;14;32;0.36;0.04;0.3;N;N;11;32;0.0;N;0.09;0.05;0.01;0.2;N;0.0;N;1
Cooking fat, compound, not polyunsaturated;0;Tr;100.0;0.0;900;3700;0.0;0.0;42.30;Tr;Tr;Tr;Tr;Tr;Tr;Tr;Tr;Tr;Tr;0;0;0.0;Tr;13.80;0.00;0.00;0.0;0.00;0.0;0;0
Coq au vin, homemade;0;11.0;11.0;3.3;188;783;0.4;0.2;4.19;154;286;14;19;88;1.02;0.08;0.9;9;6;50;28;0.3;0.18;;0.10;0.15;2.6;0.15;0.4;5;1
Coq au vin, homemade, weighed with bone;0;9.0;9.0;2.7;150;627;0.3;0.2;3.42;154;286;14;19;88;1.02;0.08;0.9;9;6;41;24;0.3;N;;0.08;0.12;2.1;0.13;Tr;4;0
Coriander leaves, dried;0;21.8;4.8;41.7;279;1168;N;;N;210;4470;1250;690;480;8.00;1.24;2.9;N;N;0;7870;0.0;N;;1.25;1.50;10.7;N;0.0;0;0
Coriander leaves, fresh;0;2.1;0.5;1.2;18;74;0.9;2.8;N;46;521;67;26;48;1.77;0.23;0.5;N;N;0;4049;0.0;2.50;310.00;0.07;0.12;1.1;0.15;0.0;62;27
Coriander seeds;0;12.4;17.8;N;N;N;N;41.9;0.99;35;1270;709;330;409;16.32;0.97;4.7;26;N;0;Tr;0.0;N;;0.24;0.29;2.1;N;0.0;0;21
Corn fritters, fried in rapeseed oil, homemade;0;5.8;15.2;32.9;287;1201;4.9;2.5;2.65;144;158;66;16;165;0.91;0.07;0.6;4;N;37;29;0.4;3.49;;0.16;0.12;1.0;0.09;0.5;25;9
Corn pudding, homemade;0;4.7;2.9;8.9;78;330;5.9;1.6;0.98;43;173;65;14;95;0.44;0.03;0.5;4;21;27;23;0.5;0.51;;0.14;0.19;0.9;0.10;0.8;26;11
Corn snacks;0;6.0;30.4;60.8;526;2199;5.5;1.3;2.76;909;329;71;20;96;0.30;0.05;0.4;9;N;0;232;0.0;8.43;15.50;0.23;0.31;0.3;Tr;0.0;5;Tr
Corned beef hash, homemade;0;10.5;5.9;12.3;141;592;1.9;1.3;3.26;321;303;21;18;71;1.10;0.11;2.1;3;9;23;16;0.5;0.37;;0.15;0.06;1.1;0.10;0.6;13;6
Corned beef, canned;0;25.9;10.9;1.0;205;860;1.0;0.0;5.70;860;140;27;15;130;2.40;0.18;5.5;8;14;Tr;Tr;1.3;0.78;2.00;Tr;0.20;2.6;0.18;2.0;5;0
Cornetto type ice cream cone;0;3.5;14.4;39.6;292;1225;27.9;1.2;11.04;90;212;62;33;88;1.53;0.13;0.4;1;17;27;15;N;0.06;;0.07;0.18;0.4;0.03;0.7;9;N
Cornish pasty, homemade;0;6.7;19.2;27.8;287;1199;2.3;2.5;7.07;131;217;56;14;68;0.85;0.02;0.9;3;N;1;1038;0.1;1.84;;0.11;0.03;1.4;0.12;0.3;9;4
Cornish pasty, retail;0;7.0;17.8;24.0;278;1161;2.1;2.9;8.53;470;200;47;16;69;0.99;0.08;1.0;3;3;Tr;21;Tr;0.85;;0.09;0.06;1.3;0.19;Tr;5;Tr
Cornmeal, sifted;0;9.4;3.3;73.1;368;1540;N;;;Tr;170;3;44;120;1.30;0.15;1.0;N;N;;;0.0;Tr;;0.26;0.08;1.0;N;0.0;N;3
Coronation chicken, homemade;0;16.6;31.4;3.5;362;1500;3.4;0.2;3.25;122;208;10;17;134;0.71;0.07;0.9;9;7;34;Tr;0.1;7.98;;0.04;0.13;5.5;0.24;0.1;9;Tr
Coronation chicken, reduced fat, homemade;0;16.6;14.8;4.2;216;898;2.9;0.2;2.00;N;211;12;17;136;0.77;0.07;0.9;10;N;N;21;0.1;3.10;;0.04;0.17;5.5;N;0.2;N;1
Courgette, boiled in unsalted water;0;1,3;0,3;1,8;15;62;1,7;0,8;0,08;Tr;238;22;16;36;0,37;0,07;0,2;Tr;5;0;195;0;0,51;;0,05;0,03;0,4;0,07;0;21;1
Courgette, dried;0;23,3;3,6;41,2;280;1188;39,4;9;0,9;Tr;6104;485;421;723;7,5;1,45;4,7;23;88;0;3491;0;5,55;;Tr;Tr;Tr;Tr;0;Tr;Tr
Courgette, fried in butter;0;2.6;4.8;2.6;63;265;2.5;;3.10;1;490;38;32;61;1.40;0.05;0.5;1;N;0;500;0.0;0.83;;0.10;0.01;0.4;0.09;0.0;42;15
Courgette, fried in corn oil;0;2.6;4.8;2.6;63;265;2.5;N;0.60;1;490;38;32;61;1.40;0.05;0.5;1;N;0;500;0.0;0.83;3.69;0.10;0.01;0.4;0.09;0.0;42;15
Courgette, fried in rapeseed oil;0;2.6;4.8;2.6;63;265;2.5;;0.39;1;490;38;32;61;1.40;0.05;0.5;1;N;0;500;0.0;0.98;;0.10;0.01;0.4;0.09;0.0;42;15
Courgette, raw;0;1,3;0,2;2,3;16;66;2,2;0,5;0,05;Tr;341;27;24;40;0,42;0,08;0,3;1;5;0;195;0;0,31;3,3;0,03;0,02;Tr;0,07;0;34;5
Courgette, roasted in rapeseed oil;0;2;1,9;3,6;39;162;3,4;0,8;0,16;Tr;526;42;36;62;0,65;0,12;0,4;2;8;0;301;0;0,69;;0,04;0,03;Tr;0,08;0;23;6
Courgettes with eggs, homemade;0;3.9;9.7;2.2;112;462;2.0;N;1.66;28;355;33;22;73;1.04;0.03;0.5;5;N;22;541;0.6;N;;0.11;0.09;0.2;0.13;0.5;29;9
Couscous, plain, cooked;0;7.2;1.0;37.5;178;759;1.0;2.2;0.18;4;154;20;32;129;1.02;0.21;0.9;3;Tr;0;0;0.0;0.06;;0.13;Tr;2.1;0.08;0.0;13;0
Couscous, plain, raw;0;12.0;2.1;79.2;364;1549;2.3;3.7;0.30;4;287;28;59;238;2.00;0.36;1.8;5;Tr;0;0;0.0;0.13;;0.28;0.06;2.6;0.15;0.0;28;0
Crab, brown meat, purchased cooked;0;18.8;7.8;Tr;145;608;Tr;0.0;1.26;351;167;366;49;488;2.46;2.49;5.9;225;333;6;Tr;Tr;7.33;;0.06;1.50;1.0;0.22;22.4;19;Tr
Crab, canned in brine, drained;0;18.1;0.5;Tr;77;326;Tr;0.0;0.10;550;100;120;32;140;2.80;0.42;5.7;N;N;Tr;Tr;Tr;N;;Tr;N;1.1;N;N;N;Tr
Crab, purchased cooked;0;19.7;4.1;Tr;115;484;Tr;0.0;0.65;337;204;226;42;318;1.50;1.72;6.6;156;218;3;Tr;Tr;4.73;;0.05;0.88;0.7;0.16;12.9;13;Tr
Crab, white and brown meat, purchased cooked, weighed with shell;0;8.6;1.8;Tr;51;213;Tr;0.0;0.29;148;90;99;18;140;0.66;0.76;2.9;69;96;1;Tr;Tr;2.08;;0.02;0.39;0.3;0.07;5.7;6;Tr
Crab, white meat, purchased cooked;0;20.5;0.3;Tr;85;360;Tr;0.0;0.04;322;240;86;34;147;0.53;0.95;7.2;87;103;Tr;Tr;Tr;2.12;;0.03;0.25;0.5;0.10;3.4;6;Tr
Crackers, wholemeal, homemade;0;9.8;10.5;76.7;421;1781;0.8;5.4;3.38;161;230;80;38;161;2.12;0.23;1.0;3;N;N;83;N;N;;0.23;0.09;2.5;0.20;0.0;32;Tr
Cranberries;0;0.4;0.1;3.4;15;65;3.4;;Tr;2;95;12;7;11;0.70;0.05;0.2;Tr;N;0;22;0.0;N;;0.03;0.02;0.1;0.07;0.0;2;13
Cranberry fruit juice drink;0;Tr;0.0;12.1;45;194;12.1;Tr;0.00;Tr;N;N;N;N;N;N;N;0;N;0;0;0.0;0.00;;Tr;Tr;Tr;Tr;0.0;Tr;30
Crayfish, raw;0;14.9;0.8;0.0;67;283;0.0;;0.10;150;260;33;25;240;2.20;0.44;1.3;70;100;Tr;Tr;Tr;N;;0.05;0.04;1.9;0.07;2.0;30;Tr
Cream crackers;0;8.9;16.4;69.7;445;1874;1.5;3.9;7.38;384;215;93;22;103;1.97;0.17;0.7;3;Tr;0;0;0.0;1.68;;0.14;0.02;1.5;0.06;0.0;19;0
Cream of tartar;0;0.0;0.0;0.0;239;1005;0.0;;0.00;0;20780;0;0;0;0.00;0.00;0.0;0;0;0;0;0.0;0.00;;0.00;0.00;0.0;0.00;0.0;0;0
Cream substitute, double;0;2.6;35.7;3.6;345;1423;3.6;0.2;24.34;47;109;79;8;73;0.22;Tr;0.3;2;N;10;363;Tr;1.33;;N;N;N;N;N;N;N
Cream substitute, single;0;3.1;14.5;4.0;158;654;4.0;N;9.19;61;139;96;10;88;0.12;Tr;0.3;2;N;11;166;Tr;0.84;;N;N;N;N;N;N;N
Cream, dairy, extra thick (24% fat);0;2.9;23.5;3.4;236;973;3.4;0.0;15.25;29;100;95;8;81;0.05;0.01;0.3;N;N;435;384;0.3;0.80;;0.03;0.19;0.1;0.03;0.4;5;1
Cream, dairy, UHT, canned spray, 85% cream;0;1.9;24.2;7.2;252;1043;7.2;0.0;15.20;31;107;54;7;57;Tr;Tr;0.2;1;11;279;111;0.3;0.79;;0.03;0.26;0.1;0.02;0.1;6;0
Cream, dairy, UHT, half fat, canned spray;0;2.8;17.3;7.6;196;811;7.4;0.0;10.87;35;110;87;9;77;Tr;Tr;0.3;1;11;147;39;Tr;0.46;;0.03;0.26;0.1;0.02;0.1;6;0
Cream, fresh, clotted;0;1.6;63.5;2.3;586;2413;2.3;0.0;39.70;18;55;37;5;40;0.10;0.09;0.2;Tr;N;705;685;0.3;1.48;;0.02;0.16;Tr;0.03;0.1;6;Tr
Cream, fresh, double, including Jersey cream;0;1.6;53.7;1.7;496;2041;1.7;0.0;33.39;22;65;49;5;52;0.06;Tr;0.2;3;35;779;483;0.3;1.64;6.40;0.02;0.19;Tr;0.01;0.6;7;1
Cream, fresh, single;0;3.3;19.1;2.2;193;798;2.2;0.0;12.15;29;104;89;8;79;Tr;Tr;0.3;N;N;291;169;0.3;0.47;;0.03;0.19;0.1;0.03;0.4;5;1
Cream, fresh, whipping;0;2.0;40.3;2.7;381;1568;2.7;0.0;25.23;25;86;58;6;59;Tr;Tr;0.2;N;N;399;247;0.3;1.32;;0.02;0.17;Tr;0.04;0.2;7;1
Cream, half, fresh;0;3.0;13.3;4.3;148;613;4.3;;8.30;49;120;99;11;82;0.10;Tr;0.3;Tr;N;190;54;0.1;0.29;;0.03;0.18;0.1;0.05;0.3;6;1
Crème caramel, homemade;0;5.1;3.3;28.7;157;667;28.7;0.0;1.23;64;121;77;9;97;0.52;0.04;0.5;7;29;43;5;0.9;0.36;;0.03;0.22;0.1;0.05;1.2;9;1
Creme caramel, retail;0;3.0;1.6;20.6;104;440;18.0;N;0.89;70;150;94;9;77;Tr;Tr;0.3;N;33;37;8;0.1;0.03;;0.03;0.20;0.1;0.03;0.3;8;0
Creme egg;0;4.0;15.9;71.0;425;1792;58.0;N;9.70;63;145;85;27;130;0.80;0.10;0.6;Tr;N;47;55;0.6;1.07;;0.06;0.34;0.2;0.03;1.0;12;0
Creme fraiche, full fat;0;2.2;40.0;2.4;378;1556;2.1;0.0;27.10;22;81;58;6;58;0.11;Tr;0.2;0;8;388;143;0.3;0.72;;0.02;0.21;0.1;0.01;0.2;3;N
Creme fraiche, half fat;0;2.7;15.0;4.4;162;671;3.0;0.0;10.16;36;122;95;9;81;0.10;Tr;0.3;4;8;300;21;Tr;0.42;;0.02;0.21;0.1;0.01;0.2;3;N
Crispbread, rye;0;8.6;1.4;63.4;284;1210;3.4;20.0;0.16;264;511;38;89;292;2.50;0.32;2.2;5;Tr;0;0;0.0;0.40;;0.26;0.04;0.9;0.10;0.0;29;0
Croissants;0;8.3;19.7;43.3;373;1563;5.3;3.1;9.76;330;126;75;19;93;1.10;0.05;0.7;8;N;163;19;0.1;0.99;;0.19;0.16;1.5;0.11;Tr;47;0
Crumble, apple, homemade;0;1.7;6.4;35.0;201;845;23.4;0.8;2.09;64;91;24;6;25;0.44;0.06;0.1;1;2;N;68;N;N;0.20;0.05;0.02;0.3;0.05;0.0;2;7
Crumble, fruit, homemade;0;2.0;6.4;34.5;195;823;21.1;N;2.10;65;169;41;9;33;0.54;0.09;0.2;0;N;N;150;N;N;1.37;0.05;0.03;0.5;0.04;0.0;2;5
Crumble, fruit, retail;0;2.4;8.3;36.0;219;924;21.8;2.3;3.97;82;82;41;6;27;0.25;Tr;0.2;2;4;47;35;0.7;0.74;;0.08;0.02;0.5;0.05;0.0;10;3
Crumble, fruit, wholemeal, homemade;0;2.5;7.3;32.7;198;834;21.3;N;4.37;63;200;31;19;62;0.63;0.12;0.4;1;3;80;144;0.1;0.51;;0.06;0.03;1.0;0.08;0.0;3;5
Crumble, vegetable, with tinned tomatoes, homemade;0;3.1;9.6;20.1;174;730;4.9;N;2.31;69;288;38;17;48;0.95;0.09;0.3;1;N;N;1896;N;N;;0.15;0.05;0.9;0.13;0.0;14;9
Crumble, vegetable, with tinned tomatoes, wholemeal, homemade;0;3.6;9.7;18.1;170;709;5.0;N;2.28;69;322;26;28;79;1.05;0.13;0.5;1;N;N;1896;N;N;;0.16;0.06;1.5;0.18;0.0;14;9
Crumble, vegetable, with white sauce, homemade;0;4.9;7.9;19.6;165;692;4.0;1.9;2.70;82;187;89;15;91;0.60;0.05;0.6;1;N;N;82;N;N;;0.11;0.12;0.8;0.10;0.3;18;12
Crumble, vegetable, with white sauce, wholemeal, homemade;0;5.4;7.9;20.8;171;719;4.6;N;2.66;148;234;78;27;126;0.73;0.07;0.8;2;N;N;98;N;N;;0.08;0.12;1.3;0.14;0.3;16;10
Crumble, with pie filling, homemade;0;1.9;6.6;37.2;207;872;19.4;0.7;N;96;91;39;8;31;1.05;0.05;0.1;1;N;N;71;N;N;0.13;0.04;0.02;0.4;N;0.0;2;4
Crumpets, toasted;0;6.9;1.0;45.4;207;881;3.1;3.1;0.10;1029;168;123;17;220;1.44;0.10;0.6;6;1;0;0;0.0;0.26;;0.23;0.06;1.7;0.07;0.0;9;0
Cucumber, raw, flesh and skin;0;1.0;0.6;1.2;14;60;1.2;0.7;N;4;156;21;10;23;0.30;0.03;0.1;Tr;3;0;74;0.0;0.04;20.90;0.03;0.02;0.2;0.01;0.0;14;2
Cumin seeds;0;17.8;22.3;N;N;N;2.3;10.5;1.54;168;1790;931;366;499;66.36;0.87;4.8;N;N;0;762;0.0;3.33;5.40;0.63;0.33;4.6;0.44;0.0;10;8
Curly kale, boiled in unsalted water;0;2,7;1,3;1;26;110;0,9;3,5;0,24;6;229;231;13;46;1,11;0,03;0,2;2;2;0;2097;0;2,69;;Tr;0,03;0,4;0,09;0;97;25
Curly kale, raw;0;3.4;1.6;1.4;33;140;1.3;N;0.20;43;450;130;34;61;1.70;0.03;0.4;2;N;0;3145;0.0;1.70;623.00;0.08;0.09;1.0;0.26;0.0;120;110
Currant buns, retail;0;8.0;5.6;52.6;280;1185;16.0;2.9;1.86;230;210;110;27;100;1.90;0.18;0.6;N;N;Tr;Tr;0.0;0.37;;0.22;0.16;2.1;0.11;Tr;12;1
Currant buns, toasted;0;8.9;6.2;58.4;311;1316;17.8;3.2;2.07;260;233;122;30;111;2.11;0.20;0.7;N;N;Tr;Tr;0.0;0.41;;0.24;0.18;2.3;0.12;Tr;13;1
Currants;0;2.3;0.4;67.8;267;1139;67.8;;N;14;720;93;30;71;1.30;0.81;0.3;N;N;0;6;0.0;N;;0.16;0.05;0.9;0.23;0.0;4;Tr
Curry leaves, fresh;0;7.9;1.3;13.3;97;409;N;;N;N;N;820;220;57;5.10;0.21;N;N;N;0;6780;0.0;N;;0.08;0.21;2.3;N;0.0;94;8
Curry paste;0;4.7;21.3;11.3;253;1049;7.0;6.8;N;1520;520;150;75;110;12.80;0.29;0.8;N;N;0;N;0.0;N;;0.09;0.13;1.8;N;Tr;N;0
Curry powder;0;9.5;10.8;26.1;233;979;N;N;N;450;1830;640;280;270;58.30;1.04;4.1;N;N;0;100;0.0;N;;0.25;0.28;3.5;0.10;0.0;56;1
Curry powder, mixed flavours;0;13.0;13.9;34.7;316;1325;N;;N;400;1880;460;240;330;32.30;N;3.7;N;N;0;14420;0.0;N;;0.40;0.78;7.3;N;0.0;0;0
Curry, almond, homemade;0;5.7;33.4;3.3;328;1354;1.1;N;14.15;51;330;91;72;145;3.91;0.25;1.0;1;N;209;623;0.2;5.78;;0.08;0.17;1.0;0.07;Tr;12;6
Curry, beef and spinach, homemade;0;11.4;4.4;3.6;94;394;2.8;N;1.28;36;355;52;27;110;3.02;0.10;2.7;4;8;Tr;1157;0.3;1.11;134.35;0.11;0.13;2.1;0.23;0.7;15;6
Curry, beef, homemade;0;17.7;15.4;1.2;209;870;0.6;N;2.61;57;318;25;26;164;1.95;0.03;4.9;6;14;Tr;104;0.4;2.41;;0.06;0.19;2.8;0.30;1.3;20;1
Curry, beef, reduced fat, homemade;0;18.8;7.1;1.3;139;583;0.7;1.0;2.26;64;338;27;27;174;2.08;0.04;5.2;6;14;Tr;81;0.4;0.99;;0.07;0.20;3.0;0.32;1.3;22;1
Curry, beef, retail, reheated;0;13.5;6.6;6.3;137;575;4.5;2.4;3.10;190;340;N;N;N;N;N;N;N;N;Tr;Tr;N;0.62;;0.05;0.16;2.4;0.20;N;N;Tr
Curry, beef, retail, reheated, with rice;0;9.5;4.6;18.2;147;621;2.6;1.8;1.90;173;216;N;N;N;N;N;N;N;N;Tr;Tr;N;0.51;;0.06;0.09;2.4;0.15;N;N;Tr
Curry, bhindi subji, homemade;0;2.9;4.6;4.9;71;298;4.4;7.2;0.40;437;372;108;56;78;0.78;0.13;0.6;3;N;0;275;0.0;4.10;;0.67;0.14;0.4;Tr;0.0;25;Tr
Curry, black gram, whole and red kidney bean, homemade;0;4.5;5.0;8.4;94;394;1.2;N;0.36;26;215;36;32;74;1.61;0.15;0.6;N;1;0;108;0.0;N;;0.09;0.06;0.4;0.04;0.0;12;2
Curry, black gram, whole, Bengali, homemade;0;4.4;2.8;8.5;76;318;1.6;N;1.62;33;173;31;29;68;1.20;0.13;0.5;N;N;29;88;0.0;N;;0.07;0.06;0.4;N;0.0;13;1
Curry, black gram, whole, Gujerati, homemade;0;8.4;6.7;15.3;154;645;2.5;N;3.96;71;387;61;58;132;2.41;0.28;1.0;N;N;71;182;0.1;N;;0.19;0.11;0.8;N;Tr;24;4
Curry, black-eye bean, homemade;0;8.1;4.4;18.4;139;588;1.0;N;0.44;23;422;30;49;142;2.83;0.26;1.1;2;N;0;92;0.0;N;;0.24;0.06;0.6;0.10;0.0;106;1
Curry, black-eye bean, Punjabi, homemade;0;6.0;4.0;13.7;111;469;1.1;;2.50;N;240;16;30;97;1.30;0.15;0.8;2;N;35;64;Tr;0.16;;0.14;0.03;0.4;0.08;Tr;140;1
Curry, Bombay potato, homemade;0;1.8;6.7;13.8;118;492;1.2;1.9;0.48;16;417;16;22;39;0.96;0.07;0.3;Tr;4;0;145;0.0;1.55;;0.14;0.01;0.4;0.29;0.0;8;8
Curry, cabbage, masala, homemade;0;1.7;4.9;8.1;83;344;6.4;3.2;0.33;25;312;52;17;35;0.66;0.07;0.2;1;4;0;188;0.0;1.61;;0.20;0.03;0.6;0.14;0.0;32;19
Curry, cauliflower and potato, homemade;0;2.6;2.0;6.7;60;251;2.7;2.1;0.19;13;333;19;17;41;0.60;0.05;0.3;1;1;0;74;0.0;0.56;;0.09;0.06;0.6;0.26;0.0;24;24
Curry, chick pea dahl and spinach, with butter, homemade;0;6.4;12.0;12.9;182;757;0.9;N;6.69;135;326;60;39;95;2.21;0.27;1.1;1;N;120;1053;0.1;1.38;;0.10;0.07;0.6;0.12;Tr;43;3
Curry, chick pea dahl and spinach, with vegetable oil, homemade;0;6.3;14.2;12.8;201;837;0.9;N;0.98;44;322;58;39;93;2.23;0.27;1.1;1;N;0;977;0.0;3.94;;0.10;0.06;0.6;0.12;0.0;43;3
Curry, chick pea dhal, homemade;0;7.9;6.1;17.8;152;639;1.9;N;0.68;32;390;24;40;118;1.99;0.36;1.3;1;N;0;140;0.0;3.10;;0.12;0.07;0.7;0.17;0.0;32;2
Curry, chick pea, UK type, homemade;0;5.9;3.5;14.3;109;458;2.7;N;0.28;12;290;42;30;68;1.81;0.21;0.9;1;N;0;167;0.0;1.44;;0.11;0.06;0.7;0.14;0.0;47;4
Curry, chick pea, whole and potato, homemade;0;5.9;5.4;12.6;119;500;2.1;N;0.72;17;220;61;24;81;1.18;0.15;0.8;1;N;5;17;0.0;1.42;;0.09;0.09;0.5;0.25;Tr;41;1
Curry, chick pea, whole and tomato, Gujerati, with butter ghee, homemade;0;7.7;14.4;20.1;237;991;3.8;N;7.63;15;465;66;51;121;2.25;0.34;1.1;1;N;117;393;0.1;1.94;;0.13;0.07;0.8;0.21;Tr;36;6
Curry, chick pea, whole and tomato, Gujerati, with vegetable oil, homemade;0;7.7;14.7;20.1;238;992;3.8;N;1.03;15;465;66;51;121;2.27;0.34;1.1;1;N;0;156;0.0;4.03;;0.13;0.07;0.8;0.21;0.0;36;6
Curry, chick pea, whole and tomato, Punjabi, with butter, homemade;0;5.6;4.3;12.4;107;450;1.1;;2.00;N;210;32;25;58;1.40;0.19;0.8;1;N;28;80;Tr;0.89;;0.08;0.05;0.6;0.11;Tr;36;1
Curry, chick pea, whole and tomato, Punjabi, with vegetable oil, homemade;0;5.6;4.9;12.4;112;473;1.1;;0.50;N;210;32;25;57;1.40;0.19;0.8;1;N;0;65;0.0;1.66;;0.08;0.05;0.6;0.11;0.0;36;1
Curry, chick pea, whole, Gujerati type, homemade;0;9.7;7.6;21.8;183;771;1.2;N;0.59;43;501;89;65;147;3.96;0.44;1.4;1;N;0;142;0.0;2.35;;0.15;0.09;0.8;0.19;0.0;39;2
Curry, chicken balti, retail;0;10.5;5.0;4.8;105;441;3.5;2.0;0.89;258;333;39;26;105;0.90;0.12;0.5;7;N;N;210;N;2.37;;0.04;0.14;3.3;0.14;0.1;14;3
Curry, chicken korma, homemade;0;14.6;5.1;4.6;127;530;2.8;0.7;1.15;68;337;63;26;142;0.89;0.05;1.0;8;16;13;37;0.1;0.88;;0.10;0.17;3.7;0.23;0.3;10;1
Curry, chicken tandoori, retail, reheated;0;27.4;10.8;2.0;214;897;1.0;0.8;3.30;N;470;58;36;280;1.80;0.12;1.5;16;7;Tr;210;0.2;1.49;;0.12;0.19;10.2;0.61;1.0;16;2
Curry, chicken tikka masala, retail, reheated;0;12.4;9.8;4.9;156;652;3.6;1.4;3.30;220;310;60;25;140;1.30;0.10;0.7;7;7;49;104;0.3;1.57;;0.08;0.14;4.2;0.29;0.5;21;Tr
Curry, chicken vindaloo, homemade;0;18.5;12.5;2.6;192;799;1.7;0.7;1.19;65;405;38;35;151;2.24;0.08;1.2;10;7;9;88;0.1;2.46;;0.12;0.13;5.1;0.27;Tr;9;2
Curry, chicken vindaloo, reduced fat, homemade;0;19.6;4.1;2.7;121;509;1.8;N;0.42;68;429;40;38;160;2.37;0.09;1.2;7;6;9;93;0.1;0.37;;0.13;0.14;5.4;0.29;Tr;10;2
Curry, chicken, average, retail, reheated;0;12.1;8.9;5.4;149;621;4.4;1.5;4.00;240;300;N;N;N;N;N;N;N;N;N;370;N;1.30;;0.20;0.14;3.8;0.24;N;N;1
Curry, chicken, average, retail, reheated with rice;0;8.5;5.8;18.2;154;648;2.4;1.3;2.34;200;188;N;N;N;N;N;N;N;N;N;204;N;0.88;;0.15;0.08;3.1;0.17;N;N;1
Curry, chicken, average, takeaway;0;11.7;9.8;2.5;145;603;1.2;2.2;2.87;356;218;41;22;112;2.32;0.08;0.6;7;7;15;119;0.3;2.12;;0.05;0.07;2.5;0.19;Tr;N;Tr
Curry, chicken, made with cook-in sauce;0;18.6;5.4;5.5;144;604;3.9;1.5;1.00;246;448;25;32;147;1.19;0.08;1.1;11;6;9;236;0.1;2.40;;0.11;0.13;5.5;0.29;Tr;14;2
Curry, chicken, Thai green, takeaway and restaurant;0;8.8;8.7;1.5;119;496;0.5;2.6;5.29;550;224;23;25;87;1.32;0.07;0.5;7;7;2;386;0.3;0.99;;0.02;0.05;2.5;0.14;0.2;7;1
Curry, courgette and potato, homemade;0;1.8;5.9;9.6;96;401;1.8;N;0.35;2;405;17;21;42;0.59;0.04;0.3;Tr;N;0;363;0.0;N;;0.12;0.01;0.3;0.23;0.0;17;11
Curry, dudhi, kofta, homemade;0;2.6;6.9;9.3;111;466;N;N;1.87;4;196;27;15;37;0.79;0.10;0.5;N;N;25;152;0.0;N;;0.10;0.03;0.5;0.14;Tr;12;4
Curry, egg and potato, homemade;0;7.5;9.3;6.5;138;576;1.5;1.1;1.58;83;280;43;19;117;1.79;0.08;0.8;12;27;55;154;1.5;1.91;;0.10;0.23;0.3;0.19;0.9;18;4
Curry, egg, in sweet sauce, UK type, homemade;0;6.3;7.3;5.9;112;469;3.4;N;1.90;67;155;38;13;96;1.70;0.07;0.6;11;22;48;25;1.3;1.34;;0.07;0.20;0.2;0.07;0.8;15;1
Curry, egg, with butter, homemade;0;5.4;10.6;4.7;135;561;3.4;1.4;5.56;130;190;39;14;85;1.18;0.07;0.6;8;23;124;218;1.1;1.08;;0.09;0.17;0.4;0.14;0.7;14;2
Curry, egg, with rapeseed oil, homemade;0;5.3;12.2;4.7;149;619;3.3;1.4;1.46;65;188;38;14;83;1.19;0.07;0.6;8;23;38;163;1.0;2.91;;0.09;0.17;0.4;0.14;0.6;14;2
Curry, fish and vegetable, Bangladeshi, homemade;0;9.1;8.7;1.4;118;490;1.1;N;N;N;234;N;N;153;1.07;0.07;N;N;N;N;188;N;N;;N;N;2.1;N;2.7;N;3
Curry, fish, Bangladeshi, homemade;0;12.4;8.0;1.5;125;520;1.2;0.8;0.78;N;257;N;N;261;1.14;0.09;N;N;N;N;78;N;N;;N;N;0.7;N;3.8;N;Tr
Curry, fish, homemade;0;11.3;9.6;1.9;139;578;1.9;2.1;1.72;430;323;45;27;112;1.05;0.08;0.4;15;N;Tr;112;1.4;3.24;;Tr;0.04;1.7;Tr;1.3;9;Tr
Curry, green bean, masala, homemade;0;1.7;12.5;4.4;130;539;2.6;3.1;0.87;14;263;52;24;40;1.40;0.07;0.3;1;N;0;207;0.0;2.94;;0.07;0.06;0.6;0.05;0.0;41;6
Curry, haddock, Bengali, homemade;0;11.4;22.0;4.2;263;1088;3.2;1.1;13.78;240;323;28;22;120;0.44;0.04;0.3;20;201;253;320;0.2;1.03;;0.11;0.12;2.9;0.32;1.2;11;4
Curry, herring, Bengali, homemade;0;11.4;29.6;4.2;327;1352;3.2;1.1;15.89;271;326;57;26;160;1.08;0.11;0.7;21;29;278;320;11.5;1.19;;0.05;0.19;2.5;0.35;7.8;11;4
Curry, karela, homemade;0;1.6;9.7;4.6;111;460;3.3;1.2;1.38;2;327;27;26;46;1.11;0.20;0.3;N;N;0;315;0.0;N;;0.09;0.03;0.4;N;0.0;20;64
Curry, lamb biryani, homemade;0;7.1;9.2;20.9;195;817;2.0;N;1.79;21;169;33;16;83;1.12;N;1.1;5;9;4;43;0.1;1.55;8.98;0.07;0.05;1.1;0.15;0.3;6;2
Curry, lamb biryani, reduced fat, homemade;0;7.4;3.7;21.9;150;634;2.0;N;1.28;20;174;32;17;85;1.17;0.14;1.2;5;7;3;43;0.1;0.32;;0.08;0.05;1.1;0.15;0.4;7;2
Curry, lamb rogan josh, homemade;0;14.4;9.1;3.9;149;624;3.0;1.8;3.58;44;353;43;24;120;1.93;0.11;2.0;1;5;6;575;0.2;1.05;;0.13;0.11;2.4;0.20;0.9;6;3
Curry, lamb vindaloo, homemade;0;19.8;12.9;2.7;199;833;1.8;0.9;5.06;59;343;55;30;160;2.75;0.11;2.8;2;4;8;92;0.3;0.55;;0.10;0.12;2.8;0.19;1.3;3;2
Curry, lamb, made with cook-in sauce;0;15.5;17.7;5.5;242;1008;3.9;1.5;7.13;231;392;24;26;155;1.58;0.11;3.2;2;6;6;236;0.3;2.33;;0.11;0.12;3.0;0.18;1.3;7;2
Curry, lentil, red/masoor dahl and mung bean dahl, homemade;0;4.8;6.7;10.1;116;487;0.9;N;0.48;18;212;16;23;70;1.60;0.12;0.6;2;N;0;67;0.0;N;;0.07;0.04;0.4;0.09;0.0;8;Tr
Curry, lentil, red/masoor dahl and tomato, Punjabi, homemade;0;3.2;5.5;8.5;93;391;2.4;N;2.41;18;237;19;17;55;1.47;0.10;0.5;1;N;0;242;0.0;N;;0.08;0.02;0.6;0.13;0.0;18;7
Curry, lentil, red/masoor dahl and tomato, with butter, homemade;0;4.3;5.3;10.6;104;435;1.1;N;3.18;57;164;16;17;62;1.63;0.11;0.6;1;N;58;95;0.1;N;;0.08;0.04;0.4;0.10;Tr;4;1
Curry, lentil, red/masoor dahl and tomato, with vegetable oil, homemade;0;4.3;6.3;10.6;113;473;1.1;N;0.45;13;162;15;17;61;1.64;0.11;0.6;1;N;0;59;0.0;N;;0.08;0.03;0.4;0.10;0.0;4;1
Curry, lentil, red/masoor dahl and vegetable, UK type, homemade;0;5.7;3.8;14.8;112;470;2.4;N;0.30;12;256;24;25;84;2.26;0.15;0.8;1;N;0;870;0.0;N;;0.11;0.04;0.5;0.19;0.0;9;12
Curry, lentil, red/masoor dahl, mung bean dahl and tomato, homemade;0;4.4;4.3;9.7;92;387;0.8;;0.50;N;170;8;15;51;1.10;0.11;0.5;2;N;0;54;0.0;1.05;;0.07;0.03;0.3;0.07;0.0;11;1
Curry, lentil, red/masoor dahl, Punjabi, homemade;0;7.2;4.6;19.3;141;591;3.9;N;0.35;55;285;33;28;102;2.42;0.19;1.0;2;N;0;216;0.0;N;;0.16;0.06;0.7;0.19;0.0;8;1
Curry, lentil, red/masoor dahl, with butter, homemade;0;7.6;6.6;19.3;161;678;2.2;N;3.93;74;283;26;30;108;2.59;0.20;1.0;2;N;71;101;0.1;N;;0.14;0.06;0.6;0.23;Tr;7;1
Curry, lentil, red/masoor dahl, with vegetable oil, homemade;0;7.6;7.9;19.2;173;725;2.2;N;0.57;20;281;25;30;106;2.60;0.20;1.0;2;N;0;56;0.0;N;;0.14;0.06;0.6;0.19;0.0;7;1
Curry, lentil, whole/masoor, Gujerati, homemade;0;6.5;5.3;17.0;137;578;3.1;N;3.63;56;290;24;27;94;2.26;0.19;0.9;2;N;57;151;0.1;N;;0.17;0.06;0.7;0.15;Tr;8;3
Curry, lentil, whole/masoor, Punjabi, homemade;0;5.7;8.3;13.9;148;620;1.4;N;0.58;26;223;25;25;81;2.34;0.16;0.8;1;N;0;111;0.0;N;;0.12;0.05;0.5;0.13;0.0;5;1
Curry, mung bean dahl and spinach, homemade;0;7.8;2.9;12.3;102;429;3.0;N;0.30;153;684;144;71;120;3.14;0.16;1.1;4;N;0;2932;0.0;N;;0.11;0.11;1.2;0.17;0.0;59;11
Curry, mung bean dahl and tomato, homemade;0;5.6;3.6;11.2;95;403;0.8;;0.40;N;230;9;20;53;1.00;0.13;0.5;3;N;0;170;0.0;0.89;;0.08;0.05;0.5;0.07;0.0;25;1
Curry, mung bean dahl, Bengali, homemade;0;4.2;3.4;7.4;74;311;0.5;N;2.03;43;208;9;21;63;0.98;0.09;0.4;2;N;36;102;0.0;N;;0.05;0.04;0.3;0.05;Tr;11;0
Curry, mung bean, whole and turnip leaves, homemade;0;4.4;14.4;6.2;169;700;0.3;N;7.49;99;201;73;28;64;3.01;0.15;0.6;N;N;69;3290;0.1;N;;0.07;0.15;0.7;0.17;Tr;70;20
Curry, mung bean, whole, Gujerati, homemade;0;6.0;5.9;13.2;126;528;2.5;N;0.45;6;392;30;41;95;1.75;0.15;0.7;4;N;0;98;0.0;N;;0.13;0.06;0.6;0.10;0.0;19;3
Curry, mung bean, whole, Punjabi, homemade;0;4.2;2.8;8.8;74;312;1.0;;1.64;231;251;20;27;67;1.17;0.09;0.5;3;N;29;110;0.0;0.18;;0.06;0.04;0.4;0.07;Tr;13;1
Curry, pea and potato, homemade;0;2.5;11.0;10.2;147;611;2.7;2.8;0.80;26;235;19;16;43;0.99;0.05;0.3;Tr;N;0;321;0.0;2.55;;0.10;0.03;0.6;0.15;0.0;12;4
Curry, pigeon pea dahl and tomato, homemade;0;2.3;2.2;7.3;56;237;1.5;N;0.18;10;168;6;11;36;0.42;0.10;0.3;N;N;0;54;0.0;N;;0.07;0.01;0.3;N;0.0;6;1
Curry, pigeon pea dahl with tomatoes and peanuts, homemade;0;6.9;3.3;16.9;121;510;1.0;N;0.48;11;439;16;33;103;1.06;0.30;0.8;N;N;0;49;0.0;N;;0.23;0.03;1.0;N;0.0;19;2
Curry, pigeon pea dahl, with butter, homemade;0;4.6;4.7;13.5;108;455;2.1;N;2.66;58;304;17;21;70;0.98;0.20;0.5;N;N;47;98;0.0;N;;0.15;0.03;0.5;N;Tr;10;Tr
Curry, pigeon pea dahl, with vegetable oil, homemade;0;4.6;5.5;13.5;116;487;2.1;N;0.42;22;303;17;21;69;0.98;0.20;0.5;N;N;0;68;0.0;N;;0.15;0.03;0.5;N;0.0;10;Tr
Curry, potato and pea, homemade;0;2.7;3.7;13.0;92;387;3.7;3.1;0.28;30;294;32;21;51;1.25;0.09;0.4;Tr;4;0;251;0.0;0.90;;0.25;0.03;0.9;0.26;0.0;16;7
Curry, potato, Gujerati, homemade;0;1.5;5.4;11.8;94;394;2.1;1.4;0.38;22;225;16;15;28;0.91;0.07;0.3;Tr;3;0;156;0.0;1.27;;0.14;0.01;0.5;0.21;0.0;12;7
Curry, potato, Punjabi, homemade;0;1.8;4.0;13.8;94;396;2.4;2.0;2.45;49;374;17;20;37;0.95;0.10;0.3;Tr;5;44;186;0.0;0.45;;0.21;0.02;0.6;0.26;0.0;15;10
Curry, prawn and mushroom, homemade;0;5.7;14.3;2.7;164;677;1.7;1.1;1.01;73;337;26;20;105;0.91;0.46;0.7;17;9;Tr;111;Tr;3.73;;0.10;0.14;1.3;0.14;0.3;16;3
Curry, Prawn bhuna, takeaway;0;8.6;8.7;1.8;120;497;1.2;2.5;1.40;321;207;98;27;96;4.39;0.14;0.8;14;34;6;290;Tr;2.71;;0.23;0.45;0.5;0.08;0.4;4;2
Curry, Prawn madras, takeaway;0;7.8;8.3;2.5;115;479;1.2;2.4;1.40;301;188;96;26;95;4.07;0.10;0.8;N;N;8;269;Tr;3.60;;0.02;N;0.6;0.08;Tr;N;N
Curry, prawn, takeaway;0;8.2;8.5;2.3;118;491;1.4;2.5;1.40;311;198;97;26;95;4.23;0.12;0.8;14;34;7;279;Tr;3.16;;0.02;0.05;0.6;0.08;0.4;4;2
Curry, red kidney and mung bean, whole, homemade;0;3.9;12.1;7.6;153;636;0.4;N;3.04;37;220;17;25;65;1.05;0.10;0.5;3;N;46;32;Tr;N;;0.07;0.03;0.3;0.05;Tr;11;Tr
Curry, red kidney bean, Gujerati, homemade;0;4.0;6.1;9.7;107;446;2.3;N;0.43;4;280;24;29;77;1.45;0.13;0.6;3;N;0;26;0.0;1.42;;0.10;0.03;0.4;0.08;0.0;12;3
Curry, red kidney bean, Punjabi, homemade;0;4.7;5.6;10.1;106;448;1.2;;0.60;N;270;22;25;74;1.40;0.13;0.6;3;N;0;76;0.0;1.54;;0.11;0.03;0.4;0.09;0.0;23;2
Curry, spinach and potato, masala, homemade;0;2.2;8.2;7.4;110;456;4.9;N;0.57;35;332;61;21;39;1.05;0.10;0.3;Tr;5;0;1983;0.0;2.98;;0.13;0.04;0.9;0.14;0.0;20;6
Curry, Thai, stir-fry vegetable, takeaway and restaurant;0;3.8;8.2;3.3;101;421;1.6;3.1;3.97;570;207;28;21;54;1.66;0.10;0.4;4;15;3;514;0.0;1.48;;0.02;N;0.7;0.09;0.0;3;3
Curry, tinda gourd and potato, homemade;0;1.6;3.9;8.5;74;309;3.5;N;0.56;43;232;23;17;33;0.71;0.09;N;N;N;0;206;0.0;N;;0.08;0.04;0.4;N;0.0;N;9
Curry, vegetable, frozen mixed vegetables, homemade;0;2.5;6.1;7.2;90;374;2.9;N;0.40;25;191;32;17;47;1.05;0.05;0.3;N;2;0;1495;0.0;N;;0.11;0.06;0.6;0.13;0.0;31;9
Curry, vegetable, in sweet sauce, UK type, homemade;0;1.3;2.1;7.3;51;216;3.9;N;0.51;9;208;20;13;26;0.83;0.06;0.2;Tr;N;0;1326;0.0;N;;0.10;0.02;0.5;0.08;0.0;15;9
Curry, vegetable, Islami, homemade;0;2.2;4.6;8.4;81;337;4.0;N;0.31;27;377;31;22;42;1.21;0.09;0.3;1;3;0;212;0.0;1.56;;0.15;0.04;0.7;0.21;0.0;20;12
Curry, vegetable, Pakistani, homemade;0;2.3;2.6;9.2;64;267;3.9;N;0.90;23;338;36;25;52;1.47;0.08;0.4;1;N;0;2479;0.0;0.57;;0.20;0.03;0.7;0.15;0.0;13;8
Curry, vegetable, ready meal, without rice, cooked;0;2.1;6.0;8.4;94;392;3.4;1.8;1.89;200;259;41;19;47;0.83;0.12;0.3;2;3;15;580;Tr;1.97;;0.06;0.05;0.8;0.08;Tr;56;Tr
Curry, vegetable, retail, with rice;0;3.0;4.1;20.2;125;526;1.9;1.5;1.16;177;163;30;14;52;0.51;0.12;0.3;4;2;8;313;Tr;1.23;;0.07;0.03;1.5;0.08;Tr;33;Tr
Curry, vegetable, West Indian, homemade;0;2.4;4.0;4.1;60;251;2.1;N;0.37;54;399;118;49;45;1.97;0.08;0.6;1;N;0;1308;0.0;N;;0.09;0.05;0.7;0.13;0.0;37;9
Curry, vegetable, with yogurt, UK type, homemade;0;2.2;4.0;4.7;64;266;4.0;N;0.39;15;276;44;17;51;0.84;0.04;0.3;1;N;1;1807;Tr;N;;0.08;0.06;0.3;0.14;Tr;19;12
Custard apple/Bullock's heart, flesh only;0;1.5;0.4;16.1;70;298;14.9;;N;5;440;24;21;25;0.60;0.15;0.2;N;N;0;29;0.0;N;;0.09;0.08;0.5;0.22;0.0;N;21
Custard powder;0;0.6;0.7;92.0;354;1508;Tr;N;0.10;378;3;2;2;17;0.10;0.05;0.5;Tr;Tr;0;0;0.0;Tr;;0.02;Tr;Tr;Tr;0.0;2;0
Custard, confectioners';0;6.6;3.8;24.8;153;649;19.0;0.3;1.52;74;173;114;14;129;0.63;0.04;0.7;7;37;47;7;0.8;0.40;;0.05;0.27;0.2;0.08;1.3;15;1
Custard, egg;0;5.9;3.4;10.9;95;402;10.9;0.0;1.57;73;186;130;13;130;0.37;0.02;0.7;5;40;43;9;0.6;0.28;Tr;0.04;0.30;0.1;0.07;1.3;12;1
Custard, made up with semi-skimmed milk;0;4.0;2.0;16.4;95;403;11.2;Tr;1.24;67;184;140;13;111;0.11;0.01;0.5;1;35;21;10;Tr;0.04;;0.03;0.25;0.2;0.06;0.9;8;1
Custard, made up with skimmed milk;0;4.0;0.3;16.5;81;345;11.3;Tr;0.16;69;190;145;13;113;0.12;0.01;0.6;1;27;1;Tr;Tr;Tr;;0.03;0.23;0.1;0.06;0.9;8;1
Custard, made up with whole milk;0;4.0;4.2;16.3;114;484;11.1;Tr;2.64;67;185;140;13;113;0.11;0.01;0.6;1;28;41;16;Tr;0.06;;0.03;0.24;0.2;0.06;1.0;7;1
Custard, ready to eat, canned and tetra-pak;0;2.7;2.9;16.3;98;414;12.8;Tr;1.89;41;129;91;9;83;0.05;Tr;0.3;1;26;36;376;Tr;0.29;;0.12;0.19;0.1;0.01;0.2;2;0
Cuttlefish, raw;0;16.1;0.7;0.0;71;300;0.0;;0.20;370;310;59;N;270;3.40;0.59;1.2;65;N;0;0;Tr;N;;0.04;0.48;3.7;0.39;2.0;13;Tr
Dab, raw;0;15.7;1.2;0.0;74;311;0.0;;N;77;350;24;24;N;0.30;0.01;0.5;70;30;N;Tr;N;0.40;;0.10;0.08;2.3;0.19;2.0;5;Tr
Dahl, mixed, homemade;0;4.9;0.7;9.1;60;254;0.5;3.1;0.08;237;234;21;28;72;0.72;0.16;0.6;N;N;0;69;0.0;1.36;;0.09;0.07;0.3;N;0.0;62;Tr
Dal Dhokari, homemade;0;5.6;3.3;19.2;123;521;1.2;;0.51;342;333;34;42;106;2.00;0.29;0.9;N;N;0;26;0.0;N;;0.17;0.03;1.4;0.07;0.0;15;1
Damsons, flesh and skin, raw;0;0.5;Tr;9.6;38;162;9.6;;Tr;2;290;24;11;16;0.40;0.08;0.1;Tr;N;0;295;0.0;0.70;;0.10;0.03;0.3;0.05;0.0;3;5
Damsons, flesh and skin, raw, weighed with stones;0;0.5;Tr;8.6;34;146;8.6;;Tr;2;260;22;10;14;0.40;0.07;0.1;Tr;N;0;265;0.0;0.60;;0.09;0.03;0.3;0.05;0.0;3;5
Damsons, stewed with sugar;0;0.4;Tr;19.3;74;316;19.3;;Tr;1;240;19;9;13;0.30;0.07;0.1;Tr;N;0;240;0.0;0.57;;0.06;0.02;0.2;0.03;0.0;Tr;3
Damsons, stewed with sugar, weighed with stones;0;0.4;Tr;17.6;68;288;17.6;;Tr;1;220;17;8;12;0.30;0.06;0.1;Tr;N;0;220;0.0;0.52;;0.05;0.02;0.2;0.03;0.0;Tr;3
Damsons, stewed without sugar;0;0.5;Tr;8.7;34;147;8.7;;Tr;1;260;21;9;14;0.40;0.07;0.1;Tr;N;0;270;0.0;0.64;;0.07;0.02;0.2;0.04;0.0;Tr;3
Damsons, stewed without sugar, weighed with stones;0;0.4;Tr;7.9;31;133;7.9;;Tr;1;240;19;8;13;0.30;0.06;0.1;Tr;N;0;245;0.0;0.58;;0.06;0.02;0.2;0.04;0.0;Tr;3
Dates, dried, flesh and skin;0;2,4;0,6;58,7;235;1002;58;7,5;0,3;11;727;68;55;68;2,21;0,26;0,4;3;17;0;10;0;0,93;;0,07;0,09;1,8;0,19;0;13;Tr
Dates, dried, flesh and skin, weighed with stones;0;2;0,5;49,3;197;841;48,7;6,3;0,25;9;611;57;46;57;1,86;0,22;0,4;2;15;0;8;0;0,78;;0,06;0,08;1,5;0,16;0;11;Tr
Dates, raw, flesh and skin;0;1.5;0.1;31.3;124;530;31.3;N;Tr;7;410;24;24;28;0.30;0.12;0.2;1;N;0;18;0.0;N;5.60;0.06;0.07;0.7;0.12;0.0;25;14
Dates, raw, flesh and skin, weighed with stones;0;1.3;0.1;26.9;107;456;26.9;;Tr;6;350;21;21;24;0.30;0.10;0.2;1;N;0;15;0.0;N;;0.05;0.06;0.6;0.10;0.0;21;12
Desserts, dairy, chocolate;0;4.3;10.7;26.7;214;896;24.0;Tr;6.26;74;195;135;20;125;0.44;0.07;0.5;1;26;83;52;Tr;0.52;;0.04;0.28;0.2;0.03;0.6;1;Tr
Devilled kidneys, homemade;0;13.7;7.7;1.4;129;542;1.5;0.3;3.09;189;338;31;21;239;4.50;0.53;2.1;N;N;126;81;N;0.97;;0.28;1.50;6.1;0.44;10.2;9;5
Dill seeds;0;16.0;14.5;N;N;N;N;;0.70;20;1190;1520;260;280;16.30;0.78;4.5;N;N;0;32;0.0;N;;0.42;0.28;2.8;N;0.0;0;0
Dill, dried;0;19.9;4.4;42.2;253;1057;37.6;;N;210;3310;1780;450;540;48.80;0.49;3.3;N;N;0;33260;0.0;9.27;;0.42;0.28;2.8;1.46;0.0;0;0
Dill, fresh;0;3.7;0.8;0.9;25;107;0.8;;N;26;750;340;44;85;3.20;N;1.8;2;N;0;6100;0.0;1.70;;0.18;0.58;2.1;N;0.0;36;86
Dips, sour-cream based, assorted flavours;0;2.9;37.0;4.0;360;1482;2.0;N;N;330;130;72;10;79;0.40;0.98;0.9;Tr;N;N;N;N;N;;N;N;N;N;Tr;N;N
Dips, sour-cream based, reduced fat;0;3,9;15.2;7,3;180;746;3,4;0.1;4.40;150;175;97;13;106;0.54;1.32;1.2;Tr;N;N;N;N;N;;N;N;N;N;Tr;N;N
Doner kebab in pitta bread with salad;0;14.1;16.0;12.5;248;1033;1.1;0.9;7.54;N;276;49;20;133;1.50;0.09;2.2;3;2;Tr;17;0.3;0.46;;0.17;0.16;3.5;0.11;1.0;25;0
Doner kebabs, meat only;0;23.5;31.4;0.0;377;1561;0.0;0.0;14.98;N;350;23;25;210;2.10;0.11;4.0;6;4;Tr;Tr;0.6;0.56;;0.11;0.25;5.8;0.20;2.0;7;0
Dosa, filling, vegetable, homemade;0;1.8;6.3;10.2;97;404;4.1;;0.74;446;309;24;16;47;1.03;0.06;0.3;1;4;0;321;0.0;N;;0.14;0.01;0.9;0.23;0.0;15;7
Doughnuts, ring, iced;0;5.8;25.7;42.3;413;1728;16.2;2.7;14.14;326;202;55;22;154;1.00;Tr;0.6;6;Tr;Tr;Tr;N;2.43;;0.08;0.06;0.9;0.03;Tr;17;0
Doughnuts, with jam;0;5.4;13.1;48.4;321;1352;20.3;1.7;4.96;404;121;72;15;135;1.15;Tr;0.6;3;15;Tr;Tr;N;1.75;;0.08;0.03;1.3;0.04;0.1;21;N
Dover sole, raw;0;18.1;1.8;0.0;89;374;0.0;;N;100;310;29;49;200;0.80;0.02;0.4;23;N;Tr;Tr;Tr;N;;0.06;0.10;3.0;N;N;N;Tr
Dressing, blue cheese;0;2.0;35.9;9.8;368;1519;7.7;1.3;6.59;840;52;58;7;61;0.60;0.02;0.4;1;6;N;N;0.2;4.58;;0.01;0.04;0.0;0.01;0.0;5;0
Dressing, French;0;0,3;32.2;11,7;335;1384;6,7;0.5;N;600;N;N;N;N;N;N;N;N;N;0;0;0.0;N;;0.00;0.00;0.0;0.00;0.0;0;0
Dressing, French, fat free;0;0.1;Tr;8.7;33;141;8.6;0.5;Tr;1190;N;N;N;N;N;N;N;N;N;0;0;0.0;N;;Tr;Tr;Tr;Tr;0.0;Tr;Tr
Dressing, French, homemade;0;0.1;74.9;0.2;680;2794;0.2;0.0;10.73;1;9;1;1;3;0.33;0.01;Tr;Tr;N;0;N;0.0;3.82;;Tr;Tr;Tr;Tr;0.0;Tr;0
Dressing, oil and lemon, homemade;0;0.1;72.4;3.4;652;2683;3.4;0.1;4.79;Tr;39;5;3;3;0.17;0.02;Tr;Tr;N;0;4;0.0;N;;0.01;Tr;Tr;0.01;0.0;3;9
Dressing, thousand island;0;0.7;16.4;15.9;210;873;13.4;0.4;2.04;470;130;24;9;34;0.30;0.05;0.2;1;5;N;N;0.1;4.40;;0.01;0.02;0.1;0.02;0.0;4;Tr
Dressing, yogurt, homemade;0;5.3;2.7;7.1;72;301;7.0;0.1;1.73;73;273;187;19;156;0.34;0.01;0.6;2;57;25;37;0.0;0.15;;0.06;0.25;0.2;0.09;0.2;20;4
Dried mixed fruit;0;2.3;0.4;68.1;268;1144;68.1;N;N;48;880;73;29;73;2.20;0.47;0.4;N;N;0;9;0.0;N;;0.10;0.05;0.7;0.22;0.0;15;Tr
Drinking chocolate powder, made up with semi-skimmed milk;0;3.7;2.0;10.9;74;311;10.7;N;1.26;58;184;114;21;102;0.31;0.30;0.9;N;42;17;N;Tr;0.06;;0.03;0.20;0.2;0.05;0.7;7;1
Drinking chocolate powder, made up with skimmed milk;0;3.7;0.7;10.9;62;264;10.8;N;0.40;59;189;118;21;104;0.31;0.30;0.9;N;41;1;N;Tr;0.03;;0.03;0.19;0.2;0.05;0.7;7;Tr
Drinking chocolate powder, made up with whole milk;0;3.6;3.8;10.8;89;375;10.6;N;2.38;57;185;113;21;104;0.31;0.30;0.9;N;42;33;N;Tr;0.08;;0.03;0.20;0.2;0.05;0.8;6;1
Drinking chocolate, powder;0;6.4;5.8;79.7;377;1598;77.7;N;3.41;228;495;39;132;193;3.50;3.69;5.6;N;165;0;N;0.0;0.41;;0.02;0.06;0.6;0.01;0.0;7;0
Drinking chocolate, powder, reduced fat;0;6.4;2.3;82.1;354;1507;82.1;N;1.35;228;495;39;132;193;3.50;3.69;5.6;N;165;0;N;0.0;0.16;;0.02;0.06;0.6;0.01;0.0;7;0
Dripping, beef;0;Tr;99.0;Tr;891;3663;0.0;0.0;50.62;5;4;1;Tr;13;0.20;N;N;Tr;5;N;N;Tr;0.40;24.50;Tr;Tr;Tr;Tr;Tr;Tr;0
Drumstick leaves, boiled in unsalted water;0;6.6;1.0;11.2;70;293;N;;N;9;340;280;25;67;2.70;0.06;N;N;N;0;5370;0.0;N;;0.17;0.47;1.8;N;0.0;220;37
Drumstick leaves, raw;0;7.4;1.5;9.2;72;301;N;;N;4;470;300;33;90;3.60;0.10;N;N;N;0;8850;0.0;N;;0.20;0.73;3.4;1.20;0.0;370;165
Drumstick pods, boiled in unsalted water;0;2.1;0.2;6.1;36;150;N;;Tr;43;460;20;42;49;0.50;N;N;N;N;0;42;0.0;N;;0.05;0.07;0.6;N;0.0;N;N
Drumstick pods, raw;0;2.1;0.2;7.2;37;156;N;;Tr;42;460;30;45;50;0.40;N;N;N;N;0;42;0.0;N;;0.05;0.07;0.6;0.12;0.0;N;160
Duck a l'orange, excluding fat and skin, homemade;0;11.2;6.5;4.0;122;510;1.0;N;2.62;257;138;9;10;92;1.25;0.14;1.2;10;N;N;N;N;0.07;;0.12;0.21;2.2;0.11;1.3;6;3
Duck a l'orange, including fat and skin, homemade;0;9.8;20.0;3.7;236;980;0.9;N;6.54;240;125;14;10;91;0.89;0.11;1.1;11;N;N;N;N;N;;0.09;0.25;1.8;0.15;0.9;9;2
Duck with pineapple, homemade;0;13.8;25.5;6.7;313;1298;4.9;N;7.62;264;202;23;17;130;1.92;0.18;1.6;15;N;N;N;N;N;;0.15;0.35;2.8;0.26;1.3;12;2
Duck, crispy, chinese style, meat and skin;0;27.9;24.2;0.3;331;1375;0.0;0.0;7.20;453;292;22;25;257;3.98;0.30;2.8;22;N;9;Tr;1.0;2.17;;0.09;0.39;3.5;0.15;2.8;15;0
Duck, meat only, raw;0;19.7;6.5;0.0;137;575;0.0;0.0;2.00;110;290;12;19;200;2.40;0.34;1.9;22;N;24;Tr;N;0.02;;0.36;0.45;5.3;0.34;3.0;25;0
Duck, raw, meat only, weighed with fat, skin and bone;0;5.5;1.8;0.0;38;160;0.0;;0.60;31;81;3;5;56;0.70;0.10;1.0;6;N;7;Tr;N;Tr;;0.10;0.13;1.5;0.10;1.0;7;0
Duck, raw, meat, fat and skin;0;13.1;37.3;0.0;388;1603;0.0;;10.70;73;190;8;14;120;1.30;0.18;1.3;N;N;51;Tr;N;N;;0.14;0.51;3.5;0.33;2.0;7;0
Duck, roasted, meat only;0;25.3;10.4;0.0;195;815;0.0;0.0;3.30;96;270;13;20;200;2.70;0.31;2.6;22;N;N;N;N;0.02;;0.26;0.47;5.1;0.25;3.0;10;0
Duck, roasted, meat only, weighed with fat, skin and bone;0;5.3;2.2;0.0;41;172;0.0;;0.70;20;57;3;4;42;0.60;0.07;0.6;5;N;N;N;N;Tr;;0.06;0.10;1.1;0.05;1.0;2;0
Duck, roasted, meat, fat and skin;0;20.0;38.1;0.0;423;1750;0.0;0.0;11.40;87;220;22;17;180;1.70;0.23;2.2;22;N;N;N;N;N;;0.18;0.51;3.8;0.31;2.0;15;0
Dumplings, homemade;0;2.7;11.7;25.4;211;886;0.2;1.2;6.63;138;52;41;7;132;0.57;0.04;0.2;1;1;7;10;Tr;0.37;;0.06;0.01;0.5;0.04;Tr;2;0
Durian, flesh only;0;2.4;1.4;28.4;136;575;23.2;;N;1;600;14;33;52;0.90;N;N;N;N;0;11;0.0;N;;0.29;0.29;1.1;N;0.0;N;41
Eccles cakes, retail;0;4.4;18.3;48.8;365;1532;34.0;3.6;9.40;221;428;75;22;77;1.52;0.22;0.4;1;8;57;39;0.8;0.90;;0.09;0.03;0.6;0.07;Tr;3;Tr
Eel, conger, flesh only, grilled;0;21.7;5.5;0.0;137;574;0.0;;N;60;290;85;24;320;1.50;0.24;1.1;N;N;N;Tr;N;N;;0.06;0.04;4.7;N;4.0;N;Tr
Eel, conger, flesh only, grilled, weighed with bones and skin;0;11.3;2.9;0.0;71;299;0.0;;N;31;150;44;12;170;0.80;0.12;0.6;N;N;N;Tr;N;N;;0.03;0.02;2.4;N;2.0;N;Tr
Eel, conger, flesh only, raw;0;18.1;4.6;0.0;114;478;0.0;;N;50;240;71;20;270;1.30;0.20;0.9;N;N;N;Tr;N;N;;0.06;0.04;4.3;N;3.0;N;Tr
Eel, yellow, raw;0;16.6;11.3;0.0;168;700;0.0;;2.90;89;270;19;19;310;1.20;0.07;2.5;31;80;1200;Tr;4.9;4.14;;0.20;0.35;2.3;0.25;1.0;12;Tr
Egg fu yung;0;10.2;19.3;2.5;229;949;1.9;N;2.47;251;237;58;40;179;1.87;0.17;1.1;15;N;72;55;1.8;4.96;;0.10;0.34;0.8;0.13;1.6;33;2
Egg nog, homemade;0;4.0;2.3;9.6;98;410;9.6;0.0;1.08;50;132;94;9;90;0.23;0.01;0.4;3;28;28;7;0.4;0.18;;0.03;0.23;0.1;0.06;0.9;12;2
Eggs, chicken, scrambled, with semi-skimmed milk;0;11.0;21.2;0.7;237;981;0.7;0.1;10.82;253;150;58;13;164;1.46;0.05;1.0;19;51;264;103;2.8;1.38;;0.07;0.37;0.1;0.10;2.4;28;Tr
Eggs, chicken, white, boiled;0;13.0;Tr;Tr;52;221;Tr;0.0;Tr;151;123;8;12;13;0.05;0.04;0.1;11;4;0;0;0.0;0.00;;0.03;0.20;0.1;0.03;0.5;4;0
Eggs, chicken, white, dried;0;81.7;Tr;Tr;327;1389;Tr;0.0;Tr;1399;1126;45;94;91;0.08;0.15;0.1;61;30;0;0;0.0;0.00;;0.15;3.18;0.3;0.30;2.5;76;0
Eggs, chicken, white, raw;0;10.8;Tr;Tr;43;184;Tr;0.0;Tr;185;149;6;12;12;0.01;0.02;Tr;8;4;0;0;0.0;0.00;;0.02;0.42;Tr;0.04;0.3;10;0
Eggs, chicken, whole, boiled;0;14.1;9.6;Tr;143;595;Tr;0.0;2.70;150;141;55;14;205;1.97;0.07;1.3;27;52;120;Tr;3.2;1.63;Tr;0.08;0.47;0.1;0.10;2.0;30;0
Eggs, chicken, whole, dried;0;48.6;34.7;Tr;507;2110;Tr;0.0;9.73;593;560;178;49;691;6.64;0.19;4.3;90;193;486;Tr;12.2;4.98;Tr;0.31;1.93;0.2;0.50;10.4;181;0
Eggs, chicken, whole, fried in sunflower oil;0;14.7;15.7;Tr;200;831;Tr;0.0;3.35;172;164;53;14;209;2.03;0.06;1.3;27;58;190;Tr;1.9;3.84;Tr;0.06;0.46;0.1;0.12;1.0;25;0
Eggs, chicken, whole, fried, without fat;0;16.0;11.4;Tr;167;694;Tr;0.0;3.20;195;184;59;16;227;2.18;0.06;1.4;30;64;160;Tr;4.0;1.64;;0.10;0.51;0.1;0.14;3.4;42;0
Eggs, chicken, whole, poached;0;13.3;10.6;Tr;149;618;Tr;0.0;3.00;121;117;50;12;195;1.93;0.08;1.3;28;54;150;Tr;2.9;1.82;Tr;0.09;0.41;0.1;0.11;1.8;49;0
Eggs, chicken, whole, raw;0;12.6;9.0;Tr;131;547;Tr;0.0;2.52;154;145;46;13;179;1.72;0.05;1.1;23;50;126;Tr;3.2;1.29;Tr;0.08;0.50;0.1;0.13;2.7;47;0
Eggs, chicken, whole, scrambled, without milk;0;14.6;10.4;Tr;152;633;Tr;0.0;2.92;178;168;54;15;208;2.00;0.06;1.3;27;58;146;Tr;3.7;1.50;;0.09;0.46;0.1;0.13;3.1;38;0
Eggs, chicken, yolk, boiled;0;16.7;32.6;Tr;360;1490;Tr;0.0;9.21;52;119;147;12;600;6.21;0.15;3.9;64;137;410;Tr;12.6;4.78;Tr;0.19;0.58;Tr;0.31;7.2;101;0
Eggs, chicken, yolk, raw;0;16.4;31.3;Tr;347;1437;Tr;0.0;8.81;52;124;149;12;600;6.24;0.16;4.0;59;130;447;Tr;12.8;5.21;Tr;0.20;0.59;Tr;0.35;8.2;122;0
Eggs, duck, boiled and salted;0;14.6;15.5;Tr;198;822;Tr;;3.80;1690;800;99;13;270;3.20;0.53;3.5;N;N;85;N;N;N;;0.16;0.52;0.1;N;3.5;28;0
Eggs, duck, whole, raw;0;14.3;11.8;Tr;163;680;Tr;;2.90;120;190;63;16;200;2.90;N;1.4;N;N;540;120;5.0;N;;0.16;0.47;0.2;0.25;5.4;80;0
Eggs, quail, whole, raw;0;12.9;11.1;Tr;151;630;Tr;;3.10;N;N;64;N;230;3.70;N;N;N;N;N;N;N;N;;0.13;0.79;0.2;0.15;N;N;0
Eggs, turkey, whole, raw;0;13.7;12.2;Tr;165;684;Tr;;3.70;N;N;99;N;170;4.10;N;N;N;N;N;N;N;N;;0.11;0.47;0.0;N;N;N;0
Elderberries, whole fruit;0;0.7;0.5;7.4;35;149;7.4;;N;1;290;37;N;48;1.60;N;N;N;N;0;360;0.0;N;;0.07;0.07;1.0;0.24;0.0;17;27
Enchiladas, beef, homemade;0;9.6;8.2;11.1;153;640;2.7;0.5;3.49;194;238;63;18;121;1.15;0.05;1.6;3;5;13;208;0.2;N;;0.12;0.07;2.1;0.18;0.6;10;6
Endive, raw;0;1.8;0.2;1.0;13;54;1.0;;0.10;10;380;44;10;67;2.80;0.01;0.2;1;N;0;440;0.0;N;;0.06;0.10;0.4;0.02;0.0;140;12
Energy drink, carbonated;0;Tr;0.0;11.1;42;178;11.1;0.0;0.00;60;N;N;N;N;N;N;N;N;N;0;N;0.0;0.00;;N;N;N;N;N;N;N
Faggots in gravy, retail, reheated;0;8.2;7.5;12.6;148;619;1.7;N;2.50;540;120;32;10;80;1.70;0.30;0.9;N;N;1100;55;0.5;0.33;;0.10;0.56;2.0;0.13;6.0;19;Tr
Fajita, chicken, meat only, takeaway and restaurant;0;16.8;6.3;0.3;125;524;Tr;0.8;2.12;334;316;37;25;176;2.85;Tr;0.6;10;18;27;22;0.3;1.90;;0.07;0.10;7.0;0.27;0.2;N;7
Falafel, fried in rapeseed oil, homemade;0;6.4;11.2;15.9;183;764;2.7;N;0.74;67;377;85;45;140;2.89;0.28;1.0;1;N;0;232;0.0;2.84;;0.13;0.06;0.6;0.17;0.0;33;11
Fat spread, low fat (26-39%), not polyunsaturated, including dairy type;0;0.2;39.0;0,7;354;1457;0,4;0.0;9.76;692;61;12;2;9;0.02;Tr;Tr;Tr;15;750;859;3.0;12.50;;Tr;0.07;Tr;Tr;0.1;1;0
Fat spread, low fat (26-39%), not polyunsaturated, with olive oil;0;0.1;38.9;0.5;353;1450;0.5;0.0;8.90;488;48;9;1;6;0.04;Tr;Tr;Tr;N;787;630;4.5;13.00;;Tr;Tr;Tr;Tr;Tr;Tr;0
Fat spread, low fat (26-39%), polyunsaturated;0;Tr;36.9;1,8;339;1394;1,3;0.0;8.55;482;31;4;Tr;4;0.01;0.01;Tr;Tr;N;811;903;8.4;10.10;;Tr;Tr;Tr;Tr;Tr;Tr;0
Fat spread, reduced fat (41-62%), not polyunsaturated;0;0.4;60.6;1,3;552;2270;1,3;0.0;15.61;689;43;14;2;12;0.03;0.01;0.1;Tr;N;N;N;N;12.40;;Tr;N;Tr;Tr;Tr;Tr;0
Fat spread, reduced fat (41-62%), not polyunsaturated, with olive oil;0;0.2;59.1;1.1;537;2208;1.1;0.0;13.22;551;46;7;1;7;0.04;Tr;Tr;Tr;N;734;495;4.2;12.50;;Tr;N;Tr;Tr;Tr;Tr;0
Fat spread, reduced fat (41-62%), polyunsaturated;0;Tr;59.2;Tr;533;2190;Tr;0.0;13.21;600;21;3;Tr;1;0.02;0.01;Tr;1;N;606;461;5.8;26.30;;Tr;N;N;N;N;N;0
Fat spread, reduced fat (62-75%), not polyunsaturated;0;0.3;73.2;Tr;660;2713;Tr;0.0;24.35;747;17;10;1;9;0.02;Tr;Tr;Tr;N;N;680;N;N;;Tr;0.07;Tr;Tr;0.1;1;0
Fat spread, reduced fat (62-75%), polyunsaturated;0;0.4;68.5;0.6;620;2551;0.6;0.0;15.00;600;N;N;N;N;Tr;Tr;N;Tr;N;N;N;7.5;N;;Tr;Tr;Tr;Tr;N;Tr;0
Feijoa, flesh only;0;0.9;0.5;10.3;47;199;10.0;;N;3;130;5;7;13;0.10;0.02;0.1;N;N;0;31;0.0;0.18;;Tr;0.01;0.2;0.05;0.0;N;29
Fennel seeds;0;15.8;14.9;N;N;N;N;;0.50;88;1660;1200;390;510;12.30;1.07;3.7;N;N;0;81;0.0;N;;0.41;0.35;10.3;N;0.0;0;0
Fennel, Florence, boiled in unsalted water;0;0.9;0.2;1.5;11;47;1.4;N;Tr;11;300;20;7;21;0.20;0.01;0.4;N;N;0;60;0.0;N;4.90;0.05;0.01;0.4;0.08;0.0;26;2
Fennel, Florence, raw;0;0.9;0.2;1.8;12;50;1.7;N;Tr;11;440;24;8;26;0.30;0.02;0.5;N;N;0;140;0.0;N;;0.06;0.01;0.6;0.06;0.0;42;5
Fenugreek leaves, raw;0;4.6;0.2;4.8;35;146;N;;N;76;31;140;59;45;8.80;0.26;N;N;N;0;5360;0.0;N;;0.12;0.28;1.4;N;0.0;N;91
Fenugreek seeds;0;23.8;7.4;N;N;N;N;;1.10;43;650;130;170;340;23.30;1.80;6.9;N;N;0;100;0.0;N;;0.33;0.35;1.3;N;0.0;71;Tr
Fig Rolls;0;4.2;10.6;66.8;363;1532;43.8;3.9;4.76;273;299;125;30;64;2.00;0.17;0.4;8;N;0;Tr;0.0;1.59;;0.15;0.02;0.8;0.08;0.0;6;Tr
Figs, dried, stewed with sugar;0;1.9;0.8;34.3;143;612;34.3;;N;32;510;130;41;46;2.20;0.16;0.4;Tr;N;0;33;0.0;N;;0.03;0.04;0.3;0.11;0.0;Tr;Tr
Figs, dried, stewed without sugar;0;2.0;0.9;29.4;126;537;29.4;;N;34;540;140;44;49;2.30;0.17;0.4;Tr;N;0;35;0.0;N;;0.03;0.04;0.3;0.12;0.0;Tr;Tr
Figs, ready-to-eat, semi-dried;0;3,1;1,2;43,3;186;790;43,3;10;0,13;111;784;191;67;75;1,44;0,3;0,5;Tr;2;0;59;0;0,41;;0,07;0,04;0,9;0,35;0;3;1
Figs, whole fruit, dried;0;3.6;1.6;52.9;227;967;52.9;;N;62;970;250;80;89;4.20;0.30;0.7;Tr;N;0;64;0.0;N;;0.08;0.10;0.8;0.26;0.0;9;1
Figs, whole green fruit, raw;0;1.3;0.3;9.5;43;185;9.5;;0.10;3;200;38;15;15;0.30;0.06;0.3;Tr;N;0;150;0.0;N;;0.03;0.03;0.4;0.08;0.0;N;2
Fish balls, steamed;0;11.8;0.5;5.5;74;313;Tr;;N;750;110;26;13;100;0.20;0.07;0.3;N;N;N;Tr;N;N;;0.02;0.03;0.8;N;1.0;4;0
Fish fingers, cod, fried in rapeseed oil;0;13.0;12.6;19.9;240;1006;1.3;1.8;1.41;287;230;29;23;129;0.52;0.05;0.4;16;106;1;Tr;Tr;3.51;;0.15;0.07;1.1;0.08;1.4;8;Tr
Fish fingers, cod, fried in sunflower oil;0;13.0;12.6;19.9;240;1006;1.3;1.8;1.60;287;230;29;23;129;0.52;0.05;0.4;16;106;1;Tr;Tr;4.42;;0.15;0.07;1.1;0.08;1.4;8;Tr
Fish fingers, cod, grilled/baked;0;14.3;9.2;22.0;223;936;1.5;2.0;1.19;317;254;32;25;142;0.57;0.05;0.5;18;117;1;Tr;Tr;2.75;;0.17;0.08;1.2;0.09;1.5;9;Tr
Fish fingers, pollock, grilled;0;13.9;9.2;20.0;213;897;1.3;2.0;1.23;401;263;23;26;143;0.54;0.08;0.5;15;47;Tr;Tr;Tr;2.70;;0.09;0.12;0.8;0.18;0.3;32;Tr
Fish fingers, salmon, grilled/baked;0;17.2;11.2;20.7;247;1038;1.1;2.0;1.07;288;300;14;30;194;0.75;0.07;0.6;24;7;7;Tr;4.5;2.82;;0.41;0.11;5.3;0.22;2.3;15;Tr
Fish paste;0;15.3;10.5;3.7;170;708;0.5;2.6;N;430;300;280;33;310;N;0.60;2.0;N;310;19;Tr;N;0.87;;0.02;0.20;4.1;N;N;N;Tr
Fishcakes, cod, homemade;0;11.3;14.7;15.2;235;979;0.7;0.7;1.31;92;300;27;21;123;0.70;0.07;0.5;N;N;21;Tr;0.5;N;;0.16;0.10;1.0;0.09;1.1;15;3
Fishcakes, salmon, coated in breadcrumbs, baked;0;11.4;13.7;20.4;245;1027;1.6;1.7;2.00;322;269;42;21;150;0.77;0.05;0.4;13;6;2;Tr;5.7;2.79;;0.38;0.10;4.7;0.22;1.6;14;Tr
Fishcakes, salmon, homemade;0;11.4;20.5;15.2;287;1195;0.7;N;2.41;74;300;26;21;140;0.77;0.08;0.5;N;N;27;Tr;3.5;N;;0.20;0.10;2.9;0.10;1.1;15;3
Fishcakes, white fish, coated in breadcrumbs, baked;0;9.3;9.4;22.6;206;867;1.8;1.7;1.00;356;233;51;19;102;0.76;0.06;0.4;13;58;1;Tr;Tr;1.98;;0.25;0.07;1.7;0.09;1.4;6;Tr
Flan case, pastry, homemade;0;7.0;30.9;58.9;527;2205;11.9;2.3;10.12;284;121;75;15;126;1.75;0.12;0.8;7;N;N;252;N;N;;0.14;0.10;0.9;0.10;0.8;11;0
Flan case, sponge, homemade;0;9.6;5.6;54.4;293;1241;34.6;1.0;1.58;92;130;54;14;133;1.55;0.11;0.9;14;29;74;Tr;1.9;0.90;;0.09;0.26;0.4;0.09;1.6;16;0
Flan, cheese and mushroom, homemade;0;10.8;19.9;16.0;282;1176;2.2;1.8;8.94;257;179;215;17;195;0.85;0.08;1.4;10;28;98;29;0.7;1.55;;0.07;0.28;0.7;0.09;1.3;16;1
Flan, cheese and mushroom, wholemeal, homemade;0;11.3;18.1;17.1;272;1134;2.3;2.7;10.46;256;224;195;32;240;1.03;0.16;1.7;10;32;201;94;0.8;0.74;;0.12;0.31;1.5;0.19;1.3;21;1
Flan, cheese, onion and potato, homemade;0;13.0;26.2;18.0;355;1478;1.0;1.8;13.33;387;152;340;20;237;0.57;0.03;1.9;4;N;N;65;N;N;;0.08;0.17;0.4;0.09;1.0;19;3
Flan, cheese, onion and potato, wholemeal, homemade;0;13.6;24.3;19.1;345;1436;1.0;2.7;14.82;386;197;321;34;281;0.75;0.11;2.2;4;N;N;129;N;N;;0.14;0.19;1.2;0.19;1.0;23;2
Flan, lentil and tomato, homemade;0;7.4;5.7;23.6;169;712;2.5;N;2.14;73;257;75;27;113;1.99;0.16;0.9;2;N;N;166;N;N;;0.16;0.07;0.9;0.16;0.1;12;5
Flan, lentil and tomato, wholemeal, homemade;0;7.7;5.8;22.0;165;696;2.6;N;2.12;73;283;66;35;137;2.06;0.19;1.1;2;N;N;166;N;N;;0.17;0.08;1.3;0.20;0.1;13;5
Flan, pastry, with fruit, homemade;0;1.2;3.5;18.3;105;444;11.2;N;1.14;35;99;21;6;24;0.42;0.02;0.2;1;N;N;47;N;N;;0.09;0.02;0.3;0.03;0.1;8;12
Flan, spinach, homemade;0;8.6;14.7;13.4;211;878;1.8;N;5.29;183;237;176;22;137;1.16;0.09;0.9;5;N;52;2548;0.4;2.24;;0.08;0.15;0.6;0.08;0.6;31;3
Flan, spinach, wholemeal, homemade;0;9.0;13.4;11.3;206;861;1.9;N;6.35;183;268;163;33;168;1.29;0.15;1.1;5;20;123;2593;0.4;1.68;;0.11;0.17;1.2;0.15;0.7;34;2
Flan, sponge, with fruit, homemade;0;2.3;1.2;21.5;101;430;15.8;N;0.34;22;101;22;7;36;0.62;0.03;0.3;3;N;15;16;0.4;0.31;;0.09;0.06;0.2;0.04;0.3;9;10
Flan, vegetable, homemade;0;5.3;15.6;18.2;229;958;2.7;2.5;6.68;157;139;118;12;87;0.60;0.03;0.6;2;7;39;1818;Tr;1.60;30.90;0.06;0.08;0.5;0.07;0.3;13;8
Flan, vegetable, wholemeal, homemade;0;5.4;11.9;16.7;191;800;2.7;3.1;7.26;142;172;96;24;123;0.69;0.10;0.8;2;11;129;1874;0.1;0.69;;0.08;0.09;1.1;0.12;0.3;13;8
Flapjacks, homemade;0;4.4;24.0;61.6;464;1946;34.5;3.1;7.45;271;190;36;48;152;2.09;0.17;0.9;1;N;N;195;N;N;;0.30;0.04;0.3;0.10;Tr;6;0
Flapjacks, retail;0;5.1;22.8;55.7;434;1821;29.2;5.2;10.25;194;207;52;47;177;1.88;0.17;1.1;3;Tr;83;16;Tr;2.18;;0.15;0.03;0.5;0.04;Tr;8;0
Flapjacks, retail, chocolate covered;0;5.3;23.5;55.7;441;1849;31.3;5.0;10.92;186;227;66;48;181;1.89;0.18;1.1;3;4;82;16;Tr;2.13;;0.15;0.07;0.5;0.05;0.2;8;0
Flounder, flesh only, steamed;0;20.3;2.2;0.0;101;427;0.0;;0.40;120;320;34;25;240;0.50;0.04;0.6;32;31;N;Tr;Tr;0.45;;0.16;0.26;3.8;0.31;1.0;14;Tr
Flounder, flesh only, steamed, weighed with bones and skin;0;11.4;1.2;0.0;57;239;0.0;;0.20;64;180;19;14;130;0.30;0.02;0.3;18;17;N;Tr;Tr;0.25;;0.09;0.15;2.1;0.17;1.0;8;Tr
Flounder, raw;0;16.4;1.8;0.0;82;345;0.0;;0.40;92;300;27;23;190;0.40;0.03;0.5;26;25;N;Tr;Tr;0.36;;0.14;0.21;3.4;0.25;1.0;11;Tr
Flour, chapati, brown;0;10.3;1.9;73.0;332;1413;1.1;7.9;0.29;14;280;54;110;377;4.63;0.75;3.0;32;Tr;0;0;0.0;1.17;;0.35;0.09;3.8;0.24;0.0;28;0
Flour, chapati, white;0;9.7;1.4;78.3;345;1470;0.6;3.6;0.35;2;189;60;28;130;1.79;0.19;0.8;4;Tr;0;0;0.0;0.42;;0.31;0.05;1.7;0.12;0.0;14;0
Flour, corn;0;0.6;0.7;92.0;354;1508;Tr;N;0.10;11;3;2;2;17;0.10;Tr;0.5;Tr;Tr;0;0;0.0;Tr;;0.02;Tr;Tr;Tr;0.0;2;0
Flour, gari (cassava flour);0;0.7;0.2;95.1;361;1541;Tr;4.6;0.04;4;443;41;42;59;2.02;0.12;0.5;3;Tr;0;Tr;0.0;0.03;;0.13;Tr;1.0;0.03;0.0;38;0
Flour, gram;0;22.7;5.4;57.0;353;1498;2.3;10.1;0.61;2;297;58;62;220;2.63;0.27;1.5;4;Tr;0;32;0.0;2.54;8.92;0.45;0.17;1.9;0.45;0.0;193;Tr
Flour, millet, foxtail;0;5.8;1.7;75.4;354;1481;N;;;21;370;40;N;260;N;N;N;N;N;;;0.0;Tr;;0.68;0.19;1.6;N;0.0;N;0
Flour, rice;0;6.4;0.8;80.1;366;1531;N;;;5;240;24;23;130;1.90;0.20;N;N;N;;;0.0;N;;0.10;0.05;2.1;0.20;0.0;N;0
Flour, rye;0;7.3;1.6;73.5;319;1359;1.5;14.1;0.22;2;419;33;85;307;2.43;0.33;2.3;2;Tr;0;0;0.0;0.64;;0.35;0.12;0.9;0.36;0.0;60;0
Flour, soya;0;34.3;22.4;18.7;409;1711;6.4;18.0;2.74;1;1867;182;245;668;8.42;1.31;4.1;7;Tr;0;Tr;0.0;4.33;25.30;0.38;0.26;1.9;0.40;0.0;245;0
Flour, wheat, bread/strong, white;0;11.3;1.2;79.2;353;1504;0.5;3.3;0.31;2;166;134;26;128;1.92;0.15;0.8;9;Tr;0;0;0.0;0.43;;0.30;0.03;1.8;0.15;0.0;16;0
Flour, wheat, brown;0;12.2;2.0;72.5;339;1441;1.0;7.7;0.29;2;295;28;72;256;2.38;0.32;2.2;6;Tr;0;0;0.0;0.90;;0.39;0.10;3.7;0.41;0.0;44;0
Flour, wheat, brown, bread/strong;0;13.4;1.9;72.0;341;1450;1.0;6.0;;2;261;52;61;220;2.30;0.27;1.5;16;Tr;0;0;0.0;N;;0.39;N;3.6;N;0.0;29;0
Flour, wheat, white, plain, soft;0;9.1;1.4;80.9;352;1501;0.6;4.0;0.44;2;175;96;23;114;1.94;0.15;0.7;3;Tr;0;0;0.0;0.59;0.76;0.28;0.05;1.7;0.18;0.0;16;0
Flour, wheat, white, self raising;0;8.9;1.5;79.6;348;1480;0.6;4.0;0.39;342;190;280;25;463;1.74;0.12;0.8;3;Tr;0;0;0.0;0.63;;0.28;0.05;1.7;0.18;0.0;18;0
Flour, wheat, wholemeal;0;11.6;2.0;69.9;327;1390;1.4;10.1;0.29;2;358;32;83;281;2.47;0.37;1.9;5;Tr;0;0;0.0;0.69;;0.36;0.10;5.0;0.50;0.0;27;0
Flour, wheat, wholemeal, bread/strong;0;14.2;2.2;66.7;327;1390;1.1;10.0;;3;359;32;107;326;3.07;0.32;2.4;19;Tr;0;0;0.0;0.65;;0.38;0.10;5.0;0.50;0.0;34;0
Flour, wheat, wholemeal, self raising;0;10.8;1.9;69.3;359;1528;1.1;;;391;362;333;87;777;2.81;0.37;2.0;5;Tr;0;0;0.0;N;;0.43;N;4.9;N;0.0;30;0
Flying fish, raw;0;21.0;0.3;0.0;86;366;0.0;;N;79;460;61;20;230;0.80;Tr;N;N;N;Tr;Tr;Tr;N;;0.02;0.07;4.5;N;1.0;3;Tr
Frankfurter;0;13.6;25.4;1.1;287;1189;1.1;0.1;9.20;730;170;12;11;200;1.10;0.11;1.4;8;18;Tr;Tr;N;0.63;;0.32;0.15;2.8;0.12;1.0;3;N
Frankfurter with bun;0;10.7;9.8;35.6;264;1113;2.1;1.8;3.32;504;153;130;19;131;1.37;0.12;1.1;7;8;Tr;Tr;N;0.34;;0.24;0.09;2.1;0.06;0.3;19;N
Frankfurter with bun, ketchup, fried onions and mustard;0;6.8;7.4;26.5;194;814;6.7;2.0;2.08;472;184;89;19;93;1.04;0.10;0.7;4;5;Tr;48;N;1.07;;0.23;0.06;1.4;0.07;0.2;13;N
Fromage frais, fruit, children's, fortified;0;5,8;2.9;13,2;99;417;11,8;0.2;1.90;60;143;140;11;123;0.06;0.03;0.4;Tr;17;82;Tr;N;0.15;;0.11;0.29;0.1;Tr;0.5;15;Tr
Fromage frais, virtually fat free, fruit;0;6.8;0.2;5.6;50;213;4.9;0.7;0.10;33;110;87;8;110;0.10;0.01;0.3;2;N;3;Tr;Tr;Tr;;0.03;0.37;0.1;0.07;1.4;15;Tr
Fromage frais, virtually fat free, natural;0;7.7;0.1;4.6;49;208;4.4;0.0;0.10;37;155;127;12;120;0.06;0.03;0.6;3;23;3;Tr;Tr;Tr;;0.13;0.20;0.1;0.01;1.0;15;Tr
Fruit cocktail, canned in juice, whole contents;0;0.4;Tr;11,7;45;194;11,7;N;Tr;3;95;9;7;14;0.40;0.04;0.1;Tr;N;0;54;0.0;N;;0.01;0.01;0.3;0.04;0.0;6;14
Fruit cocktail, canned in syrup, whole contents;0;0.4;Tr;14.8;57;244;14.8;N;Tr;3;95;5;5;9;0.30;0.02;0.1;Tr;N;0;54;0.0;N;;0.02;0.01;0.4;0.03;0.0;5;4
Fruit fool, homemade;0;1.0;9.3;20.2;163;683;16.1;;5.80;13;160;38;8;31;0.40;0.06;0.2;N;N;130;120;0.1;0.45;;0.02;0.06;0.2;0.03;Tr;N;17
Fruit gums/jellies;0;6.5;0.0;79.5;324;1383;58.7;N;0.00;30;8;5;1;4;0.10;0.02;Tr;Tr;N;0;N;0.0;0.00;;0.00;0.00;0.0;0.00;0.0;0;0
Fruit juice drink, carbonated, no added sugar, ready to drink;0;Tr;Tr;0.6;2;10;0.6;Tr;Tr;Tr;27;7;7;2;Tr;Tr;Tr;Tr;Tr;0;94;0.0;Tr;;Tr;Tr;Tr;Tr;0.0;1;1
Fruit juice drink, carbonated, ready to drink;0;Tr;Tr;7.2;27;116;7.2;Tr;Tr;8;27;7;7;2;Tr;Tr;Tr;Tr;Tr;0;94;0.0;Tr;;Tr;Tr;Tr;Tr;0.0;1;1
Fruit juice drink, no added sugar, ready to drink;0;0.2;Tr;0.9;4;18;0.9;Tr;Tr;5;48;5;3;3;Tr;Tr;Tr;Tr;Tr;0;Tr;0.0;Tr;;0.02;Tr;0.1;0.01;0.0;2;5
Fruit juice drink/squash, diluted;0;0.0;Tr;1.8;7;29;1.8;Tr;Tr;8;5;1;0;0;Tr;Tr;Tr;Tr;Tr;0;138;0.0;N;;Tr;Tr;0.0;0.00;0.0;0;N
Fruit juice drink/squash, no sugar added, diluted;0;0.0;Tr;0.3;1;5;0.3;Tr;Tr;22;6;1;0;0;Tr;Tr;Tr;Tr;Tr;0;N;0.0;Tr;;Tr;Tr;0.0;0.00;0.0;0;N
Fruit juice drink/squash, no sugar added, undiluted;0;0.1;Tr;1.4;6;25;1.4;Tr;Tr;110;31;5;1;2;Tr;Tr;Tr;Tr;Tr;0;N;0.0;Tr;;Tr;Tr;0.1;0.01;0.0;2;N
Fruit juice drink/squash, ready to drink;0;0.1;Tr;9.8;37;159;9.8;Tr;Tr;5;44;6;3;2;Tr;Tr;Tr;Tr;Tr;0;N;0.0;N;;Tr;Tr;0.1;0.01;0.0;2;N
Fruit juice drink/squash, undiluted;0;0.1;Tr;8.9;34;144;8.9;Tr;Tr;40;27;6;1;2;Tr;Tr;Tr;Tr;Tr;0;690;0.0;N;;Tr;Tr;0.1;0.01;0.0;2;N
Fruit juice, mixed;0;0.4;Tr;10.3;40;172;10.3;0.8;Tr;2;123;7;7;11;0.07;0.02;Tr;Tr;Tr;0;N;0.0;Tr;;0.17;0.02;0.3;0.06;0.0;11;33
Fruit pastilles;0;2.8;0.0;84.2;327;1395;59.3;N;0.00;33;28;28;6;4;0.40;0.04;Tr;Tr;N;0;N;0.0;0.00;;0.00;0.00;0.0;0.00;0.0;0;0
Fruit salad, homemade;0;0.7;0.3;14.3;59;252;14.0;N;N;1;155;12;9;15;0.16;0.05;Tr;Tr;N;0;23;0.0;N;;0.09;0.03;0.3;0.09;0.0;N;24
Fudge, homemade;0;3.4;13.1;80.8;435;1836;80.8;0.0;8.29;156;153;126;13;105;0.23;0.09;0.5;1;15;151;105;0.9;0.28;;0.02;0.17;0.1;0.03;0.3;4;0
Fu-fu, sweet potato, homemade;0;1.6;0.3;25.9;109;464;N;N;0.09;37;295;23;43;57;0.81;0.15;N;N;N;0;3603;0.0;N;;0.07;0.01;0.6;0.06;0.0;N;15
Fu-fu, yam, homemade;0;2.1;0.3;37.4;155;658;N;N;0.09;16;258;13;13;31;0.54;0.05;N;N;N;0;Tr;0.0;N;;0.14;0.01;0.4;0.13;0.0;N;4
Gajjeralla;0;3.6;12.3;39.3;272;1145;39.3;2.1;4.81;93;321;139;18;107;0.36;Tr;0.5;;;107;2324;Tr;4.76;;0.03;0.14;0.6;N;0.1;N;Tr
Garam masala;0;15.6;15.1;45.2;379;1592;N;N;N;97;1450;760;330;390;32.60;1.62;3.8;N;N;0;340;0.0;N;;0.35;0.33;2.5;N;0.0;0;0
Garlic mushrooms, not coated, homemade;0;1.2;14.1;0.5;134;552;0.4;N;8.85;128;409;6;11;105;0.24;0.30;0.6;18;9;162;103;0.2;0.32;;0.11;0.24;2.1;0.09;0.1;21;1
Garlic powder;0;18.7;1.2;42.7;246;1045;4.2;;0.20;19;1360;65;61;220;3.90;0.15;2.6;5;N;0;Tr;0.0;0.03;;N;0.12;0.7;0.99;0.0;0;0
Garlic, raw;0;7.9;0.6;16.3;98;411;1.6;N;0.10;4;620;19;25;170;1.90;0.06;1.0;2;3;0;Tr;0.0;0.01;;0.13;0.03;0.3;0.38;0.0;5;17
Gateau, chocolate based, frozen;0;3.5;15.7;37.2;295;1236;17.4;N;10.30;173;189;49;20;153;1.50;0.52;0.6;N;N;102;80;N;1.01;;0.05;0.09;0.3;0.01;0.2;2;Tr
Gateau, fruit, frozen;0;3.2;12.3;33.3;248;1042;14.9;N;7.89;128;107;40;10;110;0.70;0.38;0.7;N;35;109;55;Tr;1.06;;0.03;0.06;0.4;0.02;0.2;6;4
Gelatine;0;84.4;0.0;0.0;338;1435;0.0;0.0;0.00;330;7;250;15;32;2.10;0.05;0.2;19;6;0;0;0.0;0.00;;Tr;Tr;Tr;Tr;0.0;Tr;0
Ghee made from vegetable oil;0;0.1;100.0;0.0;900;3702;0.0;0.0;46.72;1;1;Tr;Tr;Tr;Tr;0.14;Tr;Tr;Tr;0;Tr;0.0;8.70;;0.00;0.00;Tr;Tr;0.0;0;0
Ghee, butter;0;0.1;97.6;Tr;878;3611;Tr;0.0;58.42;1;Tr;1;Tr;Tr;Tr;Tr;Tr;Tr;44;922;1863;1.1;5.76;;0.00;Tr;Tr;Tr;Tr;0;0
Gherkins, pickled, drained;0;0.9;0.1;2.6;14;61;2.4;1.5;Tr;690;110;20;11;22;0.70;0.10;0.3;N;N;0;2;0.0;N;;Tr;0.02;0.1;N;0.0;6;1
Gherkins, raw;0;1.0;0.1;1.8;12;49;1.6;;Tr;11;230;25;15;28;0.30;0.01;0.2;N;N;0;135;0.0;N;;0.01;0.05;0.2;N;0.0;18;11
Giblets, chicken, boiled;0;22.9;7.1;0.0;156;652;0.0;;N;67;210;10;18;280;6.80;0.21;3.5;N;N;N;N;N;N;;0.16;2.15;5.2;0.48;15.0;420;6
Giblets, chicken, raw;0;17.1;8.2;0.0;142;594;0.0;;N;82;250;10;17;170;6.70;0.34;2.8;N;N;5500;Tr;N;0.71;;0.11;0.13;5.9;0.29;14.0;530;12
Giblets, turkey, boiled;0;28.1;8.8;0.0;192;803;0.0;;N;63;210;34;20;230;5.80;0.30;5.6;N;N;3100;Tr;N;0.07;;0.09;1.14;5.2;0.26;8.0;330;3
Ginger, fresh;0;1.8;0.8;8.1;44;188;1.7;2.0;0.20;13;415;16;43;34;0.60;0.23;0.3;N;N;0;0;0.0;0.26;0.10;0.02;0.03;0.8;0.16;0.0;11;5
Ginger, ground;0;7.4;3.3;60.0;284;1208;19.8;14.1;1.57;34;910;97;130;140;46.80;0.45;4.7;N;N;0;220;0.0;N;;0.05;0.19;5.1;1.01;0.0;0;0
Gingerbread, homemade;0;5.6;11.3;65.9;371;1569;34.7;1.7;3.74;253;126;62;14;79;1.46;0.10;0.5;4;N;N;90;N;N;;0.09;0.10;0.7;0.08;0.4;7;Tr
Glucose liquid, BP;0;Tr;0.0;84.7;318;1355;40.2;;0.00;150;3;8;2;11;0.50;0.09;N;Tr;Tr;0;0;0.0;0.00;;0.00;0.00;0.0;0.00;0.0;0;0
Goose, meat, raw, fat and skin;0;16.5;32.8;0.0;361;1494;0.0;;9.50;61;270;7;17;160;2.20;0.14;1.7;N;N;17;Tr;N;N;;0.12;0.30;3.6;0.35;2.0;8;0
Goose, meat, roasted, fat and skin;0;27.5;21.2;0.0;301;1252;0.0;0.0;6.60;80;320;10;23;220;3.30;0.15;2.6;N;N;21;Tr;N;N;;0.12;0.51;4.6;0.42;2.0;12;0
Gooseberries, cooking, raw;0;1.1;0.4;3.0;19;81;3.0;;N;2;210;28;7;34;0.30;0.06;0.1;Tr;Tr;0;110;0.0;0.37;;0.03;0.03;0.3;0.02;0.0;8;14
Gooseberries, cooking, stewed with sugar;0;0.7;0.3;12.9;54;229;12.9;N;N;7;140;19;6;22;0.30;0.07;0.1;Tr;Tr;0;41;0.0;0.29;;0.01;0.02;0.2;0.01;0.0;6;11
Gooseberries, cooking, stewed without sugar;0;0.9;0.3;2.5;16;66;2.5;;N;2;170;23;6;28;0.30;0.05;0.1;Tr;Tr;0;43;0.0;0.31;;0.01;0.02;0.2;0.01;0.0;6;11
Gooseberries, dessert, raw;0;0.7;0.3;9.2;40;170;9.2;;0.10;1;170;19;9;19;0.60;0.06;0.1;Tr;Tr;0;62;0.0;0.37;;0.03;0.03;0.3;0.02;0.0;8;26
Goulash, homemade;0;6.9;3.0;6.5;79;332;1.7;N;0.81;254;292;12;15;69;0.90;0.06;1.5;2;5;Tr;179;0.2;0.68;;0.08;0.06;1.2;0.23;Tr;10;8
Gourd, ash, raw;0;0.5;0.1;2.3;12;51;N;;Tr;5;110;23;N;19;0.60;N;N;N;N;0;3;0.0;N;;0.05;0.02;0.3;N;0.0;N;11
Gourd, bottle, raw;0;0.4;0.1;2.7;13;56;N;;Tr;2;120;17;9;13;0.50;0.03;0.7;N;N;0;17;0.0;N;;0.03;0.02;0.3;0.04;0.0;6;5
Gourd, kantola, raw;0;1.9;1.0;3.0;28;117;0.9;;N;8;420;31;43;63;2.00;0.10;0.6;N;N;0;1600;0.0;N;;0.10;0.14;0.5;N;0.0;N;295
Gourd, karela, raw;0;1.6;0.2;0.8;11;47;Tr;;N;1;330;19;31;48;1.40;0.27;0.4;N;N;0;345;0.0;N;;0.09;0.05;0.4;N;0.0;45;185
Gourd, ridge, raw;0;0.8;0.1;3.3;17;70;3.1;;Tr;2;130;12;16;32;0.30;0.10;0.2;N;N;0;26;0.0;N;;0.07;0.02;0.4;N;0.0;37;3
Gourd, snake, raw;0;0.5;0.3;4.1;21;89;N;;N;25;34;26;53;20;0.30;0.11;0.1;N;N;0;96;0.0;N;;0.04;0.06;0.3;N;0.0;15;Tr
Gourd, tinda, raw;0;1.4;0.2;3.6;21;89;2.8;;N;35;24;25;14;24;0.90;0.12;N;N;N;0;13;0.0;N;;0.04;0.08;0.3;N;0.0;N;18
Grape juice, unsweetened;0;0.3;0.1;16.0;62;265;16.0;0.0;Tr;7;55;19;7;14;0.90;Tr;0.1;1;N;0;Tr;0.0;Tr;;Tr;0.01;0.1;0.04;0.0;1;Tr
Grapefruit juice, unsweetened;0;0.4;0.1;8.3;33;140;8.3;Tr;Tr;7;100;14;8;11;0.20;0.01;Tr;1;N;0;1;0.0;0.19;;0.04;0.01;0.2;0.02;0.0;6;31
Grapefruit, canned in juice, whole contents;0;0.6;Tr;7.3;30;120;7.3;N;Tr;10;72;22;8;16;0.30;0.01;Tr;Tr;N;0;Tr;0.0;0.10;;0.04;0.01;0.3;0.02;0.0;6;33
Grapefruit, flesh only, raw;0;0,9;0,5;6,9;34;145;6,9;0,9;0,07;1;129;23;8;18;0,09;0,04;0,1;Tr;Tr;0;310;0;0,27;0,01;0,07;0,02;0,3;0,02;0;23;35
Grapefruit, flesh only, raw, weighed with peel and pips;0;0,6;0,4;4,9;24;102;4,9;0,6;0,05;1;92;16;6;13;0,06;0,03;Tr;Tr;Tr;0;220;0;0,19;0,01;0,05;0,01;0,2;0,01;0;16;25
Grapes, average;0;0.7;0.2;16.1;65;277;16.1;1.3;0.06;1;215;10;7;19;0.23;0.09;Tr;Tr;1;0;7;0.0;0.19;;0.07;0.01;0.2;0.04;0.0;6;2
Grapes, average, weighed with pips;0;0.7;0.2;15.8;64;272;15.8;1.3;0.06;1;211;10;7;19;0.23;0.09;Tr;Tr;1;0;7;0.0;0.19;;0.07;0.01;0.2;0.04;0.0;6;2
Grapes, green;0;0.7;0.2;15.2;62;263;15.2;1.2;0.07;1;217;8;6;19;0.21;0.07;Tr;Tr;1;0;Tr;0.0;0.18;;0.04;0.01;0.2;0.04;0.0;6;2
Grapes, red;0;0.6;0.1;17.0;67;286;17.0;1.3;0.04;1;213;11;7;18;0.24;0.10;Tr;Tr;1;0;14;0.0;0.20;;0.09;0.01;0.2;0.04;0.0;6;3
Gravy instant granules;0;4.4;16.1;65.2;407;1714;5.3;1.6;10.66;5300;150;22;15;71;0.50;0.24;0.3;N;N;N;Tr;Tr;N;;N;N;N;N;Tr;Tr;0
Gravy instant granules, made up with water;0;0.3;1.2;4.7;30;125;0.4;0.1;0.77;385;11;2;1;5;0.04;0.02;0.0;N;N;N;Tr;Tr;N;;N;N;N;N;Tr;Tr;0
Green beans, dried;0;21.6;4.4;31.9;246;1040;22.6;35.0;0.82;Tr;2942;535;254;386;10.70;0.62;3.9;6;17;0;N;0.0;4.53;;Tr;Tr;8.2;Tr;0.0;Tr;Tr
Greengages, raw;0;0.8;0.1;9.7;41;173;9.7;;Tr;1;310;17;8;23;0.40;0.08;0.1;Tr;N;0;95;0.0;0.70;;0.05;0.04;0.6;0.05;0.0;3;5
Greengages, raw, weighed with stones;0;0.7;0.1;9.2;38;163;9.2;;Tr;1;290;16;8;22;0.40;0.08;0.1;Tr;N;0;90;0.0;0.67;;0.05;0.04;0.6;0.05;0.0;3;5
Greengages, stewed with sugar;0;0.7;0.1;20.7;81;347;20.7;;Tr;Tr;280;15;7;20;0.40;0.07;0.1;Tr;N;0;85;0.0;0.63;;0.03;0.03;0.4;0.04;0.0;Tr;3
Greengages, stewed with sugar, weighed with stones;0;0.7;0.1;19.9;78;334;19.9;;Tr;Tr;270;14;7;19;0.30;0.07;0.1;Tr;N;0;82;0.0;0.60;;0.03;0.03;0.4;0.04;0.0;Tr;3
Greengages, stewed without sugar, weighed with stones;0;0.6;0.1;8.3;34;147;8.3;;Tr;1;270;14;7;20;0.40;0.07;0.1;Tr;N;0;81;0.0;0.60;;0.03;0.03;0.4;0.03;0.0;Tr;3
Greengages, stones, removed, stewed without sugar;0;0.7;0.1;8.7;36;155;8.7;;Tr;1;280;15;7;21;0.40;0.07;0.1;Tr;N;0;85;0.0;0.63;;0.03;0.03;0.4;0.04;0.0;Tr;3
Grenadillas, flesh and seeds;0;2.8;0.3;7.5;42;179;7.5;;0.10;28;350;16;39;54;1.10;0.12;0.8;N;N;0;10;0.0;N;;Tr;0.10;1.9;N;0.0;N;20
Grouse, meat only, roasted;0;27.6;2.0;0.0;128;543;0.0;;0.50;110;380;45;32;260;4.60;0.34;1.6;20;N;N;N;N;N;;0.19;0.80;7.0;0.64;1.0;37;0
Grouse, meat only, roasted, weighed with bone;0;12.7;0.9;0.0;59;249;0.0;;0.20;51;180;21;15;120;2.10;0.16;0.8;9;N;N;N;N;N;;0.08;0.37;3.2;0.29;Tr;17;0
Guacamole, homemade;0;1.4;12.7;2.2;128;529;1.3;N;2.67;5;364;10;19;32;0.33;0.13;0.3;Tr;2;0;110;0.0;2.23;;0.08;0.12;0.9;0.25;0.0;15;13
Guava, flesh only, raw;0;0.8;0.5;5.0;26;112;4.9;;N;5;230;13;12;25;0.40;0.10;0.2;N;N;0;435;0.0;N;;0.04;0.04;1.0;0.14;0.0;N;230
Guava, raw, weighed with skin and pips;0;0.7;0.5;4.5;24;102;4.4;;N;5;210;12;11;23;0.40;0.09;0.2;N;N;0;390;0.0;N;;0.04;0.04;0.9;0.13;0.0;N;210
Gulab jamen/jambu, homemade;0;6.5;6.6;49.9;273;1153;35.6;0.5;0.62;115;246;207;23;192;0.37;0.06;0.7;N;N;69;2;0.2;1.43;6.81;0.07;0.21;0.3;0.09;0.4;8;1
Gulab jamen/jambu, retail;0;7.2;12.8;43.3;306;1287;38.9;N;4.38;106;323;249;26;191;0.26;0.06;0.9;N;N;70;40;0.1;1.67;6.39;0.07;0.32;0.2;0.11;0.6;11;1
Haddock, coated in crumbs, frozen, fried in blended oil;0;14.7;10.0;12.6;196;822;Tr;N;N;290;230;120;21;200;0.80;0.05;0.4;18;250;Tr;Tr;Tr;N;;0.08;0.08;2.8;0.24;1.0;N;Tr
Haddock, coated in crumbs, frozen, fried in blended oil, weighed with bones and skin;0;11.8;8.0;10.1;157;657;Tr;N;N;230;180;96;17;160;0.60;0.04;0.3;14;200;Tr;Tr;Tr;N;;0.06;0.06;2.2;0.19;1.0;N;Tr
Haddock, coated in crumbs, frozen, raw;0;13.8;5.2;10.5;141;595;Tr;N;N;290;250;120;22;170;0.60;0.05;0.3;22;210;Tr;Tr;Tr;N;;0.08;0.06;2.5;0.31;1.0;N;Tr
Haddock, fillets, flesh only, in flour, fried in blended oil, weighed with bones and skin;0;18.4;3.6;3.9;120;507;Tr;N;0.40;62;330;43;23;190;0.20;0.01;0.4;24;290;Tr;Tr;Tr;0.86;;0.03;0.09;3.7;0.39;2.0;N;Tr
Haddock, fillets, flesh only, in flour, fried in dripping;0;21.1;4.1;4.5;138;582;Tr;N;2.30;71;380;49;27;220;0.20;0.01;0.5;28;330;N;N;N;0.40;;0.04;0.10;4.3;0.45;2.0;N;Tr
Haddock, fillets, flesh only, in flour, fried in dripping, weighed with bones and skin;0;18.4;3.6;3.9;120;507;Tr;N;2.00;62;330;43;23;190;0.20;0.01;0.4;24;290;N;N;N;0.35;;0.03;0.09;3.7;0.39;2.0;N;Tr
Haddock, fillets, flesh only, in flour, fried in sunflower oil;0;21.1;4.1;4.5;138;582;Tr;N;0.50;71;380;49;27;220;0.20;0.01;0.5;28;330;Tr;Tr;Tr;2.02;;0.04;0.10;4.3;0.45;2.0;N;Tr
Haddock, fillets, flesh only, in flour, fried in sunflower oil, weighed with bones and skin;0;18.4;3.6;3.9;120;507;Tr;N;0.40;62;330;43;23;190;0.20;0.01;0.4;24;290;Tr;Tr;Tr;1.76;;0.03;0.09;3.7;0.39;2.0;N;Tr
Haddock, flesh only, grilled;0;23.9;0.3;0.0;98;417;0.0;0.0;0.06;92;433;20;33;232;0.17;0.02;0.5;48;421;1;Tr;Tr;0.52;;0.09;0.14;4.0;0.29;2.4;6;Tr
Haddock, flesh only, grilled, fillets weighed with bones and skin;0;21.0;0.3;0.0;87;368;0.0;0.0;0.05;81;381;18;29;204;0.15;0.02;0.4;43;370;1;Tr;Tr;0.46;;0.08;0.12;3.5;0.26;2.1;5;Tr
Haddock, flesh only, poached;0;22.8;0.5;0.0;96;406;0.0;0.0;0.11;87;403;14;32;208;0.15;0.03;0.4;44;409;1;Tr;Tr;0.63;;0.15;0.19;5.6;0.37;2.4;13;Tr
Haddock, flesh only, poached, fillets weighed with bones and skin;0;19.8;0.5;0.0;84;355;0.0;0.0;0.10;76;350;12;28;181;0.13;0.02;0.3;38;355;1;Tr;Tr;0.55;;0.13;0.17;4.9;0.32;2.1;11;Tr
Haddock, flesh only, raw;0;17.8;0.4;0.0;75;317;0.0;0.0;0.09;68;315;11;25;163;0.12;0.02;0.3;34;320;1;Tr;Tr;0.49;;0.13;0.15;4.9;0.29;1.9;10;Tr
Haddock, flesh only, smoked, poached;0;21.8;0.5;0.0;92;389;0.0;0.0;0.09;464;265;24;25;164;0.17;0.02;0.4;42;217;2;Tr;N;0.77;;0.11;0.14;6.3;0.22;2.4;8;Tr
Haddock, flesh only, smoked, poached, fillets weighed with bones and skin;0;19.2;0.4;0.0;80;341;0.0;0.0;0.08;408;233;21;22;144;0.15;0.02;0.4;37;191;2;Tr;N;0.68;;0.10;0.12;5.5;0.19;2.1;7;Tr
Haddock, flesh only, smoked, raw;0;19.7;0.5;0.0;83;352;0.0;0.0;0.08;420;240;22;23;148;0.15;0.02;0.4;38;196;Tr;Tr;Tr;0.70;;0.10;0.13;5.7;0.20;2.1;7;Tr
Haddock, flesh only, smoked, steamed;0;22.5;0.5;0.0;95;402;0.0;0.0;0.09;549;314;29;30;194;0.20;0.02;0.5;50;257;2;Tr;Tr;0.80;;0.11;0.14;6.5;0.23;2.4;8;Tr
Haddock, flesh only, smoked, steamed, weighed with bones and skin;0;20.0;0.5;0.0;84;358;0.0;0.0;0.08;489;279;25;27;173;0.18;0.02;0.5;44;229;2;Tr;N;0.71;;0.10;0.13;5.8;0.20;2.2;7;Tr
Haddock, flesh only, steamed;0;21.8;0.6;0.0;93;393;0.0;0.0;0.12;84;376;14;28;199;0.16;0.03;0.4;51;381;1;Tr;Tr;0.57;;0.07;0.11;3.9;0.24;2.1;9;Tr
Haddock, flesh only, steamed, fillets weighed with bones and skin;0;19.0;0.5;0.0;81;342;0.0;0.0;0.10;73;327;13;24;173;0.14;0.03;0.4;45;331;1;Tr;Tr;0.50;;0.06;0.10;3.4;0.21;1.9;8;Tr
Haddock, in batter, fried in blended oil;0;17.1;14.0;10.0;232;969;Tr;;1.50;180;280;180;28;270;0.40;0.04;0.5;21;N;N;Tr;Tr;N;;0.07;0.13;2.2;0.23;N;27;Tr
Haddock, in batter, fried in dripping;0;17.1;14.0;10.0;232;969;Tr;;7.80;180;280;180;28;270;0.40;0.04;0.5;21;N;N;N;Tr;N;;0.07;0.13;2.2;0.23;N;27;Tr
Haddock, in batter, fried in retail blend oil;0;17.1;14.0;10.0;232;969;Tr;N;7.22;180;280;180;28;270;0.40;0.04;0.5;21;N;Tr;Tr;Tr;1.48;;0.07;0.13;2.2;0.23;N;27;Tr
Haddock, in batter, fried in sunflower oil;0;17.1;14.0;10.0;232;969;Tr;;2.00;180;280;180;28;270;0.40;0.04;0.5;21;N;N;Tr;Tr;N;;0.07;0.13;2.2;0.23;N;27;Tr
Haggis, boiled;0;10.7;21.7;19.2;310;1292;Tr;N;7.60;770;170;29;36;160;4.80;0.44;1.9;N;N;1800;Tr;0.1;0.41;;0.16;0.35;1.5;0.07;2.0;8;Tr
Hake, flesh only, grilled;0;22.2;2.7;0.0;113;478;0.0;;0.40;130;340;17;28;240;0.60;0.04;0.4;N;N;N;Tr;Tr;N;;N;N;N;N;N;N;Tr
Hake, flesh only, grilled, weighed with bones and skin;0;14.4;1.8;0.0;74;310;0.0;;0.30;84;220;11;18;150;0.40;0.03;0.2;N;N;N;Tr;Tr;N;;N;N;N;N;N;N;Tr
Hake, flesh only, raw;0;18.0;2.2;0.0;92;387;0.0;;0.30;100;270;14;23;190;0.50;0.03;0.3;N;N;N;Tr;Tr;N;;N;N;N;N;N;N;Tr
Halibut, flesh only, grilled;0;25.3;2.2;0.0;121;513;0.0;;0.40;71;490;34;29;240;0.60;0.05;0.5;N;47;N;Tr;N;1.00;;0.07;0.07;6.1;0.40;1.0;11;Tr
Halibut, flesh only, poached;0;24.7;5.7;1.1;154;648;1.1;;2.70;100;490;58;30;250;0.60;0.05;0.6;N;47;41;21;N;1.04;;0.08;0.12;5.8;0.44;1.0;11;Tr
Halibut, flesh only, poached, weighed with bones and skin;0;22.7;5.3;1.0;142;596;1.0;;2.50;96;450;54;28;230;0.50;0.04;0.5;N;44;38;20;N;0.95;;0.07;0.11;5.4;0.40;1.0;10;Tr
Halibut, flesh only, raw;0;21.5;1.9;0.0;103;436;0.0;;0.30;60;410;29;25;200;0.50;0.04;0.4;N;40;N;Tr;N;0.85;;0.07;0.07;5.8;0.38;1.0;9;Tr
Halibut, grilled, weighed with bones and skin;0;19.7;1.7;0.0;95;400;0.0;;0.30;55;380;27;23;190;0.50;0.04;0.4;N;37;N;Tr;N;0.78;;0.06;0.06;4.8;0.31;1.0;8;Tr
Halva, carrot, homemade;0;4.8;16.6;44.0;354;1478;43.3;4.7;7.38;94;404;162;24;131;0.69;0.12;0.7;1;35;19;13428;Tr;1.38;;0.17;0.24;0.4;0.15;0.9;14;2
Halva, semolina, homemade;0;2.2;16.7;49.1;342;1436;37.6;N;7.00;13;59;12;12;33;0.45;0.12;0.2;Tr;N;0;2;0.0;1.72;;0.02;0.02;0.1;0.02;0.0;3;0
Ham;0;18.4;3.3;1.0;107;451;1.0;0.1;1.10;800;340;7;24;340;0.70;0.12;1.8;11;5;Tr;Tr;N;0.04;;0.80;0.17;6.5;0.61;1.0;19;Tr
Ham, gammon joint, boiled;0;23.3;12.3;0.0;204;851;0.0;0.0;4.11;1180;250;9;18;170;0.80;0.10;2.1;12;9;Tr;Tr;0.8;0.08;;0.58;0.16;5.4;0.42;Tr;3;Tr
Ham, gammon joint, raw;0;17.5;7.5;0.0;138;575;0.0;0.0;2.50;880;190;7;17;130;0.60;0.08;1.5;11;7;Tr;Tr;0.6;0.06;;0.44;0.13;5.3;0.43;Tr;4;Tr
Ham, gammon rashers, grilled;0;27.5;9.9;0.0;199;834;0.0;0.0;3.40;1360;380;8;26;230;0.80;0.09;2.2;14;8;Tr;Tr;0.8;0.08;;1.16;0.18;6.4;0.16;1.0;3;Tr
Hare, meat only, stewed;0;29.9;8.0;0.0;192;804;0.0;;N;40;210;21;22;250;10.80;N;N;N;N;N;N;N;N;;N;N;N;N;N;N;0
Hare, meat only, stewed, weighed with bone;0;21.8;5.8;0.0;139;585;0.0;;N;29;150;15;16;180;7.90;N;N;N;N;N;N;N;N;;N;N;N;N;N;N;0
Hazelnuts, kernel only;0;14.1;63.5;6.0;650;2685;4.0;6.9;4.55;6;730;140;160;300;3.20;1.23;2.1;2;17;0;0;0.0;24.98;;0.43;0.16;1.1;0.59;0.0;72;0
Hazelnuts, kernel only, weighed with shells;0;5.4;24.1;2.3;247;1020;1.5;2.6;1.73;2;280;53;61;110;1.20;0.47;0.8;1;6;0;0;0.0;9.49;;0.16;0.06;0.4;0.22;0.0;27;0
Heart, lamb, raw;0;17.1;6.8;0.0;129;498;0.0;;2.10;140;280;7;21;210;3.60;0.52;2.0;2;N;Tr;Tr;N;0.37;;0.48;0.90;6.9;0.29;8.0;2;7
Heart, lamb, roasted;0;25.3;13.9;0.0;226;944;0.0;0.0;N;84;210;7;21;240;6.00;0.66;2.8;N;N;Tr;Tr;0.1;N;;0.24;1.37;3.8;0.26;6.0;2;2
Heart, ox, raw;0;18.2;3.5;0.0;104;439;0.0;;1.70;88;290;5;22;210;5.00;0.37;1.8;3;N;Tr;Tr;N;0.45;;0.45;0.80;6.3;0.23;13.0;4;7
Heart, ox, stewed;0;27.8;5.1;0.0;157;661;0.0;;2.50;65;200;9;25;250;6.20;0.78;3.3;3;N;Tr;Tr;N;0.72;;0.21;1.20;4.9;0.05;13.0;5;2
Heart, pig, raw;0;17.1;3.2;0.0;97;409;0.0;;1.20;80;300;6;20;220;4.80;0.37;1.8;5;N;Tr;Tr;N;0.37;;0.48;0.90;6.9;0.29;8.0;2;5
Heart, pig, stewed;0;25.1;6.8;0.0;162;678;0.0;;N;76;190;10;20;220;5.30;0.60;2.9;N;N;Tr;Tr;N;N;;0.15;1.14;4.7;0.31;2.0;3;2
Herring, flesh only, grilled;0;20.1;11.2;0.0;181;756;0.0;0.0;2.80;160;430;79;42;310;1.60;0.19;1.2;46;38;34;Tr;16.1;0.64;;Tr;0.27;4.0;0.35;15.0;10;Tr
Herring, flesh only, grilled, weighed with bones and skin;0;13.7;7.6;0.0;123;514;0.0;;1.90;110;300;54;29;210;1.10;0.13;0.8;31;26;23;Tr;10.9;0.44;;Tr;0.18;2.7;0.24;10.0;7;Tr
Herring, flesh only, raw;0;17.8;13.2;0.0;190;791;0.0;;3.65;120;320;60;32;230;1.20;0.14;0.9;35;29;44;Tr;19.0;0.76;;0.01;0.26;4.1;0.44;13.0;9;Tr
Herring, pickled;0;16.7;11.1;10.0;209;877;10.0;;N;830;62;13;5;77;0.70;0.12;0.3;N;N;37;Tr;16.0;0.64;;Tr;0.13;0.8;0.11;N;1;Tr
High juice drink, diluted;0;0.1;Tr;8.5;32;137;8.5;Tr;Tr;2;22;3;1;1;Tr;Tr;Tr;Tr;Tr;0;N;0.0;N;;0.00;0.00;0.0;0.01;0.0;1;N
High juice drink, no added sugar, undiluted;0;0.3;Tr;4.6;18;78;4.6;Tr;Tr;100;110;14;4;5;Tr;Tr;Tr;Tr;Tr;0;N;0.0;N;;0.01;0.01;0.1;0.03;0.0;4;N
High juice drink, undiluted;0;0.3;Tr;42.6;161;687;42.6;Tr;Tr;11;110;14;4;5;Tr;Tr;Tr;Tr;Tr;0;N;0.0;N;;0.01;0.01;0.1;0.03;0.0;4;N
Hilsa, raw;0;21.8;19.4;0.0;262;1088;0.0;;N;52;180;180;N;280;2.10;0.14;N;N;N;N;Tr;N;N;;N;N;2.8;N;4.0;N;N
Hoki, grilled;0;24.1;2.7;0.0;121;510;0.0;;0.50;120;550;21;41;270;1.00;0.04;0.6;60;N;Tr;Tr;Tr;N;;0.03;0.06;2.1;N;N;N;Tr
Hoki, raw;0;16.9;1.9;0.0;85;358;0.0;;0.30;86;380;15;29;190;0.70;0.03;0.4;42;N;Tr;Tr;Tr;N;;0.02;0.05;1.6;N;N;N;Tr
Hollandaise sauce, homemade;0;5.1;77.9;0.9;717;2948;0.5;0.1;46.36;630;66;63;6;183;2.06;0.06;1.2;16;33;929;542;4.2;2.97;;0.03;0.19;0.0;0.07;2.5;23;1
Honey;0;0.4;0.0;76.4;288;1229;76.4;0.0;0.00;11;51;5;2;17;0.40;0.05;0.9;1;Tr;0;0;0.0;0.00;;Tr;0.05;0.2;N;0.0;N;0
Honey and comb;0;0.6;4.6;74.4;281;1201;74.4;;0.00;7;35;8;2;32;0.20;0.04;N;1;Tr;0;0;0.0;0.00;;Tr;0.05;0.2;N;0.0;N;0
Horlicks powder, made up with semi-skimmed milk;0;4.1;1.8;13.5;83;353;8.5;0.4;1.10;93;215;319;14;117;1.18;0.02;N;N;N;125;8;2.1;1.38;;0.21;0.41;2.6;0.31;0.9;24;9
Horlicks powder, made up with skimmed milk;0;4.1;0.6;13.5;72;308;8.5;0.4;0.26;95;220;323;14;119;1.19;0.02;N;N;N;110;Tr;2.1;1.36;;0.21;0.40;2.5;0.31;0.8;24;9
Horlicks powder, made up with whole milk;0;4.1;3.5;13.3;98;415;8.4;0.4;2.18;93;216;319;14;119;1.18;0.02;N;N;N;141;12;2.1;1.40;;0.21;0.41;2.6;0.32;0.9;23;9
Horlicks, powder;0;9.4;3.1;83.7;379;1614;38.9;3.4;1.30;500;686;1910;39;300;10.50;0.20;N;N;N;978;Tr;18.5;12.20;;1.70;2.00;22.0;2.40;1.2;160;73
Horseradish sauce;0;2.5;8.4;17.9;153;640;15.0;2.5;1.10;910;220;43;18;42;0.60;0.05;0.4;N;N;Tr;Tr;Tr;N;;N;N;N;N;Tr;N;Tr
Horseradish, raw;0;4.5;0.3;11.0;62;264;7.3;;N;8;580;120;36;70;2.00;0.23;1.4;N;N;0;0;0.0;Tr;;0.05;0.03;0.5;0.15;0.0;N;120
Hot cross buns, homemade;0;7.3;5.8;58.3;312;1319;23.4;N;1.95;77;224;111;22;109;1.41;0.24;0.7;N;N;56;43;0.6;2.14;;0.20;0.14;1.4;0.10;0.3;28;0
Hot pot, lamb/beef with potatoes, retail, reheated;0;7.2;4.4;10.6;108;455;1.0;1.9;1.70;200;260;17;16;80;0.80;0.07;1.3;N;N;N;N;N;N;;0.43;0.09;1.5;0.29;1.0;25;Tr
Houmous;0;6.8;26.7;10.5;307;1272;0.6;4.9;N;410;190;41;62;160;1.90;0.30;1.4;4;N;0;N;0.0;N;;0.16;0.05;1.1;0.15;0.0;42;1
Ice cream bars/choc ices, chocolate coated, luxury;0;3.9;21.1;34.9;336;1405;32.9;N;14.21;64;250;121;27;119;1.20;0.15;0.5;3;23;470;189;Tr;0.71;;0.10;0.17;0.1;0.13;0.3;7;0
Ice cream bars/choc ices, non-dairy, with chocolate flavoured coating;0;3.2;21.7;23.2;295;1229;20.5;Tr;18.40;70;189;84;22;87;0.27;0.10;0.3;N;N;Tr;Tr;Tr;0.27;;N;N;N;N;N;N;N
Ice cream desserts, frozen;0;3.5;17.6;21.0;251;1047;19.7;Tr;14.17;62;234;93;21;94;0.19;0.13;0.4;N;20;2;5;0.3;Tr;;0.04;0.20;0.2;0.06;0.4;3;0
Ice cream sauce, topping, strawberry and chocolate flavours;0;0.4;0.2;72.7;276;1177;62.3;N;Tr;Tr;68;9;15;26;0.79;0.09;0.1;N;N;0;Tr;0.0;N;;Tr;Tr;Tr;Tr;0.0;Tr;0
Ice cream with cone, non-dairy, vanilla;0;2.9;7.5;32.0;200;840;22.6;0.3;4.82;81;179;80;13;71;0.43;0.01;0.2;1;21;1;5;Tr;0.59;;0.14;0.25;0.3;0.00;0.7;8;1
Ice cream with wafers, non-dairy, vanilla;0;2.9;7.5;31.7;199;836;22.7;0.3;4.84;80;179;80;13;71;0.42;0.00;0.2;1;21;1;5;Tr;0.59;;0.14;0.25;0.3;0.00;0.7;8;1
Ice cream, dairy, luxury, with chocolate/caramel;0;4.2;13.9;32.2;262;1100;28.4;1.3;8.97;75;249;108;27;110;1.41;0.15;0.6;3;17;139;52;Tr;0.49;;0.02;0.80;0.3;Tr;0.2;4;1
Ice cream, dairy, vanilla, soft scoop;0;3.2;8.2;22.0;169;711;22.0;0.2;5.19;63;163;104;13;85;0.06;0.02;0.3;1;30;91;45;0.5;0.49;;0.10;0.28;0.2;0.04;0.5;6;1
Ice cream, non dairy, vanilla, soft scoop;0;2.6;7.7;29.8;192;807;23.5;0.2;5.01;76;178;80;12;68;0.35;Tr;0.2;1;22;1;5;Tr;0.60;0.80;0.14;0.26;0.2;Tr;0.7;8;1
Ice cream, virtually fat free alternative;0;4.4;0.8;20.6;102;434;19.0;0.0;N;N;N;N;N;N;N;N;N;N;25;N;N;Tr;N;;0.08;0.28;0.2;0.02;0.5;7;N
Iced buns, retail;0;6.0;7.8;60.8;322;1364;25.8;2.5;3.62;228;130;294;18;96;1.62;0.12;0.6;5;Tr;0;N;0.0;0.77;;0.14;0.03;1.3;0.05;0.0;22;Tr
Icing, butter, homemade;0;0.2;29.4;63.4;507;2121;62.8;0.0;18.61;269;19;8;1;10;0.32;0.04;0.1;Tr;14;342;217;0.3;0.66;;Tr;0.03;0.0;0.00;0.1;Tr;Tr
Icing, fondant, homemade;0;1.3;Tr;90.1;343;1463;88.9;Tr;Tr;30;24;9;3;3;0.18;0.11;0.1;1;Tr;0;0;0.0;0.00;;Tr;0.05;Tr;0.01;Tr;1;1
Icing, glace, homemade;0;Tr;0.0;88.9;333;1422;88.0;;0.00;10;9;2;Tr;1;0.42;0.04;0.1;Tr;Tr;0;0;0.0;0.00;;0.00;0.00;0.0;0.00;0.0;0;0
Icing, Royal, homemade;0;1.1;Tr;93.4;354;1513;92.4;Tr;Tr;30;26;2;1;2;0.45;0.05;0.1;1;Tr;0;0;0.0;0.00;;Tr;0.04;Tr;Tr;Tr;1;Tr
Instant dessert powder, made up with skimmed milk;0;3.3;3.2;14.4;96;407;11.0;N;2.89;229;144;106;11;193;0.11;0.04;0.5;N;25;N;N;N;N;;0.02;0.19;0.1;0.05;0.7;7;1
Instant dessert powder, made up with whole milk;0;3.2;6.0;14.3;121;508;10.9;N;4.69;228;141;102;11;194;0.10;0.04;0.5;N;26;N;N;N;N;;0.02;0.19;0.1;0.05;0.8;6;2
Instant drinks powder, chocolate, low calorie;0;16.0;11.1;52.0;359;1515;33.6;N;8.05;1170;1802;411;186;618;7.50;2.20;3.2;N;178;Tr;16;0.8;0.74;;0.10;0.80;1.1;0.04;0.2;13;0
Instant drinks powder, malted, unfortified;0;5.7;6.2;82.5;388;1646;54.8;2.1;3.80;400;1191;349;67;470;0.60;7.57;5.1;N;N;0;4;Tr;N;;0.36;0.91;4.9;0.17;Tr;18;Tr
Jackfish, raw;0;21.7;2.4;0.0;108;458;0.0;;N;53;360;34;31;220;1.60;0.07;0.6;N;30;65;Tr;13.0;N;;0.17;0.19;6.3;0.43;5.0;N;Tr
Jackfruit, raw;0;1.3;0.3;21.4;88;375;20.6;;N;3;350;26;25;38;0.70;0.19;0.6;N;N;0;210;0.0;N;;0.05;0.12;0.5;0.11;0.0;N;10
Jaffa cakes;0;4.4;8.5;69.3;354;1498;51.6;1.5;4.33;85;133;46;30;98;2.61;0.22;0.7;4;5;15;10;Tr;0.30;;0.13;0.13;1.3;0.07;0.4;9;2
Jam tarts, retail;0;3.2;13.5;58.2;353;1485;32.1;1.4;5.54;26;68;22;6;27;0.27;Tr;Tr;2;Tr;Tr;81;0.0;2.32;;0.06;0.01;0.6;0.03;0.0;5;Tr
Jam, fruit with edible seeds;0;0.6;0.0;69.0;261;1114;69.0;N;0.00;29;43;12;5;10;0.20;0.01;0.1;Tr;7;0;Tr;0.0;0.00;0.90;Tr;Tr;Tr;Tr;0.0;Tr;10
Jam, reduced sugar;0;0.5;0.1;31.9;123;523;31.9;1.7;Tr;20;123;19;7;15;0.36;0.05;Tr;0;2;0;26;0.0;0.14;;Tr;Tr;Tr;Tr;0.0;Tr;26
Jam, stone fruit;0;0.4;0.0;69.3;261;1116;69.3;1.0;0.00;46;67;10;3;6;0.20;0.02;Tr;Tr;7;0;Tr;0.0;0.00;;Tr;Tr;Tr;Tr;0.0;Tr;N
Jambu fruit, flesh only;0;0.7;0.3;12.4;55;234;N;;0.10;26;55;11;35;12;1.10;0.23;N;N;N;0;N;0.0;N;;0.01;0.02;0.4;N;0.0;N;12
Jellabi, homemade;0;4.2;14.9;57.5;369;1551;N;1.6;1.12;2;91;43;12;57;0.99;0.10;N;N;N;0;Tr;0.0;N;;0.09;0.02;0.8;0.07;0.0;N;0
Jelly, made with skimmed milk;0;2.6;Tr;16.8;73;314;16.8;;Tr;29;71;59;6;43;0.40;0.01;N;N;N;Tr;Tr;Tr;Tr;;0.02;0.08;Tr;0.03;0.2;2;1
Jelly, made with water;0;1.2;Tr;15.1;61;260;15.1;0.0;0.00;5;5;7;Tr;1;0.40;0.01;N;N;N;0;0;0.0;0.00;;0.00;0.00;0.0;0.00;0.0;0;0
Jelly, sugar free, made with water;0;1.6;0.0;Tr;6;27;0.0;0.0;0.00;5;5;7;Tr;1;0.40;0.01;N;N;N;0;0;0.0;0.00;;0.00;0.00;0.0;0.00;0.0;0;0
John Dory, raw;0;19.0;1.4;0.0;89;375;0.0;;0.30;60;240;40;20;180;N;0.04;0.3;N;N;Tr;Tr;Tr;N;;N;N;Tr;0.95;N;N;Tr
Jujube, flesh only;0;1.5;0.3;19.7;87;371;19.7;;0.10;4;240;30;10;22;0.60;0.07;0.1;N;N;0;24;0.0;N;;0.03;0.03;0.8;0.08;0.0;N;57
Kalabasu, raw;0;14.7;1.0;0.0;68;287;0.0;;N;N;N;320;N;380;0.80;N;N;N;N;Tr;Tr;Tr;N;;N;N;0.6;N;N;N;Tr
Katla, raw;0;19.5;2.4;0.0;100;420;0.0;;N;50;150;530;N;240;0.90;0.12;N;N;N;Tr;Tr;Tr;N;;N;N;0.8;N;1.0;N;Tr
Kebabs, pork and pineapple, homemade;0;14.4;9.9;5.9;170;709;6.1;N;2.44;78;403;15;25;165;1.01;0.10;1.3;11;5;Tr;146;0.4;1.18;;0.48;0.16;4.0;0.40;0.5;10;18
Kedgeree, homemade;0;15.9;7.7;9.1;167;699;Tr;0.2;2.37;343;181;33;19;150;0.62;0.05;0.7;31;127;N;44;N;N;;0.09;0.20;3.5;0.15;1.8;14;Tr
Khadhi;0;3.4;2.8;6.6;63;267;4.5;N;1.60;37;179;97;15;91;0.66;0.03;0.5;1;N;24;41;0.0;0.22;;0.04;0.13;0.2;N;0.1;N;1
Khatiyu;0;8.5;7.0;25.8;192;813;3.8;0.1;0.54;25;526;61;46;120;1.83;0.45;1.0;N;N;0;47;0.0;N;;0.13;0.04;0.6;N;0.0;16;0
Kheema, beef, homemade;0;11.7;10.8;4.6;160;666;2.6;N;3.69;44;261;28;23;113;2.17;0.07;2.3;4;6;Tr;247;0.4;0.92;3.86;0.16;0.08;3.0;0.21;0.8;10;4
Kheema, lamb, homemade;0;11.0;13.4;4.0;178;740;2.4;1.5;3.84;37;271;30;23;123;1.84;0.10;2.0;1;4;2;236;0.4;3.58;;0.18;0.10;2.5;0.14;0.8;7;4
Kheema, lamb, reduced fat, homemade;0;11.4;9.4;3.2;142;593;1.6;1.6;3.32;39;294;35;26;128;1.92;0.09;2.0;1;5;3;267;0.4;0.93;;0.19;0.11;2.6;0.13;0.8;7;4
Khichadi, with butter ghee;0;4.8;5.2;27.3;169;712;0.2;;3.03;495;203;24;28;83;0.99;0.16;0.8;5;N;28;24;0.1;0.16;;0.10;0.03;0.9;0.12;Tr;11;Tr
Khichadi, with vegetable oil;0;4.8;5.2;27.0;169;712;0.2;;0.76;495;203;24;28;83;0.98;0.16;0.8;5;N;0;3;0.0;N;;0.11;0.03;1.2;0.10;0.0;11;Tr
Kidney, lamb, fried in corn oil;0;23.7;10.3;0.0;188;784;0.0;0.0;N;230;280;14;21;350;11.20;0.58;3.6;209;N;110;Tr;0.6;0.41;;0.52;3.10;9.1;0.48;54.0;70;5
Kidney, lamb, raw;0;17.0;2.6;0.0;91;385;0.0;;0.90;150;260;8;18;270;5.50;0.62;2.5;150;N;96;Tr;N;0.37;;0.34;2.38;9.2;0.59;17.0;8;9
Kidney, ox, raw;0;17.2;2.1;0.0;88;370;0.0;;0.80;170;240;11;16;240;7.20;0.48;1.9;150;15;105;410;N;0.55;;0.50;2.53;6.0;0.37;15.0;63;8
Kidney, ox, stewed;0;24.5;4.4;0.0;138;579;0.0;0.0;1.40;150;210;17;19;290;9.00;0.63;3.0;210;N;45;N;N;0.42;;0.24;3.29;6.2;0.57;38.0;130;5
Kidney, pig, fried;0;29.2;9.5;0.0;202;848;0.0;;N;220;400;12;28;430;9.10;1.08;4.4;270;N;N;Tr;N;N;;0.41;3.70;14.9;0.22;28.0;30;12
Kidney, pig, raw;0;15.5;2.7;0.0;86;363;0.0;;0.90;200;220;10;17;250;6.40;0.43;2.4;150;7;115;Tr;N;0.44;;0.56;2.58;7.6;0.39;40.0;39;7
Kidney, pig, stewed;0;24.4;6.1;0.0;153;641;0.0;;2.00;370;190;13;21;330;6.40;0.84;4.7;250;N;46;Tr;N;0.36;;0.19;2.10;6.1;0.28;15.0;43;11
Kippers, flesh only, boil in the bag, with butter, cooked;0;18.6;13.2;Tr;193;805;Tr;0.0;2.96;860;254;47;38;208;1.11;0.12;1.5;40;13;30;15;11.1;0.23;;0.01;0.24;4.2;0.22;9.5;3;Tr
Kippers, flesh only, grilled;0;21.7;17.6;0.0;245;1020;0.0;0.0;3.74;947;384;39;47;270;1.51;0.11;1.1;57;24;26;Tr;10.1;0.47;;Tr;0.27;5.1;0.29;11.1;3;Tr
Kippers, flesh only, grilled, fillets weighed with bones and skin;0;19.3;15.7;0.0;219;909;0.0;0.0;3.33;843;342;34;42;240;1.34;0.10;0.9;51;21;23;Tr;9.0;0.42;;Tr;0.24;4.5;0.26;9.9;2;Tr
Kiwi fruit, flesh only, raw;0;0,8;0,9;8,6;44;185;8,3;2,7;0,07;1;289;33;13;33;0,22;0,17;0,1;Tr;2;0;40;0;2,17;;Tr;Tr;0,3;0,09;0;33;71
Kiwi fruit, flesh only, raw, weighed with skin;0;0,6;0,7;6,2;32;134;6;2;0,05;1;211;24;10;24;0,16;0,12;0,1;Tr;1;0;29;0;1,58;;Tr;Tr;0,2;0,07;0;24;52
Knickerbocker glory, homemade;0;2.4;6.3;16.4;128;539;14.1;N;2.83;30;186;48;22;62;0.52;0.08;0.3;N;N;17;46;0.0;1.28;2.13;0.07;0.15;0.5;0.02;0.2;13;17
Kofta, beef, homemade;0;25.3;20.5;1.3;290;1203;0.8;0.3;8.52;116;374;34;29;222;2.69;0.03;4.8;11;17;15;42;1.2;0.39;;0.08;0.21;5.6;0.47;2.2;12;2
Kofta, lamb, coated with breadcrumbs, homemade;0;23.8;16.0;9.7;277;1157;0.9;N;7.08;139;422;52;34;253;2.94;0.14;4.1;N;N;19;39;1.2;0.37;;0.19;0.22;4.5;0.21;2.0;7;2
Kohl rabi, boiled in unsalted water;0;1.2;0.2;3.1;18;77;3.0;N;Tr;3;240;21;6;30;0.20;0.01;0.1;N;1;0;Tr;0.0;Tr;;0.08;0.01;0.2;0.11;0.0;47;27
Kohl rabi, raw;0;1.6;0.2;3.7;23;95;3.6;;Tr;4;340;30;10;35;0.30;Tr;0.1;N;1;0;Tr;0.0;Tr;;0.11;Tr;0.3;0.10;0.0;82;43
Kulfi, homemade;0;5.7;42.4;13.8;457;1890;13.6;N;24.22;55;245;158;33;161;0.33;0.08;0.8;3;51;539;333;0.2;2.67;;0.05;0.36;0.4;0.07;1.1;13;1
Kumquats, whole fruit, raw;0;0.9;0.5;9.3;43;183;9.3;;N;6;180;25;13;49;0.60;0.11;0.1;N;N;0;175;0.0;N;;0.07;0.07;0.5;N;0.0;N;39
Lager, alcohol-free;0;0.4;Tr;1.5;7;31;1.2;Tr;Tr;2;44;3;7;19;Tr;Tr;Tr;Tr;N;0;Tr;0.0;N;;Tr;0.02;0.6;0.03;Tr;5;0
Lager, extra strong;0;0.3;Tr;2.4;60;249;2.4;Tr;Tr;7;39;5;7;19;Tr;Tr;Tr;Tr;N;0;Tr;0.0;N;;Tr;0.04;0.7;0.06;Tr;12;0
Lager, low alcohol;0;0.3;Tr;0.5;16;67;0.5;Tr;Tr;10;48;7;14;15;Tr;Tr;Tr;Tr;N;0;Tr;0.0;N;;Tr;0.03;0.6;0.05;Tr;9;0
Lager, premium;0;0.3;Tr;Tr;29;118;Tr;Tr;Tr;7;39;5;7;19;Tr;Tr;Tr;Tr;N;0;Tr;0.0;N;;Tr;0.04;0.7;0.06;Tr;12;0
Lager, standard;0;0.3;Tr;Tr;24;98;Tr;Tr;Tr;7;39;5;7;19;Tr;Tr;Tr;Tr;N;0;Tr;0.0;N;Tr;Tr;0.04;0.7;0.06;Tr;12;0
Lamb stir-fried with vegetables, homemade;0;16.4;18.4;2.3;244;1013;2.0;N;7.36;237;374;20;22;158;1.84;0.08;3.3;N;N;7;234;0.3;0.45;;0.11;0.12;2.9;0.23;1.3;10;7
Lamb, average, raw, lean and fat;0;19.0;12.3;0.0;187;778;0.0;0.0;5.36;58;320;7;22;190;1.40;0.08;2.8;2;2;9;Tr;0.7;0.05;;0.14;0.23;5.1;0.33;1.0;11;0
Lamb, best end neck cutlets, barbecued, lean;0;27.7;13.9;0.0;236;985;0.0;;6.50;82;380;24;26;230;2.00;0.08;3.5;4;6;Tr;Tr;0.6;0.12;;0.16;0.19;6.6;0.46;3.0;11;0
Lamb, best end neck cutlets, barbecued, lean and fat;0;24.3;27.2;0.0;342;1420;0.0;;13.20;80;340;20;24;210;1.80;0.07;2.9;4;6;8;Tr;0.6;0.16;;0.14;0.18;5.8;0.38;2.0;9;0
Lamb, best end neck cutlets, barbecued, lean and fat, weighed with bone;0;17.5;19.6;0.0;246;1023;0.0;;9.50;57;250;14;17;150;1.30;0.05;2.1;3;4;6;Tr;0.4;0.11;;0.10;0.13;4.2;0.27;1.0;6;0
Lamb, best end neck cutlets, barbecued, lean, weighed with fat and bone;0;14.1;7.1;0.0;120;502;0.0;;3.30;42;190;12;13;120;1.00;0.04;1.8;2;3;Tr;Tr;0.3;0.06;;0.08;0.10;3.4;0.23;1.0;6;0
Lamb, best end neck cutlets, grilled, lean;0;28.5;13.8;0.0;238;995;0.0;;6.50;84;370;23;26;230;1.90;0.11;3.6;4;6;Tr;Tr;0.6;0.10;;0.16;0.19;7.0;0.40;3.0;4;0
Lamb, best end neck cutlets, grilled, lean and fat;0;24.5;29.9;0.0;367;1523;0.0;;14.50;81;340;19;24;210;1.70;0.09;2.9;4;6;9;Tr;0.6;0.16;;0.14;0.19;6.0;0.32;2.0;4;0
Lamb, best end neck cutlets, grilled, lean and fat, weighed with bone;0;17.6;21.0;0.0;259;1076;0.0;;10.40;58;250;14;17;150;1.20;0.06;2.1;3;4;7;Tr;0.4;0.11;;0.10;0.14;4.3;0.23;1.0;3;0
Lamb, best end neck cutlets, grilled, lean, weighed with fat and bone;0;13.7;6.6;0.0;114;477;0.0;;3.10;40;180;11;12;110;0.90;0.05;1.7;2;3;Tr;Tr;0.3;0.05;;0.08;0.09;3.4;0.19;1.0;2;0
Lamb, best end neck cutlets, raw, lean and fat;0;16.3;27.9;0.0;316;1309;0.0;;13.60;58;250;11;17;150;1.00;0.05;1.9;3;8;15;Tr;0.4;0.07;;0.15;0.16;5.1;0.34;1.0;11;0
Lamb, best end neck cutlets, raw, lean and fat, weighed with bone;0;11.9;20.4;0.0;231;957;0.0;;9.90;42;180;8;12;110;0.70;0.04;1.4;2;6;11;Tr;0.3;0.05;;0.11;0.11;3.7;0.25;1.0;8;0
Lamb, breast, raw, lean;0;19.6;11.2;0.0;179;748;0.0;;5.20;86;290;8;20;170;1.20;0.09;3.5;2;8;9;Tr;0.4;0.34;;0.09;0.16;5.0;0.19;2.0;7;0
Lamb, breast, raw, lean and fat;0;16.2;24.7;0.0;287;1189;0.0;;11.90;69;240;8;16;140;1.00;0.07;2.6;2;8;16;Tr;0.4;0.28;;0.08;0.14;4.1;0.16;2.0;6;0
Lamb, breast, roasted, lean;0;26.7;18.5;0.0;273;1138;0.0;0.0;8.60;93;330;8;22;200;1.60;0.07;5.1;4;6;Tr;Tr;0.6;0.11;;0.08;0.19;5.7;0.16;3.0;6;0
Lamb, breast, roasted, lean and fat;0;22.4;29.9;0.0;359;1487;0.0;0.0;14.30;85;300;9;21;180;1.40;0.06;3.7;4;6;10;Tr;0.5;0.17;;0.09;0.18;4.9;0.16;2.0;5;0
Lamb, chump chops, fried, lean;0;28.1;11.2;0.0;213;892;0.0;;5.00;74;400;33;28;260;2.40;0.12;4.1;4;6;Tr;Tr;0.6;N;;0.18;0.28;6.8;0.44;3.0;2;0
Lamb, chump chops, fried, lean and fat;0;24.7;23.2;0.0;308;1278;0.0;;10.80;72;360;27;25;230;2.10;0.10;3.4;4;6;7;Tr;0.6;N;;0.16;0.25;5.9;0.37;2.0;2;0
Lamb, chump chops, fried, lean and fat, weighed with bone;0;20.5;19.3;0.0;256;1063;0.0;;9.00;60;300;22;21;190;1.70;0.08;2.8;3;5;6;Tr;0.5;N;;0.13;0.21;4.9;0.31;2.0;2;0
Lamb, chump chops, fried, lean, weighed with fat and bone;0;17.7;7.1;0.0;135;564;0.0;;3.20;47;250;21;18;160;1.50;0.08;2.6;3;4;Tr;Tr;0.4;N;;0.11;0.18;4.3;0.28;2.0;1;0
Lamb, chump chops, raw, lean and fat;0;18.3;18.8;0.0;242;1007;0.0;;8.80;56;300;15;21;180;1.50;0.07;2.5;2;10;11;Tr;0.5;0.07;;0.14;0.20;4.8;0.19;3.0;2;0
Lamb, chump chops, raw, lean and fat, weighed with bone;0;15.9;16.4;0.0;211;877;0.0;;7.60;49;260;13;18;160;1.30;0.06;2.2;2;9;10;Tr;0.4;0.06;;0.12;0.17;4.2;0.16;3.0;2;0
Lamb, chump steaks, fried, lean and fat;0;24.8;20.4;0.0;283;1176;0.0;;9.40;71;360;28;25;230;2.10;0.10;3.5;4;6;6;Tr;0.6;N;;0.16;0.25;6.0;0.37;2.0;2;0
Lamb, chump steaks, raw, lean and fat;0;18.6;16.4;0.0;222;923;0.0;;7.60;56;310;15;21;190;1.50;0.07;2.6;2;10;10;Tr;0.6;0.07;;0.14;0.20;4.9;0.19;3.0;2;0
Lamb, fat, average, cooked;0;15.4;56.3;0.0;568;2345;0.0;0.0;28.40;72;260;11;18;160;1.10;0.05;1.5;4;6;29;Tr;0.5;0.28;;0.09;0.17;3.6;0.20;1.0;4;0
Lamb, fat, average, raw;0;13.3;51.6;0.0;518;2135;0.0;0.0;26.30;36;140;9;9;86;0.70;0.03;0.9;2;6;29;Tr;0.5;0.14;;0.07;0.12;2.2;0.10;1.0;4;0
Lamb, fat, raw, average, extra trimmed;0;6.5;77.2;0.0;721;2967;0.0;;N;N;N;N;N;N;N;N;N;N;N;N;N;N;N;;N;N;N;N;N;N;N
Lamb, lean only, raw, average;0;20.2;8.0;0.0;153;639;0.0;0.0;3.46;70;330;12;22;190;1.40;0.08;3.3;4;6;6;Tr;0.4;0.09;;0.09;0.20;5.4;0.30;2.0;6;0
Lamb, lean only, raw, average, extra trimmed;0;20.0;7.5;0.0;148;618;0.0;;N;N;N;N;N;N;N;N;N;N;N;N;N;N;N;;N;N;N;N;N;N;N
Lamb, leg chops, grilled, lean and fat;0;28.3;12.0;0.0;221;925;0.0;;5.00;71;410;28;29;250;2.10;0.11;4.5;4;6;Tr;Tr;0.3;0.10;;0.20;0.27;7.8;0.31;3.0;2;0
Lamb, leg chops, grilled, lean and fat, weighed with bone;0;23.8;10.1;0.0;186;778;0.0;;4.20;59;340;23;24;210;1.80;0.09;3.8;3;5;Tr;Tr;0.2;0.08;;0.17;0.23;6.6;0.26;2.0;2;0
Lamb, leg joint, roasted, lean;0;30.8;9.6;0.0;210;879;0.0;;3.40;82;370;10;27;230;2.30;0.12;5.2;4;6;Tr;Tr;0.6;0.06;;0.15;0.26;6.2;0.31;3.0;6;0
Lamb, leg joint, roasted, lean and fat;0;29.7;13.0;0.0;236;986;0.0;;4.70;82;360;10;27;230;2.20;0.12;4.9;4;6;Tr;Tr;0.6;0.08;;0.15;0.25;6.0;0.30;3.0;6;0
Lamb, leg steaks, grilled, lean;0;29.2;9.0;0.0;198;829;0.0;;3.60;70;420;20;29;260;2.20;0.11;4.7;4;6;Tr;Tr;0.3;0.08;;0.21;0.28;8.1;0.32;3.0;2;0
Lamb, leg steaks, grilled, lean and fat;0;28.0;13.2;0.0;231;964;0.0;;5.50;71;400;19;28;250;2.10;0.11;4.4;4;6;Tr;Tr;0.3;0.10;;0.20;0.27;7.7;0.31;3.0;2;0
Lamb, leg, half fillet, braised, lean;0;27.3;10.5;0.0;204;853;0.0;;4.60;58;300;9;23;210;2.00;0.10;4.5;4;6;Tr;Tr;0.6;0.01;;0.13;0.28;5.7;0.28;3.0;8;0
Lamb, leg, half fillet, braised, lean and fat;0;25.6;17.1;0.0;256;1068;0.0;;7.70;62;300;10;23;200;1.90;0.09;4.0;4;6;5;Tr;0.6;0.06;;0.13;0.27;5.4;0.26;2.0;7;0
Lamb, leg, half knuckle, pot-roasted, lean;0;29.4;9.3;0.0;201;844;0.0;;3.90;58;300;11;24;210;2.10;0.11;4.6;4;6;Tr;Tr;0.6;0.01;;0.11;0.24;6.0;0.30;3.0;3;0
Lamb, leg, half knuckle, pot-roasted, lean and fat;0;28.1;13.8;0.0;237;988;0.0;0.0;6.00;60;300;11;24;200;2.00;0.10;4.3;4;6;Tr;Tr;0.6;0.04;;0.11;0.23;5.8;0.30;3.0;3;0
Lamb, leg, half knuckle, pot-roasted, lean and fat, weighed with bone;0;20.5;10.1;0.0;173;722;0.0;;4.40;44;220;8;18;150;1.50;0.07;3.1;3;4;Tr;Tr;0.4;0.03;;0.08;0.17;4.2;0.22;2.0;2;0
Lamb, leg, whole, roasted well done, lean;0;31.3;9.2;0.0;208;873;0.0;;3.70;62;350;8;27;230;2.30;0.13;4.8;4;6;Tr;Tr;0.6;0.04;;0.13;0.27;6.9;0.30;3.0;3;0
Lamb, leg, whole, roasted well done, lean and fat;0;29.8;13.6;0.0;242;1010;0.0;;5.70;64;340;9;26;220;2.20;0.12;4.5;4;6;Tr;Tr;0.6;0.07;;0.13;0.26;6.6;0.29;3.0;3;0
Lamb, leg, whole, roasted, lean and fat;0;28.1;14.2;0.0;240;1003;0.0;0.0;5.93;64;340;7;25;210;1.72;0.10;4.3;4;3;Tr;Tr;0.6;0.05;;0.12;0.28;5.9;0.32;2.0;2;0
Lamb, leg, whole, roasted, lean only;0;29.7;9.4;0.0;203;853;0.0;0.0;3.80;63;360;7;26;220;1.80;0.11;4.6;4;3;Tr;Tr;0.7;0.03;;0.12;0.29;6.2;0.34;2.0;2;0
Lamb, loin chops, grilled, lean;0;29.2;10.7;0.0;213;892;0.0;0.0;4.90;80;400;22;28;240;2.10;0.10;3.6;4;6;Tr;Tr;0.6;0.02;0.28;0.17;0.26;8.3;0.52;3.0;6;0
Lamb, loin chops, grilled, lean and fat;0;26.5;22.1;0.0;305;1268;0.0;0.0;10.50;81;370;20;27;230;1.90;0.09;3.1;4;6;7;Tr;0.3;0.09;;0.16;0.25;7.3;0.44;3.0;6;0
Lamb, loin chops, grilled, lean and fat, weighed with bone;0;21.5;17.9;0.0;247;1028;0.0;;8.50;66;300;16;21;190;1.50;0.07;2.5;3;5;6;Tr;0.2;0.07;;0.13;0.20;5.9;0.35;2.0;5;0
Lamb, loin chops, grilled, lean, weighed with fat and bone;0;17.8;6.5;0.0;130;543;0.0;;3.00;49;240;13;17;150;1.30;0.06;2.2;2;4;Tr;Tr;0.4;0.01;0.17;0.10;0.16;5.1;0.32;2.0;4;0
Lamb, loin chops, microwaved, lean;0;32.4;12.5;0.0;242;1013;0.0;;5.70;75;340;20;26;220;2.10;0.11;4.0;4;6;Tr;Tr;0.6;0.09;;0.15;0.21;6.3;0.32;3.0;3;0
Lamb, loin chops, microwaved, lean and fat;0;27.5;26.9;0.0;352;1463;0.0;0.0;12.80;74;310;17;24;200;1.80;0.09;3.3;4;6;8;Tr;0.6;0.14;;0.14;0.20;5.5;0.27;3.0;3;0
Lamb, loin chops, microwaved, lean and fat, weighed with bone;0;22.5;22.1;0.0;289;1200;0.0;;10.50;60;250;14;20;160;1.50;0.07;2.7;3;5;7;Tr;0.5;0.11;;0.11;0.16;4.5;0.22;2.0;2;0
Lamb, loin chops, microwaved, lean, weighed with fat and bone;0;18.8;7.3;0.0;141;590;0.0;;3.30;44;190;12;15;130;1.20;0.06;2.3;2;3;Tr;Tr;0.3;0.05;;0.09;0.12;3.7;0.19;2.0;2;0
Lamb, loin chops, raw, lean and fat;0;17.6;23.0;0.0;277;1150;0.0;0.0;10.80;63;280;13;19;170;1.30;0.07;2.0;3;7;12;Tr;0.8;0.07;;0.13;0.22;5.0;0.23;1.0;3;0
Lamb, loin chops, raw, lean and fat, weighed with bone;0;13.7;17.9;0.0;216;895;0.0;;8.40;49;220;10;15;130;1.00;0.05;1.6;2;5;9;Tr;0.2;0.05;;0.10;0.17;3.9;0.18;1.0;2;0
Lamb, loin chops, roasted, lean;0;34.4;13.3;0.0;257;1077;0.0;0.0;6.10;91;410;23;30;260;2.50;0.13;5.8;4;6;Tr;Tr;0.6;0.06;;0.16;0.38;6.9;0.34;3.0;6;0
Lamb, loin chops, roasted, lean and fat;0;29.1;26.9;0.0;359;1490;0.0;0.0;12.80;85;370;20;27;230;2.10;0.11;4.6;4;6;8;Tr;0.6;0.11;;0.14;0.31;6.0;0.29;3.0;5;0
Lamb, loin chops, roasted, lean and fat, weighed with bone;0;22.4;20.7;0.0;316;1312;0.0;;11.30;75;330;18;24;200;1.80;0.10;4.0;3;5;7;Tr;0.5;0.10;;0.12;0.27;5.3;0.25;2.0;4;0
Lamb, loin chops, roasted, lean, weighed with fat and bone;0;19.3;7.4;0.0;144;602;0.0;;3.40;51;230;13;17;150;1.40;0.07;3.2;2;3;Tr;Tr;0.3;0.03;;0.09;0.21;3.9;0.19;2.0;3;0
Lamb, loin joint, raw, lean and fat;0;16.9;26.6;0.0;307;1272;0.0;;12.60;61;270;13;18;160;1.30;0.06;2.0;3;7;13;Tr;0.4;0.07;;0.12;0.22;4.8;0.21;1.0;3;0
Lamb, loin joint, raw, lean and fat, weighed with bone;0;13.0;20.5;0.0;236;979;0.0;;9.70;47;200;10;14;120;1.00;0.05;1.5;2;5;10;Tr;0.3;0.06;;0.09;0.17;3.7;0.16;1.0;2;0
Lamb, loin joint, roasted, lean;0;28.2;10.7;0.0;209;875;0.0;;4.90;76;350;15;25;220;2.00;0.12;3.7;4;6;Tr;Tr;0.6;0.01;;0.14;0.25;7.0;0.36;3.0;5;0
Lamb, loin joint, roasted, lean and fat;0;25.3;22.4;0.0;303;1259;0.0;;10.60;75;330;14;23;200;1.80;0.10;3.2;4;6;6;Tr;0.6;0.06;;0.13;0.23;6.2;0.31;2.0;5;0
Lamb, loin joint, roasted, lean and fat, weighed with bone;0;18.7;16.6;0.0;224;932;0.0;;7.80;76;240;10;17;150;1.30;0.08;2.4;3;4;Tr;Tr;0.4;0.04;;0.10;0.17;3.7;0.23;2.0;4;0
Lamb, mince, raw;0;19.1;13.3;0.0;196;817;0.0;0.0;6.20;69;310;17;21;190;1.60;0.08;3.5;2;6;5;Tr;0.8;0.18;;0.12;0.18;4.8;0.20;2.0;2;0
Lamb, mince, stewed;0;24.4;12.3;0.0;208;870;0.0;0.0;5.94;59;270;15;20;180;2.10;0.11;4.6;3;5;5;Tr;0.5;0.11;;0.09;0.21;5.2;0.21;2.0;9;0
Lamb, mince, stewed with onions;0;10.6;8.5;2.8;129;539;0.6;0.4;3.34;317;188;15;13;107;0.96;0.05;1.9;1;5;3;1;0.4;0.39;;0.07;0.08;2.1;0.10;0.8;2;Tr
Lamb, neck fillet, raw, lean;0;19.4;13.9;0.0;203;844;0.0;;6.40;61;330;4;20;190;1.20;0.07;4.2;2;6;5;Tr;0.4;0.03;;0.15;0.16;4.1;0.22;2.0;1;0
Lamb, neck fillet, raw, lean and fat;0;18.4;17.6;0.0;232;964;0.0;;8.30;59;310;5;19;170;1.20;0.07;3.8;2;6;8;Tr;0.4;0.05;;0.14;0.16;3.9;0.21;2.0;1;0
Lamb, neck fillet, slices, grilled, lean;0;27.9;19.1;0.0;284;1181;0.0;;8.70;78;390;10;25;230;1.90;0.09;6.4;4;6;Tr;Tr;0.6;0.12;;0.16;0.24;5.1;0.09;3.0;7;0
Lamb, neck fillet, slices, grilled, lean and fat;0;26.3;21.9;0.0;302;1257;0.0;;10.30;76;370;10;24;220;1.80;0.08;5.8;4;6;Tr;Tr;0.6;0.13;;0.15;0.23;4.9;0.09;2.0;7;0
Lamb, neck fillet, strips, stir-fried  in corn oil, lean;0;24.4;20.0;0.0;278;1155;0.0;0.0;8.17;68;360;7;23;210;1.80;0.08;5.2;4;6;Tr;Tr;0.6;0.59;;0.17;0.20;4.6;0.20;2.0;7;0
Lamb, neck fillet, strips, stir-fried in corn oil, lean and fat;0;23.2;23.1;0.0;301;1249;0.0;;9.90;70;350;8;23;200;1.70;0.08;4.6;4;6;Tr;Tr;0.6;0.54;;0.16;0.20;4.5;0.19;2.0;6;0
Lamb, New Zealand, leg, whole, chilled, roasted, lean;0;28.8;10.2;0.0;207;867;0.0;;4.40;82;350;15;26;220;2.10;0.13;4.5;4;6;Tr;Tr;0.6;0.10;;0.15;0.32;5.1;0.38;3.0;10;0
Lamb, New Zealand, leg, whole, chilled, roasted, lean and fat;0;28.0;13.1;0.0;230;961;0.0;;5.80;82;350;15;26;210;2.00;0.12;4.3;4;6;Tr;Tr;0.6;0.11;;0.15;0.31;5.0;0.36;3.0;10;0
Lamb, New Zealand, leg, whole, frozen, raw, lean and fat, weighed with bone;0;15.0;11.1;0.0;160;666;0.0;;3.70;44;240;3;17;140;1.20;0.07;2.3;1;3;Tr;Tr;0.4;0.03;;0.18;0.16;3.1;0.29;2.0;6;0
Lamb, New Zealand, leg, whole, frozen, roasted, lean;0;30.6;9.3;0.0;206;864;0.0;;4.00;62;340;6;27;230;2.50;0.13;5.3;4;6;Tr;Tr;0.6;0.07;;0.14;0.27;4.6;0.26;3.0;5;0
Lamb, New Zealand, leg, whole, frozen, roasted, lean and fat;0;29.0;14.1;0.0;243;1015;0.0;;6.50;63;340;7;26;220;2.40;0.12;4.8;4;6;Tr;Tr;0.6;0.10;;0.10;0.26;4.6;0.25;3.0;5;0
Lamb, New Zealand, leg, whole, frozen, roasted, lean and fat, weighed with bone;0;21.2;10.3;0.0;178;742;0.0;;4.90;47;250;5;19;170;1.80;0.09;3.6;3;4;Tr;Tr;0.4;0.07;;0.07;0.19;3.4;0.19;2.0;4;0
Lamb, New Zealand, loin chops, frozen, grilled, lean;0;31.4;13.7;0.0;249;1041;0.0;;6.20;80;400;19;30;260;2.30;0.13;4.3;4;6;Tr;Tr;0.6;0.11;;0.17;0.33;7.1;0.36;3.0;6;0
Lamb, New Zealand, loin chops, frozen, grilled, lean and fat;0;26.9;28.5;0.0;364;1512;0.0;;13.50;76;360;17;27;230;2.00;0.11;3.5;4;6;7;Tr;0.6;0.14;;0.15;0.28;6.1;0.30;3.0;5;0
Lamb, New Zealand, loin chops, frozen, grilled, lean and fat, weighed with bone;0;21.2;22.5;0.0;287;1193;0.0;;10.70;60;290;13;21;180;1.60;0.09;2.8;3;5;6;Tr;0.5;0.11;;0.12;0.22;4.8;0.24;2.0;4;0
Lamb, New Zealand, loin chops, frozen, grilled, lean, weighed with fat and bone;0;18.5;8.1;0.0;147;614;0.0;;3.70;60;240;11;18;150;1.40;0.08;2.5;2;4;Tr;Tr;0.3;0.06;;0.10;0.19;4.2;0.21;2.0;4;0
Lamb, New Zealand, mince, frozen, stewed;0;20.9;17.7;0.0;243;1010;0.0;;8.80;75;230;12;18;170;3.20;0.18;3.5;4;6;5;Tr;0.6;0.29;;0.16;0.34;4.2;0.12;2.0;6;0
Lamb, New Zealand, shoulder, whole, frozen, roasted, lean;0;27.6;15.6;0.0;251;1046;0.0;;7.10;81;340;5;25;210;1.90;0.11;6.0;4;4;Tr;Tr;0.7;0.07;;0.11;0.25;3.8;0.17;3.0;5;0
Lamb, New Zealand, shoulder, whole, frozen, roasted, lean and fat;0;24.6;27.9;0.0;350;1451;0.0;;13.30;79;320;6;24;200;1.70;0.10;4.9;4;4;7;Tr;0.6;0.12;;0.11;0.23;3.8;0.17;3.0;5;0
Lamb, rack of, lean, roasted;0;27.1;13.0;0.0;225;942;0.0;;6.20;77;330;13;24;220;1.80;0.10;3.6;4;6;Tr;Tr;0.6;0.07;;0.13;0.20;7.2;0.39;3.0;6;0
Lamb, rack of, raw, lean and fat;0;17.3;23.8;0.0;283;1175;0.0;;11.50;61;260;12;18;160;1.00;0.06;2.0;3;8;13;Tr;0.3;0.06;;0.16;0.16;5.4;0.37;2.0;12;0
Lamb, rack of, raw, lean and fat, weighed with bone;0;12.5;17.1;0.0;204;843;0.0;;8.30;44;190;9;13;120;0.70;0.04;1.4;2;6;9;Tr;0.2;0.04;;0.11;0.11;3.9;0.27;1.0;9;0
Lamb, rack of, roasted, lean and fat;0;23.0;30.1;0.0;363;1505;0.0;;14.80;75;310;12;22;190;1.60;0.08;2.8;4;6;10;Tr;0.6;0.13;;0.12;0.19;5.9;0.31;2.0;5;0
Lamb, shoulder joint, roasted, lean;0;28.4;13.5;0.0;235;982;0.0;;6.20;75;340;9;25;210;2.10;0.11;4.8;4;6;Tr;Tr;0.6;0.05;;0.13;0.24;5.7;0.28;3.0;5;0
Lamb, shoulder joint, roasted, lean and fat;0;25.9;19.8;0.0;282;1173;0.0;;9.30;74;330;9;24;200;1.90;0.10;4.2;4;6;5;Tr;0.6;0.09;;0.12;0.23;5.3;0.26;2.0;5;0
Lamb, shoulder, diced, kebabs, grilled, lean and fat;0;28.5;19.3;0.0;288;1199;0.0;0.0;9.00;87;420;14;28;240;1.80;0.12;5.6;4;6;Tr;Tr;0.6;0.19;;0.12;0.25;6.8;0.21;3.0;7;0
Lamb, shoulder, half bladeside, pot-roasted, lean;0;26.2;14.3;0.0;234;975;0.0;;6.40;68;280;12;21;190;1.80;0.12;5.9;4;6;Tr;Tr;0.6;0.19;;0.07;0.19;4.2;0.12;2.0;5;0
Lamb, shoulder, half bladeside, pot-roasted, lean and fat;0;23.5;25.6;0.0;324;1347;0.0;;12.00;71;280;12;21;180;1.60;0.10;4.7;4;6;8;Tr;0.6;0.22;;0.08;0.19;4.1;0.13;2.0;5;0
Lamb, shoulder, half knuckle, braised, lean;0;25.1;12.4;0.0;212;886;0.0;;5.40;76;290;10;21;190;1.60;0.09;5.1;4;6;Tr;Tr;0.6;0.09;;0.11;0.23;5.1;0.24;2.0;2;0
Lamb, shoulder, half knuckle, braised, lean and fat;0;22.9;23.4;0.0;302;1255;0.0;;10.80;76;290;11;21;180;1.50;0.08;4.2;4;6;8;Tr;0.6;0.14;;0.11;0.22;4.8;0.22;2.0;3;0
Lamb, shoulder, raw, lean and fat;0;17.6;18.3;0.0;235;976;0.0;;8.50;63;280;6;19;160;1.10;0.08;3.4;3;3;11;Tr;0.4;0.13;;0.14;0.16;4.4;0.23;2.0;4;0
Lamb, shoulder, raw, lean and fat, weighed with bone;0;14.1;14.6;0.0;188;780;0.0;;6.80;50;230;5;15;130;0.90;0.06;2.7;2;2;9;Tr;0.3;0.10;;0.11;0.13;3.5;0.18;1.0;3;0
Lamb, shoulder, whole, roasted, lean;0;27.2;12.1;0.0;218;910;0.0;0.0;5.50;80;330;8;23;210;1.80;0.10;5.8;6;6;Tr;Tr;0.8;0.06;;0.11;0.23;5.3;0.21;2.0;4;0
Lamb, shoulder, whole, roasted, lean and fat;0;24.7;22.1;0.0;298;1238;0.0;0.0;10.40;80;320;9;22;190;1.60;0.09;5.0;5;7;6;Tr;0.7;0.15;;0.10;0.21;5.0;0.20;2.0;4;0
Lamb, shoulder, whole, roasted, lean and fat, weighed with bone;0;19.5;17.5;0.0;235;979;0.0;;8.20;63;260;7;17;150;1.30;0.07;3.9;4;5;5;Tr;0.5;0.12;;0.08;0.17;3.9;0.16;2.0;3;0
Lamb, stewing, pressure cooked, lean;0;28.7;14.8;0.0;248;1036;0.0;;6.50;65;240;31;20;180;1.90;0.13;6.0;4;6;Tr;Tr;0.6;0.04;;0.14;0.20;4.3;0.18;3.0;2;0
Lamb, stewing, pressure cooked, lean and fat;0;25.7;20.9;0.0;291;1210;0.0;;9.60;63;240;27;19;170;1.70;0.11;5.1;4;6;5;Tr;0.6;0.07;;0.13;0.19;4.0;0.17;3.0;2;0
Lamb, stewing, raw, lean and fat;0;22.5;12.6;0.0;203;849;0.0;;5.90;66;270;25;17;160;1.20;0.06;3.1;2;4;10;Tr;0.4;0.07;;0.09;0.15;3.8;0.23;2.0;2;0
Lamb, stewing, raw, lean and fat, weighed with bone;0;15.1;8.4;0.0;136;568;0.0;;3.90;44;180;17;11;110;0.80;0.04;2.1;1;3;7;Tr;0.3;0.05;;0.06;0.10;2.5;0.15;1.0;1;0
Lamb, stewing, stewed, lean;0;26.6;14.8;0.0;240;1000;0.0;0.0;6.50;49;160;37;16;140;1.90;0.09;6.1;4;6;Tr;Tr;0.6;0.20;;0.04;0.12;2.3;0.11;3.0;2;0
Lamb, stewing, stewed, lean and fat;0;24.4;20.1;0.0;279;1159;0.0;0.0;9.20;50;170;33;16;140;1.70;0.08;5.4;4;6;Tr;Tr;0.6;0.20;;0.05;0.12;2.4;0.11;2.0;2;0
Lamb's heart casserole, homemade;0;11.8;8.1;9.9;161;652;0.6;N;2.91;412;212;28;18;144;2.46;0.34;1.3;N;N;27;24;N;N;;0.25;0.42;3.5;0.16;3.6;4;2
Lancashire hotpot, homemade;0;7.3;6.9;7.4;119;500;1.4;1.1;2.96;115;306;12;16;78;0.59;0.06;1.4;1;4;3;819;0.1;0.19;;0.11;0.05;1.3;0.20;0.6;8;3
Langoustine, boiled;0;19.7;0.8;0.0;86;369;0.0;0.0;0.15;216;214;125;53;197;1.68;0.32;1.4;49;139;Tr;Tr;Tr;3.55;;0.08;0.06;2.7;0.10;2.5;5;Tr
Lard;0;Tr;99.0;0.0;891;3663;0.0;0.0;40.30;2;1;1;1;3;0.10;0.02;N;Tr;Tr;Tr;0;N;1.00;;Tr;Tr;Tr;Tr;Tr;Tr;0
Lasagne, homemade;0;9.6;9.6;15.2;180;756;2.8;1.0;4.18;235;220;104;19;143;0.80;0.08;1.5;7;15;N;509;N;N;;0.07;0.13;1.6;0.13;0.8;9;2
Lasagne, homemade, with extra lean minced beef;0;10.1;7.0;15.2;160;671;2.8;1.0;3.13;237;227;105;19;147;0.82;0.09;1.6;7;16;N;509;N;N;;0.07;0.14;1.8;0.13;0.8;9;2
Lasagne, retail, reheated;0;7.4;6.1;15.7;143;603;3.0;1.7;2.80;210;230;80;19;120;1.00;0.10;1.4;N;N;Tr;N;N;N;2.66;0.33;0.12;1.4;0.14;1.0;11;N
Lasagne, spinach, wholemeal, homemade;0;4.2;3.1;13.0;93;395;2.2;;1.30;130;200;84;32;91;1.10;0.10;0.8;N;5;25;950;0.1;0.79;;0.13;0.06;1.0;0.09;0.1;27;5
Lasagne, vegetable, retail;0;4.8;5.3;13.4;117;492;4.4;N;N;210;190;73;18;87;0.80;0.02;0.4;N;N;N;N;N;N;;0.25;0.29;2.0;0.44;N;6;N
Lasagne, vegetable, wholemeal, homemade;0;4.8;4.6;12.4;106;447;3.0;;2.20;110;230;84;27;110;0.90;0.13;0.8;N;N;41;620;0.1;0.63;;0.10;0.07;0.8;0.10;0.1;8;3
Lassi, sweetened;0;2.6;0.9;12.3;65;274;11.9;0.0;0.59;45;109;92;9;74;Tr;Tr;0.3;N;N;9;Tr;Tr;N;;N;0.21;N;N;N;N;N
Laverbread;0;3.2;3.7;1.6;52;217;Tr;;N;560;220;20;31;51;3.50;0.12;0.8;N;N;0;N;0.0;1.10;;0.03;0.10;0.6;N;Tr;47;5
Leeks in cheese sauce, made with semi-skimmed milk, homemade;0;4.0;5.5;4.6;82;343;2.6;1.4;3.22;90;144;110;7;91;0.48;0.02;0.6;1;N;55;114;0.0;0.55;;0.02;0.11;0.3;0.06;0.4;26;4
Leeks in cheese sauce, made with skimmed milk, homemade;0;4.0;5.0;4.6;79;328;2.6;1.4;2.94;91;145;111;7;91;0.48;0.02;0.6;1;N;50;111;0.0;0.54;;0.02;0.10;0.3;0.06;0.4;26;4
Leeks in cheese sauce, made with whole milk, homemade;0;4.0;6.0;4.5;87;364;2.5;1.2;3.59;90;144;110;7;91;0.48;0.02;0.6;1;N;60;115;0.0;0.56;;0.02;0.11;0.3;0.06;0.5;27;4
Leeks, boiled in unsalted water;0;1,2;0,2;2,5;16;68;2,3;1,9;0,03;1;169;42;5;22;0,22;0,03;0,1;Tr;2;0;51;0;0,3;9,5;0,05;0,02;0,4;0,08;0;44;2
Leeks, raw;0;1,5;0,2;4,1;23;99;3,8;2,8;0,04;Tr;230;52;7;23;0,42;Tr;Tr;1;2;0;20;0;0,35;10,1;0,05;0,03;0,3;0,17;0;33;3
Leeks, roasted in rapeseed oil;0;1,7;1,9;4,5;41;171;4,2;3,1;0,15;Tr;258;58;8;26;0,47;Tr;Tr;1;2;0;22;0;0,73;;0,04;0,03;0,3;0,14;0;17;2
Lemon chicken, homemade;0;16.9;6.2;7.1;150;631;3.3;Tr;0.57;50;269;5;21;152;0.36;0.04;0.5;9;4;Tr;1;0.1;1.30;;0.08;0.09;5.8;0.28;0.0;6;3
Lemon curd;0;0.6;4.9;58.4;266;1126;52.5;N;1.52;65;11;9;2;15;0.50;0.30;1.3;N;N;10;Tr;0.1;N;;Tr;0.02;Tr;Tr;Tr;Tr;Tr
Lemon curd, homemade;0;4.2;16.0;50.7;350;1473;50.7;N;9.10;168;85;24;7;63;0.67;0.08;0.4;8;22;193;100;1.2;0.71;;0.03;0.14;0.0;0.05;0.9;14;9
Lemon juice, fresh;0;0.3;Tr;1.6;7;31;1.6;N;Tr;1;130;7;7;8;0.10;0.03;Tr;1;N;0;12;0.0;N;;0.03;0.01;0.1;0.05;0.0;13;36
Lemon juice, fresh, weighed as whole fruit;0;0.1;Tr;0.6;2;11;0.6;;Tr;Tr;45;2;2;3;Tr;0.01;Tr;Tr;Tr;0;4;0.0;N;;0.01;Tr;Tr;0.02;0.0;5;13
Lemon peel;0;1.5;0.3;N;N;N;N;10.6;0.10;6;160;130;15;12;0.80;N;0.3;N;N;0;30;0.0;0.25;;0.06;0.08;0.4;0.17;0.0;11;130
Lemon sole, flesh only, grilled;0;21.5;0.6;0.0;91;388;0.0;0.0;0.16;151;260;28;26;163;0.50;0.01;0.5;83;31;Tr;Tr;Tr;0.85;;0.12;0.10;3.7;0.13;1.1;10;Tr
Lemon sole, flesh only, raw;0;16.7;0.7;0.0;73;310;0.0;0.0;0.16;115;177;17;26;124;0.12;Tr;0.3;50;23;Tr;Tr;Tr;0.73;;0.15;0.08;4.3;0.15;1.0;13;Tr
Lemon sole, flesh only, steamed;0;21.7;0.9;0.0;95;402;0.0;0.0;0.21;150;230;23;34;161;0.16;Tr;0.4;65;30;Tr;Tr;Tr;0.95;;0.18;0.10;5.0;0.20;1.3;17;Tr
Lemon sole, flesh only, steamed, weighed with bones and skin;0;16.7;0.7;0.0;73;310;0.0;0.0;0.16;115;177;17;26;124;0.12;Tr;0.3;50;23;Tr;Tr;Tr;0.73;;0.14;0.08;3.9;0.15;1.0;13;Tr
Lemon sole, goujons, baked;0;16.0;14.6;14.7;187;775;0.9;;0.00;200;230;49;20;200;0.90;0.04;0.5;N;N;9;3;0.0;3.07;;0.08;0.08;2.2;N;1.0;11;Tr
Lemonade;0;Tr;0.0;5.8;22;93;5.8;0.0;0.00;7;15;5;1;Tr;Tr;Tr;Tr;Tr;Tr;0;Tr;0.0;Tr;;Tr;Tr;Tr;Tr;0.0;Tr;Tr
Lemonade, homemade;0;Tr;Tr;16.7;63;268;16.7;0.1;Tr;1;10;4;1;1;0.50;0.02;Tr;Tr;N;0;1;0.0;Tr;;Tr;Tr;Tr;0.01;0.0;1;4
Lemons, flesh only, raw, weighed with peel and pips;0;0.5;0.2;1.4;9;38;1.4;;0.10;2;90;17;6;10;0.30;Tr;0.1;1;N;0;4;0.0;N;;0.03;0.01;0.1;0.05;0.0;7;34
Lemons, peeled, flesh only;0;0.8;0.3;2.2;14;60;2.2;;0.10;3;140;27;9;16;0.40;Tr;0.1;1;N;0;7;0.0;N;;0.05;0.02;0.2;0.08;0.0;11;53
Lemons, whole, without pips;0;1.0;0.3;3.2;19;79;3.2;N;0.10;5;150;85;12;18;0.50;0.26;0.1;1;N;0;18;0.0;N;;0.05;0.04;0.2;0.11;0.0;N;58
Lentil and nut roast, homemade;0;10.6;12.1;18.8;222;929;2.7;;1.80;260;370;37;65;180;2.60;0.34;1.6;18;N;0;540;0.0;1.66;;0.14;0.07;2.2;0.21;0.0;14;Tr
Lentil and nut roast, with egg, homemade;0;10.8;12.1;17.6;218;914;2.6;;1.90;250;360;39;62;190;2.60;0.33;1.5;18;N;13;505;0.1;1.63;;0.14;0.09;2.1;0.20;0.2;15;Tr
Lentil and potato pie, homemade;0;5.3;2.2;18.6;111;469;1.4;N;0.40;312;302;16;24;79;1.77;0.18;0.8;11;N;15;N;0.2;N;;0.17;0.04;0.6;0.29;Tr;27;3
Lentil and rice roast, homemade;0;5.1;1.8;25.2;131;555;1.1;N;0.19;126;143;20;41;119;1.38;0.14;0.8;9;N;0;N;0.0;N;;0.12;0.02;1.5;0.10;0.0;15;0
Lentil and rice roast, with egg, homemade;0;5.5;2.1;24.1;131;557;1.1;N;0.29;127;144;21;40;122;1.40;0.14;0.9;10;N;6;N;0.1;N;;0.12;0.04;1.5;N;0.1;16;Tr
Lentil cutlets, fried in vegetable oil, homemade;0;8.5;8.3;24.2;199;838;1.2;N;0.57;25;352;36;38;120;3.12;0.23;1.1;2;N;0;39;0.0;N;;0.22;0.07;0.9;0.22;Tr;17;7
Lentil pie, homemade;0;6.9;4.3;29.1;175;740;4.2;N;0.28;84;275;48;28;104;2.31;0.22;0.9;N;N;0;N;0.0;N;;0.22;0.06;0.9;0.16;Tr;27;6
Lentil roast, homemade;0;7.7;3.0;21.9;139;588;2.5;;0.40;280;280;33;37;130;2.70;0.23;1.2;21;N;0;740;0.0;0.64;;0.14;0.05;1.1;0.16;0.0;13;2
Lentil roast, with egg, homemade;0;8.2;3.6;20.3;141;596;2.3;;0.60;270;270;35;35;140;2.70;0.22;1.2;20;N;15;685;0.2;0.69;;0.14;0.08;1.0;0.15;0.2;14;2
Lentils, green and brown, whole, dried, boiled in unsalted water;0;7,8;0,7;14,5;92;391;0,2;7,4;0,1;Tr;202;21;25;102;2,11;0,21;0,8;18;1;0;Tr;0;0,61;;0,1;0,04;1,8;0,19;0;152;Tr
Lentils, green and brown, whole, dried, raw;0;24.3;1.9;48.8;297;1264;1.2;;0.20;12;940;71;110;350;11.10;1.02;3.9;105;N;0;N;0.0;N;;0.41;0.27;2.2;0.93;0.0;110;Tr
Lentils, red, split, dried, boiled in unsalted water;0;8,1;0,7;16,9;102;434;0,4;6,3;Tr;Tr;220;10;18;107;2,14;0,22;1;10;2;0;20;0;0,34;;0,13;0,04;0,7;0,07;0;36;Tr
Lentils, red, split, dried, raw;0;25,6;1,8;51,2;311;1321;1,3;17,4;0,28;Tr;717;33;59;349;7;0,72;3,3;34;6;0;60;0;1,11;;0,57;0,16;3;0,32;0;164;Tr
Lettuce, average, raw;0;1.2;0.1;1.4;11;48;1.4;1.5;0.03;9;222;24;9;22;0.13;0.03;0.2;Tr;1;0;60;0.0;0.64;129.00;0.14;0.05;0.5;0.02;0.0;60;1
Lime juice cordial, diluted;0;Tr;0.0;6.0;22;96;6.0;;0.00;2;1;2;1;1;0.10;0.01;N;0;0;0;0;0.0;0.00;;0.00;0.00;0.0;0.00;0.0;0;0
Lime juice cordial, undiluted;0;0.1;0.0;29.8;112;479;29.8;0.0;0.00;8;49;9;4;5;0.30;0.07;N;Tr;Tr;0;Tr;0.0;Tr;;Tr;Tr;Tr;Tr;0.0;Tr;Tr
Lime juice, fresh;0;0.4;0.1;1.6;9;36;1.6;;Tr;1;110;9;6;7;Tr;0.03;0.1;N;N;0;6;0.0;N;;0.02;0.01;0.1;0.04;0.0;N;38
Limes, flesh only;0;0.7;0.3;0.8;9;36;0.8;;0.10;2;130;23;11;18;0.40;0.05;0.1;N;N;0;12;0.0;N;;0.03;0.02;0.2;0.08;0.0;8;46
Limes, flesh only, weighed with peel and pips;0;0.5;0.2;0.6;6;25;0.6;;Tr;1;96;17;8;13;0.30;0.04;0.1;N;N;0;9;0.0;N;;0.02;0.01;0.1;0.06;0.0;6;34
Ling, raw;0;18.8;0.7;0.0;82;346;0.0;;N;120;350;25;62;210;0.70;0.02;0.4;35;N;Tr;Tr;Tr;0.30;;0.11;0.08;2.3;0.30;1.0;N;Tr
Liqueurs, cream;0;3.0;13.0;21.8;305;1272;21.8;0.0;8.20;89;19;18;2;38;0.10;Tr;0.2;Tr;N;190;91;Tr;0.57;;N;N;N;N;Tr;Tr;0
Liqueurs, high strength;0;Tr;0.0;24.4;314;1313;24.4;0.0;0.00;6;3;Tr;Tr;Tr;Tr;Tr;Tr;Tr;Tr;0;Tr;0.0;0.00;;Tr;Tr;Tr;Tr;Tr;Tr;0
Liqueurs, low-medium strength;0;Tr;0.0;32.8;262;1099;32.8;0.0;0.00;12;34;5;2;7;0.10;0.02;Tr;N;N;0;Tr;0.0;0.00;;Tr;Tr;Tr;Tr;Tr;Tr;0
Liquorice allsorts;0;3.7;5.2;76.7;349;1483;62.4;N;3.60;57;600;170;76;44;7.30;0.34;0.5;N;N;0;0;0.0;0.00;;0.00;0.00;0.0;0.00;0.0;0;0
Liquorice powder;0;6.3;1.7;N;N;N;N;;N;N;N;580;N;270;49.80;N;N;N;N;0;N;0.0;N;;N;N;N;N;0.0;0;0
Liver and bacon, fried, homemade;0;28.9;14.7;Tr;247;1031;0.0;Tr;N;347;344;8;24;436;6.28;10.84;5.1;53;N;15752;48;0.8;0.27;;0.48;4.55;17.3;0.53;66.6;166;15
Liver and onions, stewed, homemade;0;14.7;6.9;5.4;142;592;4.3;1.5;1.34;53;297;25;19;286;5.40;6.71;2.9;29;6;11959;66;0.3;1.30;;0.28;2.58;9.2;0.32;29.9;146;14
Liver sausage;0;13.4;16.7;6.0;226;942;1.0;N;5.30;810;180;20;14;260;6.00;0.91;2.6;N;N;2600;N;0.6;0.10;;0.36;1.16;3.7;0.25;10.0;36;Tr
Liver, calf, fried in corn oil;0;22.3;9.6;Tr;176;734;0.0;0.0;N;70;350;8;24;380;12.20;23.86;15.9;27;N;25200;100;0.3;0.50;;0.61;2.89;13.6;0.89;58.0;110;19
Liver, calf, raw;0;18.3;3.4;Tr;104;437;0.0;;1.00;71;310;6;20;320;11.50;20.48;14.2;22;N;18800;100;0.3;0.45;;0.22;2.52;12.5;0.48;68.0;155;21
Liver, chicken, fried in corn oil;0;22.1;8.9;Tr;169;705;0.0;0.0;N;79;300;9;23;350;11.30;0.52;3.8;N;N;10500;Tr;N;0.34;;0.63;2.72;12.9;0.55;45.0;1350;23
Liver, chicken, raw;0;17.7;2.3;Tr;92;386;0.0;;0.70;76;260;8;19;280;9.20;0.50;3.7;N;N;9700;Tr;0.2;0.60;;0.48;2.16;10.6;0.82;35.0;995;28
Liver, lamb, fried in corn oil;0;30.1;12.9;Tr;237;989;0.0;0.0;N;82;340;8;25;500;7.70;13.54;5.9;62;N;19700;60;0.9;0.32;;0.38;5.65;19.9;0.53;83.0;207;19
Liver, lamb, raw;0;20.3;6.2;Tr;137;575;0.0;;1.70;73;290;6;19;390;7.50;9.67;4.0;42;5;17300;85;0.5;0.77;;0.39;4.64;16.4;0.47;54.0;205;19
Liver, ox, raw;0;21.1;7.8;Tr;155;647;0.0;;2.90;81;320;6;19;360;7.00;2.50;4.0;42;13;14200;1500;1.1;0.42;;0.23;3.10;13.4;0.83;110.0;330;23
Liver, ox, stewed;0;24.8;9.5;3.6;198;831;Tr;0.0;3.50;110;250;11;19;380;7.80;2.30;4.3;50;N;17300;1540;1.1;0.44;;0.18;3.60;10.3;0.52;110.0;290;15
Liver, pig, raw;0;21.3;3.1;Tr;113;477;0.0;;1.00;82;300;5;20;390;13.90;1.13;7.0;42;N;17400;Tr;1.1;0.33;;0.42;3.36;14.8;0.59;23.0;295;21
Liver, pig, stewed;0;25.6;8.1;3.6;189;793;0.0;0.0;2.50;130;250;11;22;390;17.00;2.50;8.2;50;N;22600;Tr;1.1;0.16;;0.21;3.10;11.5;0.64;26.0;110;9
Lobster, boiled;0;22.1;1.6;Tr;103;435;Tr;;0.20;330;260;62;34;260;0.80;1.35;2.5;54;100;Tr;Tr;Tr;1.47;;0.08;0.05;1.5;0.08;3.0;9;Tr
Lobster, boiled, weighed with shell;0;8.0;0.6;Tr;37;157;Tr;;0.10;120;94;22;12;93;0.30;0.49;0.9;19;36;Tr;Tr;Tr;0.53;;0.03;0.02;0.5;0.03;1.0;3;Tr
Loganberries, raw;0;1.1;Tr;3.4;17;73;3.4;;N;3;260;35;25;24;1.40;0.14;0.3;Tr;N;0;6;0.0;0.48;;0.03;0.05;0.5;0.06;0.0;33;35
Loganberries, stewed with sugar;0;0.8;Tr;12.5;50;214;12.5;;Tr;2;200;27;19;18;1.10;0.11;0.3;Tr;N;0;4;0.0;0.38;;0.02;0.03;0.3;0.04;0.0;5;21
Loganberries, stewed without sugar;0;0.9;Tr;2.9;14;62;2.9;;Tr;2;220;29;21;20;1.20;0.12;0.3;Tr;N;0;5;0.0;0.41;;0.02;0.03;0.3;0.04;0.0;5;22
Lollies, containing ice-cream;0;1.4;3.8;20.9;118;499;20.9;Tr;2.07;31;69;49;6;39;0.20;Tr;0.1;Tr;8;14;9;0.5;0.51;;0.02;0.09;0.1;0.04;0.2;8;Tr
Lollies, with real fruit juice;0;0.1;0.3;18.6;73;310;17.8;Tr;N;11;28;5;2;3;Tr;Tr;Tr;Tr;Tr;Tr;Tr;Tr;Tr;;0.04;N;N;Tr;Tr;N;7
Longans, canned in syrup, drained;0;0.4;0.3;17.1;67;276;17.0;;0.10;53;40;7;N;8;0.70;N;N;N;N;0;0;0.0;N;;Tr;0.08;0.1;N;0.0;N;68
Longans, canned in syrup, whole contents;0;0.3;0.2;16.5;63;264;16.4;;Tr;41;110;5;N;8;0.30;N;N;N;N;0;0;0.0;N;;Tr;0.04;0.1;N;0.0;N;63
Longans, flesh only, dried;0;4.9;0.4;72.0;286;1197;71.5;;0.10;48;660;45;46;200;5.40;0.81;0.2;N;N;0;0;0.0;N;;0.04;0.50;1.0;N;0.0;N;28
Loquats, flesh only, raw;0;0.7;0.2;6.3;28;115;6.3;;Tr;1;220;20;10;22;0.40;0.04;0.2;1;N;0;515;0.0;N;;0.02;0.03;0.2;N;0.0;N;3
Lotus tubers, raw;0;2.1;0.1;11.0;51;216;5.5;;Tr;29;400;27;16;71;1.20;N;N;N;N;0;0;0.0;N;;0.10;0.10;0.3;N;0.0;N;35
Lucozade;0;Tr;0.0;16.0;60;256;11.1;0.0;0.00;26;7;3;1;1;Tr;Tr;Tr;Tr;Tr;0;835;0.0;0.00;;Tr;Tr;Tr;Tr;Tr;1;8
Luncheon meat, Chinese, steamed;0;11.9;22.3;10.5;288;1195;N;;N;680;180;8;13;N;1.20;0.10;2.0;N;N;N;N;N;N;;0.14;0.13;2.3;N;1.0;1;N
Lychees, flesh only, raw, weighed with skin and stone;0;0.5;0.1;8.9;36;155;8.9;;Tr;1;99;4;6;19;0.30;0.09;0.2;N;N;0;0;0.0;N;;0.02;0.04;0.3;N;0.0;N;28
Lychees, raw, flesh only;0;0.9;0.1;14.3;58;248;14.3;N;Tr;1;160;6;9;30;0.50;0.15;0.3;N;N;0;0;0.0;N;;0.04;0.06;0.5;N;0.0;N;45
Macadamia nuts, salted;0;7.9;77.6;4.8;748;3082;4.0;N;11.20;400;300;47;100;200;1.60;0.43;1.1;7;N;0;0;0.0;1.49;;0.28;0.06;1.6;0.28;0.0;N;0
Macaroni cheese, homemade;0;7.8;8.6;19.8;183;768;2.8;1.1;4.47;149;140;172;19;157;0.42;0.07;1.0;6;21;N;48;N;N;;0.04;0.16;0.5;0.06;0.7;6;1
Macaroon, homemade;0;9.9;17.8;64.0;442;1857;62.0;N;1.41;58;302;85;91;184;1.15;0.40;1.1;3;2;0;0;0.0;7.64;;0.08;0.34;1.1;0.06;0.1;18;0
Mace, ground;0;6.7;32.4;N;N;N;N;;9.50;80;460;250;160;110;13.90;2.47;2.3;N;N;0;480;0.0;N;;0.31;0.45;1.3;N;0.0;0;0
Mackerel, flesh only, grilled;0;20.3;22.4;0.0;283;1174;0.0;0.0;5.10;163;349;17;38;236;1.28;0.10;0.8;60;35;61;Tr;8.5;0.46;;0.14;0.37;11.1;0.27;9.1;1;Tr
Mackerel, flesh only, grilled, fillets weighed with bones and skin;0;19.9;22.0;0.0;278;1152;0.0;0.0;5.00;160;342;16;37;231;1.25;0.10;0.8;58;34;60;Tr;8.3;0.45;;0.14;0.36;10.9;0.26;8.9;1;Tr
Mackerel, flesh only, raw;0;18.0;17.9;0.0;233;968;0.0;0.0;3.85;153;335;20;37;220;0.98;0.08;0.5;42;29;54;Tr;8.0;0.43;;0.17;0.30;11.3;0.40;8.8;1;Tr
Mackerel, flesh only, smoked;0;21.1;24.1;0.0;301;1250;0.0;0.0;5.04;746;319;33;38;237;1.13;0.07;0.9;59;28;36;Tr;8.2;0.46;;0.15;0.37;6.9;0.28;10.2;4;Tr
Maltesers and similar products;0;7.6;23.3;63.0;476;1998;55.5;1.7;14.16;156;565;266;50;269;2.02;0.20;1.0;5;53;48;Tr;Tr;0.84;;0.04;0.47;0.6;0.02;1.3;14;0
Mammie apple, flesh only;0;0.5;0.4;14.4;60;254;14.4;;N;15;47;12;N;11;0.60;N;N;N;N;0;130;0.0;N;;0.02;0.04;0.4;N;0.0;N;15
Mandarin oranges, canned in juice, whole contents;0;0.7;Tr;7.7;32;135;7.7;N;Tr;6;85;17;9;13;0.50;Tr;0.1;Tr;Tr;0;95;0.0;Tr;;0.08;0.01;0.2;0.03;0.0;12;20
Mango, unripe, green flesh, raw;0;0.5;0.2;11.2;46;195;5.6;;0.10;25;110;13;21;14;0.70;0.24;N;N;N;0;88;0.0;0.29;;0.03;0.03;0.3;N;0.0;N;90
Mangoes, ripe, flesh only, raw;0;0,7;0,6;10,7;48;205;10,4;1,1;0,15;4;150;15;9;13;0,12;0,06;0,1;Tr;N;0;696;0;0,96;0,52;0,05;0,03;0,9;0,07;0;24;26
Mangoes, ripe, flesh only, raw, weighed with skin and stone;0;0,4;0,4;6,7;30;128;6,5;0,7;0,09;2;95;9;5;8;0,08;0,04;Tr;Tr;N;0;438;0;0,61;0,33;0,03;0,02;0,6;0,04;0;15;16
Mangosteen, flesh only;0;0.6;0.5;16.4;73;307;16.1;;N;1;130;14;N;14;0.30;N;N;N;N;0;0;0.0;N;;0.05;0.01;0.3;N;0.0;N;3
Marjoram, dried;0;12.7;7.0;42.5;271;1136;N;;N;77;1520;1990;350;310;82.70;1.13;3.6;N;N;0;4840;0.0;N;;0.29;0.32;4.1;0.00;N;0;0
Marmalade;0;0.1;0.0;69.5;261;1114;69.5;0.5;0.00;64;35;26;3;6;0.20;0.03;0.1;1;7;0;50;0.0;Tr;;Tr;Tr;Tr;Tr;0.0;5;10
Marrow, boiled in unsalted water;0;0.4;0.2;1.6;9;38;1.4;;Tr;1;110;14;7;18;0.10;0.01;0.2;N;N;0;110;0.0;Tr;2.40;0.08;Tr;0.2;0.01;0.0;15;3
Marrow, parwal, raw;0;1.6;Tr;2.1;14;61;0.8;;Tr;4;230;26;20;5;0.50;0.12;0.3;N;N;0;180;0.0;Tr;;0.06;0.08;0.8;N;0.0;29;18
Marrow, raw;0;0.5;0.2;2.2;12;51;2.1;;Tr;1;140;18;10;17;0.20;0.02;0.2;N;N;0;110;0.0;Tr;;0.08;Tr;0.2;0.03;0.0;13;11
Mars bar and own brand equivalents;0;4.1;15.3;66.6;404;1703;63.3;1.5;7.31;174;269;118;35;125;1.66;0.18;0.6;1;N;33;15;0.1;2.00;4.80;0.17;0.20;0.4;0.03;Tr;5;0
Marshmallows;0;3.9;0.0;83.1;327;1396;64.5;0.0;0.00;29;2;4;2;4;0.30;Tr;Tr;N;N;0;0;0.0;0.00;;0.00;0.00;Tr;0.00;0.0;0;0
Marzipan, homemade;0;10.4;25.7;50.1;460;1928;48.7;N;2.17;22;368;114;123;260;1.63;0.49;1.6;2;5;9;0;0.2;10.83;;0.10;0.37;1.4;0.08;0.2;25;1
Marzipan, white and yellow, retail;0;5.3;12.7;67.6;389;1642;67.6;2.4;1.03;20;160;66;68;130;0.90;0.24;0.8;1;Tr;0;0;0.0;6.18;;0.05;0.19;0.7;0.04;0.0;12;0
Matoki, boiled in unsalted water;0;1.3;0.2;22.3;91;387;0.6;N;0.10;2;370;3;28;28;0.30;0.13;0.3;1;N;0;51;0.0;N;;0.05;0.08;0.4;0.27;0.0;44;8
Matoki, raw;0;1.2;0.2;22.3;90;385;0.9;;0.10;2;400;5;33;35;0.30;0.13;0.2;1;N;0;51;0.0;N;;0.08;0.10;0.4;0.37;0.0;73;14
Mayonnaise, homemade;0;1.7;84.2;0.1;786;3232;0.1;Tr;12.20;19;28;8;3;24;0.60;0.02;0.2;3;18;16;N;0.4;4.40;;0.06;0.07;0.0;0.04;0.3;6;1
Mayonnaise, reduced fat;0;1.0;28.1;8.2;288;1188;4.6;0.0;2.12;N;7;5;1;10;0.34;Tr;0.1;1;14;N;Tr;Tr;8.33;;Tr;0.21;Tr;0.19;0.6;18;0
Mayonnaise, standard, retail;0;1.1;74.8;2.4;686;2824;2.4;0.0;5.65;131;4;2;Tr;5;0.16;Tr;0.1;Tr;7;78;Tr;Tr;22.10;;Tr;0.10;Tr;0.09;0.3;9;Tr
Mchicha, homemade;0;3.6;4.7;4.0;73;303;3.0;N;0.35;171;666;215;71;64;3.82;0.08;0.9;1;4;0;4087;0.0;2.86;;0.09;0.09;1.3;0.18;0.0;69;17
Meat loaf, homemade;0;16.6;10.9;12.7;213;894;1.5;0.4;4.01;154;314;41;22;163;1.83;0.08;2.5;N;N;9;37;0.8;0.36;;0.33;0.15;3.9;0.20;1.0;8;0
Meat samosas, takeaway;0;11.4;17.3;18.9;272;1136;1.9;N;4.45;409;258;64;26;138;2.58;0.15;2.3;N;N;2;28;0.3;0.55;;0.21;0.09;2.3;0.15;1.0;6;Tr
Meat spread;0;15.7;13.4;2.3;192;800;0.2;2.2;5.50;580;220;15;14;140;4.70;0.13;3.3;N;N;Tr;Tr;N;0.49;;0.07;0.19;3.4;0.13;3.0;6;0
Meatballs, pork and beef, in tomato sauce, homemade;0;10.0;7.2;4.6;123;515;2.8;0.9;2.69;60;285;41;17;108;1.15;0.08;1.5;5;8;13;261;0.4;0.99;;0.19;0.10;2.4;0.21;0.6;11;20
Medlars, flesh only;0;0.5;Tr;10.6;42;178;10.6;;Tr;6;250;30;11;28;0.50;0.17;N;N;N;0;N;0.0;N;;N;N;N;N;0.0;N;2
Melon seeds;0;28.5;47.7;9.9;583;2418;N;;12.00;99;650;71;510;690;7.60;2.39;4.0;N;N;0;Tr;0.0;N;;0.17;0.15;2.1;N;0.0;58;Tr
Melon, Canteloupe-type, flesh only;0;0.6;0.1;4.2;19;81;4.2;1.8;Tr;8;210;20;11;13;0.30;Tr;0.1;Tr;4;0;1765;0.0;0.10;;0.04;0.02;0.6;0.11;0.0;5;26
Melon, Canteloupe-type, flesh only, weighed whole;0;0.4;0.1;2.5;12;51;2.5;1.1;Tr;5;120;12;6;8;0.20;Tr;0.1;Tr;2;0;1041;0.0;0.06;;0.02;0.01;0.3;0.06;0.0;3;15
Melon, Canteloupe-type, flesh only, weighed with skin;0;0.4;0.1;2.8;13;55;2.8;1.2;Tr;5;140;13;7;9;0.20;Tr;0.1;Tr;3;0;1165;0.0;0.10;;0.03;0.01;0.4;0.07;0.0;3;17
Melon, flesh only, average;0;0.5;0.1;5.5;24;100;5.5;1.3;Tr;17;180;13;10;10;0.23;0.01;0.1;Tr;N;0;N;0.0;0.09;;0.05;0.01;0.5;0.09;0.0;7;16
Melon, flesh only, average, weighed whole;0;0.3;0.1;3.5;15;65;3.5;0.8;Tr;11;112;8;6;6;0.14;0.01;0.1;Tr;N;0;N;0.0;0.06;;0.03;0.01;0.3;0.06;0.0;4;10
Melon, flesh only, average, weighed with skin;0;0.3;0.1;3.7;16;68;3.7;0.9;Tr;11;119;9;7;7;0.15;0.01;0.1;Tr;N;0;N;0.0;0.06;;0.03;0.01;0.3;0.06;0.0;5;11
Melon, Galia, flesh only;0;0.5;0.1;5.6;24;102;5.6;N;Tr;31;150;13;12;10;0.20;Tr;0.1;Tr;N;0;N;0.0;0.10;;0.03;0.01;0.4;0.09;0.0;3;15
Melon, Galia, flesh only, weighed whole;0;0.3;0.1;3.6;16;66;3.6;;Tr;20;96;8;8;6;0.10;Tr;0.1;Tr;N;0;N;0.0;0.06;;0.02;0.01;0.3;0.06;0.0;2;10
Melon, Galia, flesh only, weighed with skin;0;0.3;0.1;3.8;16;70;3.8;;Tr;21;100;9;8;7;0.10;Tr;0.1;Tr;N;0;N;0.0;0.07;;0.02;0.01;0.3;0.06;0.0;2;10
Melon, Honeydew, flesh only, weighed whole;0;0.3;0.1;4.0;17;70;4.0;0.4;0.02;6;104;3;4;4;0.10;0.01;Tr;Tr;Tr;0;4;0.0;0.04;;0.04;0.01;0.2;0.04;0.0;1;5
Melon, Honeydew, flesh only, weighed with skin;0;0.3;0.1;4.3;18;74;4.3;0.4;0.02;7;112;4;4;4;0.11;0.01;Tr;Tr;Tr;0;4;0.0;0.04;;0.04;0.01;0.3;0.04;0.0;1;6
Melon, watermelon, flesh only;0;0.5;0.3;7.1;31;133;7.1;N;0.10;2;100;7;8;9;0.30;0.03;0.2;Tr;Tr;0;116;0.0;0.10;0.30;0.05;0.01;0.1;0.14;0.0;2;8
Melon, watermelon, flesh only, weighed whole;0;0.3;0.2;4.0;18;77;4.0;;Tr;1;57;4;5;5;0.20;0.02;0.1;Tr;Tr;0;66;0.0;0.06;0.17;0.03;0.01;0.1;0.08;0.0;1;5
Melon, yellow flesh, flesh only;0;0.5;0.1;6.8;29;122;6.8;0.7;0.03;11;180;6;6;6;0.18;0.02;0.1;Tr;Tr;0;7;0.0;0.07;;0.07;0.01;0.4;0.07;0.0;13;8
Meringue, homemade;0;6.3;Tr;96.0;385;1643;96.0;0.0;Tr;113;92;13;9;8;0.19;0.12;0.1;5;2;0;0;0.0;0.00;;0.01;0.21;Tr;0.02;0.2;3;0
Meringue, with cream, homemade;0;2.9;24.2;27.2;331;1379;27.2;0.0;15.14;45;76;38;6;38;0.05;0.03;0.1;N;N;239;148;0.2;0.79;;0.01;0.16;Tr;0.03;0.2;5;1
Methi aloo, homemade;0;2.7;10.4;10.1;142;592;1.5;2.9;1.06;537;342;70;26;53;1.69;0.11;0.3;Tr;N;Tr;832;0.0;4.21;;0.01;0.21;0.3;0.10;0.0;24;4
Milk bread, homemade;0;8.8;7.0;50.8;289;1221;2.1;2.0;2.47;76;187;131;22;131;1.39;0.15;0.8;6;N;N;56;N;N;;0.17;0.16;1.5;0.11;0.3;55;1
Milk drink, fermented, with probiotics;0;3.0;1.2;12.7;70;299;12.3;0.1;0.78;20;N;N;N;N;N;N;N;N;N;N;N;N;N;;N;N;N;N;N;N;N
Milk shake, powder;0;1.3;1.6;98.3;388;1654;98.3;0.0;N;20;150;8;N;N;N;0.10;0.4;N;32;N;Tr;7.1;0.15;;1.20;N;25.0;1.80;0.0;200;67
Milk shake, powder, made up with semi-skimmed milk;0;3.3;1.7;11.2;70;297;11.2;0.0;N;41;156;112;N;N;N;0.01;0.4;N;31;N;8;0.5;0.05;;0.11;N;1.9;0.18;0.8;22;7
Milk shake, powder, made up with skimmed milk;0;3.3;0.3;11.3;59;250;11.3;0.0;N;43;161;117;N;N;N;0.01;0.5;N;30;N;Tr;0.5;0.01;0.02;0.11;N;1.9;0.18;0.8;22;6
Milk shake, powder, made up with whole milk;0;3.3;3.5;11.1;86;362;11.1;0.0;N;40;157;112;N;N;N;0.01;0.5;N;31;N;13;0.5;0.07;0.56;0.11;N;1.9;0.18;0.8;21;7
Milk, 1% fat, pasteurised;0;3.5;1.0;4.8;41;173;4.8;0.0;0.60;44;159;123;11;95;0.03;Tr;0.5;1;30;8;5;Tr;0.02;;0.03;0.23;0.1;0.06;0.9;9;2
Milk, Channel Islands, whole, pasteurised;0;3.5;4.7;4.3;72;302;4.3;0.0;3.02;39;131;129;12;106;Tr;0.01;0.4;1;29;35;41;0.1;0.17;0.87;0.04;0.22;0.1;0.03;0.8;6;1
Milk, Channel islands, whole, summer;0;3.9;4.7;4.1;73;306;4.1;0.0;2.99;39;131;129;12;106;Tr;0.01;0.4;1;24;70;82;0.1;0.17;;0.04;0.22;0.1;0.03;0.8;6;1
Milk, Channel islands, whole, winter;0;3.2;4.7;4.4;72;299;4.4;0.0;3.25;39;131;129;12;106;Tr;0.01;0.4;1;34;Tr;Tr;0.1;0.17;;0.04;0.22;0.1;0.03;0.8;6;Tr
Milk, condensed, whole, sweetened;0;7,4;8.0;55.5;310;1310;55.5;0.0;4.99;90;360;290;29;240;0.23;Tr;1.0;3;74;110;70;Tr;0.19;0.36;0.09;0.46;0.3;0.07;0.7;15;4
Milk, evaporated, light;0;7.8;4.1;10.3;107;449;10.3;0.0;2.50;115;336;260;25;233;Tr;Tr;1.0;3;47;50;21;3.1;0.11;;0.07;0.42;0.2;0.04;0.2;8;1
Milk, evaporated, whole;0;8.4;9.4;12,7;166;694;12,7;0.0;5.90;180;360;290;29;260;0.26;0.02;0.9;3;11;105;100;2.7;0.19;0.50;0.07;0.42;0.2;0.07;0.1;11;1
Milk, flavoured, pasteurised, chocolate;0;3.6;1.5;11,7;72;305;11;0.0;0.99;45;206;115;19;107;0.62;0.06;0.5;N;N;20;8;Tr;0.03;;0.03;0.17;0.1;0.03;0.1;2;Tr
Milk, flavoured, pasteurised, strawberry, banana;0;3.6;1.5;9.6;64;270;8.9;0.0;1.02;52;168;120;12;102;0.13;Tr;0.4;N;N;20;8;Tr;0.03;;0.03;0.17;0.1;0.03;0.1;2;Tr
Milk, goats, pasteurised;0;3.1;3.7;4.4;62;260;4.4;0.0;2.37;42;170;100;13;90;0.12;0.03;0.5;N;N;44;Tr;0.1;0.03;0.53;0.03;0.04;0.1;0.06;0.1;1;1
Milk, human, colostrum;0;2.0;2.6;6.6;56;236;6.6;;1.10;47;70;28;3;14;0.07;0.05;0.6;N;N;155;135;N;1.30;;Tr;0.03;0.1;Tr;0.1;2;7
Milk, human, mature;0;1.3;4.1;7.2;69;289;7.2;0.0;1.92;15;58;34;3;15;0.07;0.04;0.3;1;7;58;24;N;0.34;;0.02;0.03;0.2;0.01;Tr;5;4
Milk, human, transitional;0;1.5;3.7;6.9;67;281;6.9;;1.50;30;57;25;3;16;0.07;0.04;0.3;2;N;85;37;N;0.48;;0.01;0.03;0.1;Tr;0.0;3;6
Milk, semi-skimmed, pasteurised, average;0;3.5;1.7;4.7;46;195;4.7;0.0;1.07;43;156;120;11;94;0.02;Tr;0.4;1;30;19;9;Tr;0.04;;0.03;0.24;0.1;0.06;0.9;9;2
Milk, semi-skimmed, pasteurised, summer and autumn;0;3.5;1.7;4.5;46;194;4.5;0.0;1.01;43;152;118;11;93;0.02;Tr;0.4;Tr;20;15;7;Tr;0.05;;0.03;0.24;0.2;0.06;0.8;7;2
Milk, semi-skimmed, pasteurised, winter and spring;0;3.4;1.7;4.9;47;196;4.9;0.0;0.98;43;161;123;11;96;0.02;Tr;0.5;1;41;22;11;Tr;0.03;;0.03;0.24;0.1;0.06;0.9;11;2
Milk, semi-skimmed, UHT;0;3.3;1.6;4.9;46;194;4.9;0.0;1.10;50;150;110;11;90;0.17;Tr;0.4;1;31;20;11;Tr;0.03;;0.04;0.18;0.1;0.05;0.2;2;Tr
Milk, sheeps, raw;0;5.4;5.8;5.1;93;388;5.1;0.0;3.58;44;120;170;18;150;0.03;0.10;0.7;N;N;83;Tr;0.2;0.11;;0.08;0.32;0.4;0.08;0.6;5;5
Milk, skimmed, dried, fortified;0;36.1;0.6;52.9;348;1482;52.9;0.0;0.40;550;1590;1280;130;970;0.27;Tr;4.0;11;150;550;5;1.5;0.01;;0.38;1.63;1.0;0.60;2.6;51;13
Milk, skimmed, pasteurised, average;0;3.5;0.3;4.8;34;144;4.8;0.0;0.13;44;162;125;11;96;0.03;Tr;0.5;1;30;1;Tr;Tr;Tr;0.02;0.03;0.22;0.1;0.06;0.8;9;1
Milk, skimmed, pasteurised, summer;0;3.5;0.2;4.4;32;137;4.4;N;0.10;49;171;133;12;98;0.06;Tr;0.5;1;21;1;Tr;Tr;Tr;;0.03;0.21;0.1;0.06;0.8;3;1
Milk, skimmed, pasteurised, winter;0;3.5;0.2;4.2;32;134;4.2;0.0;0.10;42;163;124;11;99;0.01;Tr;0.5;1;31;1;Tr;Tr;Tr;;0.03;0.22;0.1;0.06;0.7;14;1
Milk, skimmed, UHT;0;3.4;0.1;4.9;33;140;4.9;0.0;N;40;148;102;10;92;Tr;0.01;0.3;2;25;Tr;Tr;Tr;0.02;;0.04;0.17;0.1;0.02;0.6;1;Tr
Milk, soya, non-dairy alternative to milk, sweetened, fortified;0;3.1;2.4;2.5;43;182;2.2;0.5;0.38;56;119;130;18;89;0.31;0.09;0.3;4;1;0;Tr;0.8;0.32;0.69;0.06;0.20;0.1;0.03;0.4;9;1
Milk, soya, non-dairy alternative to milk, unsweetened, fortified;0;2.4;1.6;0.5;26;108;0.2;0.5;0.24;Tr;74;120;15;48;0.43;0.09;0.3;4;1;Tr;Tr;0.8;0.32;1.71;0.06;0.20;0.1;0.03;0.4;14;0
Milk, whole, pasteurised, average;0;3.4;3.6;4.6;63;265;4.6;0.0;2.29;42;157;120;11;96;0.02;Tr;0.5;1;31;36;14;Tr;0.06;0.60;0.03;0.23;0.2;0.06;0.9;8;2
Milk, whole, pasteurised, summer and autumn;0;3.4;3.6;4.1;61;257;4.1;0.0;2.29;45;160;123;12;95;0.02;Tr;0.5;1;20;46;22;Tr;0.08;;0.03;0.24;0.2;0.06;0.9;6;2
Milk, whole, pasteurised, winter and spring;0;3.3;3.6;5.0;64;270;5.0;0.0;2.29;40;154;116;11;98;0.02;Tr;0.5;1;41;27;6;Tr;0.05;;0.03;0.22;0.2;0.07;0.8;9;2
Milk, whole, UHT;0;3.2;3.9;4.8;66;276;4.8;0.0;2.36;55;140;110;11;87;0.23;0.01;0.4;1;31;54;31;0.0;0.08;;0.04;0.18;0.1;0.04;0.2;1;Tr
Milkshake, thick, takeaway;0;3.7;1.8;15.3;88;374;11.1;Tr;1.21;57;171;129;13;120;Tr;Tr;0.1;2;37;35;11;Tr;0.10;;0.03;0.23;0.1;0.03;0.5;4;1
Milky Way and own brand equivalents;0;3.8;15.7;76.6;444;1872;69.7;1.0;7.73;220;240;117;25;114;1.98;0.13;0.5;1;N;24;Tr;0.2;1.96;;0.18;0.21;0.4;0.03;Tr;5;0
Mince pies, homemade, individual;0;4.2;23.5;55.5;436;1829;29.0;N;N;162;87;71;9;41;0.95;0.05;0.3;3;3;0;4;Tr;N;;0.06;0.01;0.7;0.07;Tr;6;1
Mince pies, retail;0;3.8;14.9;60.7;377;1588;35.5;2.6;5.97;101;211;66;16;65;1.20;Tr;0.3;2;N;25;16;Tr;2.06;;0.11;0.01;1.0;0.04;Tr;14;Tr
Mincemeat;0;0.6;4.3;62.1;274;1163;62.1;N;N;18;44;35;4;13;0.60;0.12;0.2;1;7;0;9;Tr;N;;0.04;0.02;0.4;0.10;Tr;8;Tr
Mincemeat, vegetarian, homemade;0;1.7;9.5;43.8;306;1285;42.5;N;4.40;60;336;62;21;37;1.90;0.24;0.2;N;N;0;487;0.0;N;;N;N;N;N;Tr;N;4
Minibreads, toasted, retail;0;10.5;13.6;68.9;423;1784;3.3;4.2;3.22;865;221;39;26;114;1.40;0.18;0.7;6;Tr;0;Tr;0.0;2.93;;0.09;0.02;1.5;0.10;Tr;21;0
Mint sauce;0;1.6;Tr;21.5;101;432;21.5;N;Tr;480;210;120;46;27;7.40;0.30;0.2;Tr;Tr;0;Tr;0.0;Tr;;Tr;Tr;Tr;Tr;0.0;Tr;Tr
Mint sauce, homemade;0;0.8;0.1;19.4;85;358;N;N;Tr;5;59;39;0;17;1.73;N;N;N;N;0;129;0.0;0.87;;0.02;0.06;0.2;N;0.0;19;5
Mint, dried;0;24.8;4.6;34.6;279;1180;N;;N;98;1700;1370;N;490;N;N;N;N;N;0;4830;0.0;N;;N;N;N;N;0.0;N;Tr
Mint, fresh;0;3.8;0.7;5.3;43;181;N;N;N;15;260;210;N;75;9.50;N;N;N;N;0;740;0.0;5.00;;0.12;0.33;1.1;N;0.0;110;31
Mixed curry spices;0;13.2;13.3;N;N;N;N;N;N;1154;1878;490;234;319;32.33;1.09;4.1;N;N;0;11946;0.0;N;;0.30;0.69;6.9;N;0.0;33;1
Mixed herbs, dried;0;12.1;8.5;36.3;261;1092;N;N;N;81;1873;1653;280;235;68.97;0.73;4.6;N;N;0;8100;0.0;N;;N;0.34;5.0;N;N;N;43
Molasses;0;0.0;0.1;68.8;266;1115;59.4;;Tr;37;1460;210;240;31;4.70;0.49;0.3;Tr;Tr;0;0;0.0;0.41;;0.04;Tr;0.9;0.67;0.0;0;0
Monkfish, flesh only, grilled;0;22.7;0.6;0.0;96;407;0.0;;0.10;26;430;12;30;480;0.50;0.01;0.7;N;N;Tr;Tr;Tr;N;;0.04;0.08;N;N;N;N;Tr
Monkfish, flesh only, grilled, weighed with bones;0;17.5;0.4;0.0;74;314;0.0;;0.10;20;330;9;23;370;0.40;0.01;0.5;N;N;Tr;Tr;Tr;N;;0.03;0.06;N;N;N;N;Tr
Monkfish, flesh only, raw;0;15.7;0.4;0.0;66;282;0.0;;0.10;18;300;8;21;330;0.30;0.01;0.5;N;N;Tr;Tr;Tr;N;;0.03;0.06;N;N;N;N;Tr
Mooli paratha, homemade;0;5.9;2.3;33.8;171;727;1.8;4.8;0.41;395;235;61;41;114;1.86;0.15;0.9;8;N;N;58;N;2.87;;0.14;0.09;2.2;N;0.0;12;Tr
Moussaka, homemade;0;8.5;8.0;4.5;128;518;2.7;N;3.39;72;266;64;17;111;0.90;0.05;1.4;2;12;N;126;N;N;;0.07;0.12;1.5;0.12;0.8;9;3
Moussaka, retail, reheated;0;8.3;8.3;8.6;140;586;2.0;1.9;2.90;280;250;75;77;110;0.60;0.12;0.1;N;N;40;235;0.3;N;;0.05;0.19;1.5;0.15;1.0;8;N
Moussaka, vegetable, homemade;0;4.4;8.6;8.7;133;552;2.4;N;2.40;68;260;78;16;89;0.62;0.08;0.6;3;12;41;89;0.2;N;;0.09;0.11;0.5;0.16;0.4;17;3
Moussaka, vegetable, retail;0;5.9;4.9;8.0;98;410;4.5;N;N;210;330;76;25;100;1.00;0.06;0.5;N;N;N;N;N;N;;0.06;0.07;0.7;0.18;Tr;12;N
Mousse, chocolate, low fat;0;5.5;3.7;18.0;123;518;15.8;N;2.54;69;301;126;33;133;1.21;0.12;0.8;2;66;N;Tr;Tr;0.79;;0.12;0.26;0.2;0.01;0.0;0;0
Mousse, fruit;0;4.5;6.4;18.0;143;601;18.0;N;4.11;62;150;120;12;96;Tr;Tr;0.4;N;N;36;16;0.1;0.39;;0.04;0.23;0.2;0.05;0.2;6;Tr
Muesli, Swiss style, no added sugar or salt, unfortified;0;9.8;5.9;70.7;357;1516;13.0;8.5;1.19;66;539;78;87;303;2.67;0.41;1.5;5;19;Tr;Tr;0.0;0.52;;0.17;0.37;6.9;0.53;0.0;45;Tr
Muesli, Swiss style, unfortified;0;9.2;6.3;72.6;366;1551;21.3;8.8;1.27;138;531;93;92;318;2.67;0.39;1.7;5;19;Tr;Tr;0.0;0.52;;0.17;0.37;6.9;0.53;0.0;45;Tr
Muffins, American style, chocolate chip, homemade;0;6.3;17.5;53.6;384;1613;28.2;1.3;10.37;263;192;138;35;261;1.34;0.24;0.8;5;17;122;70;0.4;0.90;;0.09;0.13;0.6;0.07;0.5;9;1
Muffins, American, chocolate, retail;0;5.5;25.4;49.5;436;1825;30.9;1.0;4.83;396;248;70;34;198;3.02;0.31;1.3;5;15;24;N;Tr;3.34;;0.03;0.11;0.7;0.01;0.4;9;0
Muffins, American, not chocolate, retail;0;5.0;19.5;47.8;375;1571;27.7;1.8;2.40;250;114;64;10;190;1.09;0.12;0.6;5;N;25;7;Tr;2.40;;0.03;0.10;0.7;0.01;0.2;9;Tr
Muffins, bran, homemade;0;8.2;7.0;44.5;263;1111;17.3;9.2;3.50;351;378;102;88;356;2.46;0.27;1.6;6;19;66;33;0.4;0.60;2.60;0.21;0.19;5.3;0.23;0.6;14;1
Muffins, English style, white;0;10.0;1.9;44.2;223;948;3.4;2.6;0.38;431;124;123;20;89;1.30;0.11;0.8;6;N;65;Tr;Tr;0.09;;0.24;0.16;2.0;0.12;Tr;41;Tr
Muffins, English style, white, toasted;0;11.3;2.7;51.0;261;1108;3.8;3.0;0.43;493;142;141;23;102;1.49;0.13;0.9;7;N;74;Tr;Tr;0.10;;0.27;0.18;2.3;0.14;Tr;47;Tr
Mulberries, whole fruit, raw;0;1.3;Tr;8.1;36;152;8.1;;N;2;260;36;15;48;1.60;0.06;0.2;Tr;N;0;14;0.0;N;;0.03;0.05;0.7;0.06;0.0;33;19
Mulberries, whole fruit, stewed with sugar;0;1.0;Tr;16.2;65;276;16.2;;Tr;1;200;28;11;37;1.30;0.05;0.2;Tr;N;0;10;0.0;N;;0.02;0.03;0.4;0.04;0.0;5;11
Mulberries, whole fruit, stewed without sugar;0;1.1;Tr;6.9;30;129;6.9;;Tr;1;220;30;12;41;1.40;0.05;0.2;Tr;N;0;11;0.0;N;;0.02;0.03;0.5;0.04;0.0;5;12
Mullet, Grey, flesh only, grilled;0;25.7;5.2;0.0;150;629;0.0;;1.40;84;460;35;38;330;1.30;0.09;0.5;66;250;61;Tr;N;N;;0.07;0.18;4.4;N;N;N;Tr
Mullet, Grey, flesh only, raw;0;19.8;4.0;0.0;115;485;0.0;;1.10;65;350;27;29;260;1.00;0.07;0.4;51;190;47;Tr;N;N;;0.06;0.15;3.8;N;N;N;Tr
Mullet, Grey, grilled, weighed with bones and skin;0;14.1;2.9;0.0;82;346;0.0;;0.80;46;250;19;21;180;0.70;0.05;0.3;36;140;34;Tr;N;N;;0.04;0.10;2.4;N;N;N;Tr
Mullet, Red, flesh only, grilled;0;20.4;4.4;0.0;121;510;0.0;;N;110;400;77;35;260;0.40;0.05;0.4;54;13;Tr;Tr;0.9;0.59;;0.07;0.10;4.2;0.41;2.0;10;Tr
Mullet, Red, flesh only, grilled, weighed with bones and skin;0;9.6;2.1;0.0;57;240;0.0;;N;50;190;36;16;120;0.20;0.02;0.2;25;6;Tr;Tr;0.4;0.28;;0.03;0.05;2.0;0.19;1.0;5;Tr
Mullet, Red, flesh only, raw;0;18.7;3.8;0.0;109;459;0.0;;N;91;340;66;30;220;0.30;0.04;0.3;46;11;Tr;Tr;0.8;0.51;;0.08;0.08;3.6;0.42;2.0;11;Tr
Mushroom, dried;0;21.8;6.0;4.8;159;669;3.6;;1.20;60;3870;73;110;970;7.30;8.71;4.8;110;36;0;N;0.0;14.86;;Tr;Tr;38.7;Tr;0.0;Tr;Tr
Mushrooms, Chinese, dried, raw;0;10.0;1.8;59.9;284;1188;N;;N;38;1480;76;14;290;11.70;1.79;0.3;13;18;0;0;0.0;N;;0.37;1.32;11.3;0.53;0.0;30;Tr
Mushrooms, Jew's ear, tender, dried, raw;0;6.9;1.0;62.4;279;1167;N;;N;63;860;210;N;220;56.10;N;N;N;N;0;20;0.0;N;;0.16;0.48;4.1;N;0.0;N;0
Mushrooms, Jew's ear, tender, dried, soaked, raw;0;0.7;0.7;5.7;29;121;N;;N;1;60;23;N;5;5.10;N;N;N;N;0;10;0.0;N;;0.01;0.07;0.1;N;0.0;N;0
Mushrooms, Jew's ear, tough, dried, raw;0;4.8;2.0;68.7;325;1360;N;;N;130;630;230;N;110;21.50;N;N;N;N;0;N;0.0;N;;0.17;0.32;2.2;N;0.0;N;0
Mushrooms, Jew's ear, tough, dried, soaked, raw;0;1.1;0.2;15.1;76;318;N;;N;35;41;53;N;10;6.80;N;N;N;N;0;N;0.0;N;;0.03;0.09;0.1;N;0.0;N;0
Mushrooms, oyster, raw;0;1.6;0.2;Tr;8;35;Tr;;Tr;77;230;29;29;120;1.90;Tr;Tr;3;N;0;0;0.0;N;;N;0.43;N;N;0.0;N;Tr
Mushrooms, shiitake, cooked;0;1.6;0.2;12.3;55;232;N;;0.10;4;120;3;14;29;0.40;N;N;N;N;0;0;0.0;N;;0.04;0.17;1.5;N;0.0;N;Tr
Mushrooms, shiitake, dried, raw;0;9.6;1.0;63.9;296;1238;N;;0.20;13;1530;11;130;290;1.70;N;N;N;N;0;0;0.0;N;;0.30;1.27;14.1;N;0.0;N;Tr
Mushrooms, white, fried in corn oil;0;1.4;11.0;0.4;106;437;0.4;1.0;1.60;6;542;4;14;135;0.31;0.40;0.9;24;3;0;Tr;0.0;1.88;0.40;0.15;0.39;3.6;0.11;0.0;26;1
Mushrooms, white, fried in rapeseed oil;0;1.4;11.0;0.4;106;437;0.4;1.0;0.75;6;542;4;14;135;0.30;0.40;0.9;24;3;0;Tr;0.0;2.41;0.40;0.15;0.39;3.6;0.11;0.0;26;1
Mushrooms, white, fried in salted butter;0;1.4;11.0;0.4;106;437;0.4;1.0;7.36;150;340;11;19;110;N;0.40;0.5;12;11;160;85;0.1;0.40;;0.09;0.34;2.3;0.19;Tr;11;1
Mushrooms, white, raw;0;1.0;0.2;0.3;7;29;0.3;0.7;0.04;4;378;3;10;94;0.21;0.28;0.6;17;2;0;0;0.0;0.01;0.28;0.13;0.27;2.5;0.10;0.0;40;1
Mushrooms, white, stewed in unsalted water;0;1.4;0.3;0.1;9;37;Tr;2.6;0.08;3;216;3;8;75;0.32;0.35;0.9;16;2;0;0;0.0;0.01;0.27;0.09;0.26;1.8;0.06;0.0;15;Tr
Mussels in white wine sauce, cooked;0;9.7;3.2;3.7;82;347;0.8;Tr;1.26;608;173;68;76;122;1.46;0.08;1.5;32;282;10;3;Tr;0.84;;0.05;0.18;0.8;0.03;9.4;26;Tr
Mussels, purchased cooked;0;17.7;2.2;3.5;104;438;Tr;0.0;0.34;401;116;40;50;258;3.25;0.17;3.4;66;247;117;Tr;Tr;1.72;;0.02;0.26;1.0;0.03;10.6;25;Tr
Mussels, raw;0;12.1;1.8;2.5;74;312;Tr;0.0;0.40;290;90;38;23;240;2.53;0.22;2.5;51;140;N;Tr;Tr;0.74;;0.02;0.35;1.6;0.08;19.0;37;Tr
Mustard and cress, raw;0;1.6;0.6;0.4;13;56;0.4;N;Tr;19;110;50;22;33;1.00;0.01;0.3;N;N;0;1280;0.0;0.70;88.00;0.04;0.04;1.0;0.15;0.0;60;33
Mustard leaves, boiled in unsalted water;0;2.0;0.2;1.9;17;73;0.5;;Tr;16;200;80;15;41;0.80;N;N;N;N;0;335;0.0;N;;0.04;0.07;0.5;N;0.0;N;26
Mustard leaves, raw;0;2.5;0.3;3.6;27;115;0.8;;Tr;25;330;130;32;45;2.10;N;N;N;N;0;500;0.0;2.01;;0.07;0.13;0.8;N;0.0;N;71
Mustard powder;0;28.9;28.7;20.7;452;1884;N;N;1.50;5;940;330;260;180;9.50;0.20;6.5;N;N;0;N;0.0;N;;N;N;N;N;0.0;0;0
Mustard seeds;0;24.9;28.8;N;N;N;N;;1.50;5;680;520;300;840;18.50;0.41;4.7;N;N;0;37;0.0;N;;0.54;0.38;7.9;N;0.0;0;0
Mustard, powder, made up;0;14.5;14.4;10.4;226;942;N;;0.80;3;470;170;130;90;4.80;0.10;3.3;N;N;0;N;0.0;N;;N;N;N;N;0.0;0;0
Mustard, smooth;0;7.1;8.2;9.7;139;579;7.8;N;0.50;2950;200;70;82;190;2.90;0.19;1.0;N;N;0;N;0.0;N;;N;N;N;N;0.0;0;0
Mustard, wholegrain;0;8.2;10.2;4.2;140;584;3.9;N;0.60;1620;220;120;93;200;2.80;0.21;1.2;N;N;0;N;0.0;N;;N;N;N;N;0.0;0;0
Nectarines, flesh and skin, raw;0;1;0,3;9,8;43;184;9,8;1,3;0,02;Tr;257;7;9;25;0,2;0,09;0,1;Tr;3;0;155;0;0,45;2,5;0,02;0,02;0,7;0,04;0;8;3
Nectarines, flesh and skin, raw, weighed with stones;0;0,9;0,3;9;40;170;9;1,2;0,02;Tr;236;6;8;23;0,18;0,08;0,1;Tr;3;0;143;0;0,41;2,3;0,02;0,02;0,6;0,04;0;7;3
Noodles, egg, dried, raw;0;12.0;2.0;72.6;338;1440;1.7;N;0.31;500;378;73;49;187;2.65;0.20;1.3;16;6;4;43;0.2;0.53;;0.12;0.02;3.3;0.15;Tr;19;0
Noodles, egg, fine, dried, boiled in unsalted water;0;4.7;0.8;27.5;129;549;Tr;2.3;0.12;109;57;33;19;68;0.85;Tr;0.5;8;Tr;Tr;0;0.1;0.27;;Tr;Tr;0.5;0.01;Tr;5;0
Noodles, egg, fried with spring onions, homemade;0;5.0;12.2;30.5;244;1026;0.2;N;0.88;120;79;39;22;77;1.06;0.00;0.5;9;Tr;Tr;35;0.1;2.82;;0.00;0.00;0.5;0.01;Tr;6;1
Noodles, egg, medium, dried, boiled in unsalted water;0;5.8;1.0;35.7;166;707;Tr;3.0;0.15;141;75;43;25;89;1.11;Tr;0.6;10;Tr;Tr;Tr;0.1;0.35;;Tr;Tr;0.6;0.01;Tr;6;0
Noodles, egg, thick, dried, boiled in unsalted water;0;5.0;0.9;30.7;143;608;Tr;2.6;0.13;121;64;37;22;76;0.95;Tr;0.5;9;Tr;Tr;0;0.1;0.30;;Tr;Tr;0.5;0.01;Tr;5;0
Noodles, rice, fine, dried, boiled in unsalted water;0;1.9;0.2;21.3;89;381;Tr;1.1;0.05;4;3;22;3;19;0.10;Tr;0.4;1;3;0;0;0.0;0.09;;Tr;Tr;0.1;0.01;0.0;3;0
Nougat, homemade;0;5.2;10.2;80.0;413;1747;79.6;1.1;1.61;115;249;33;24;101;0.96;0.22;0.7;5;N;24;20;0.6;0.88;;0.12;0.12;0.3;N;0.5;N;0
Nut and rice roast, mixed nuts with egg, homemade;0;12.1;21.9;23.5;333;1391;2.7;;3.50;420;420;49;100;270;1.70;0.46;1.8;9;10;14;12;0.1;2.88;;0.20;0.23;4.4;N;0.2;24;Tr
Nut and rice roast, mixed nuts, homemade;0;12.0;22.6;25.2;346;1442;2.9;;3.50;440;440;48;110;280;1.70;0.49;1.9;9;6;0;13;0.0;3.00;;0.21;0.21;4.7;N;0.0;24;Tr
Nut and seed roast, mixed nuts and sunflower seeds with egg, homemade;0;13.0;23.9;18.1;335;1397;2.7;;3.40;300;440;65;120;290;2.40;0.56;2.1;16;10;16;16;0.2;6.72;;0.32;0.25;4.2;0.19;0.2;23;Tr
Nut and seed roast, mixed nuts and sunflower seeds, homemade;0;12.9;24.9;19.6;349;1454;2.9;;3.40;310;460;65;130;300;2.40;0.60;2.1;17;6;0;17;0.0;7.16;;0.34;0.24;4.5;0.20;0.0;23;Tr
Nut and vegetable roast, mixed nuts with egg, homemade;0;11.3;21.2;18.3;304;1269;3.6;;3.30;290;430;60;84;230;1.80;0.34;1.6;10;10;14;790;0.1;3.16;;0.19;0.22;4.0;0.22;0.2;24;1
Nut and vegetable roast, mixed nuts, homemade;0;11.1;21.9;19.6;314;1311;3.8;;3.20;300;450;60;89;230;1.70;0.36;1.6;10;6;0;850;0.0;3.29;;0.19;0.21;4.3;0.23;0.0;24;2
Nut croquettes, fried in sunflower oil, homemade;0;9.3;26.2;21.6;351;1461;2.5;;3.60;220;350;59;74;190;2.00;0.39;1.4;12;5;0;6;0.0;7.83;;0.16;0.12;4.1;0.17;0.0;15;1
Nut croquettes, fried in vegetable oil, homemade;0;9.3;26.2;21.6;351;1461;2.5;;3.40;220;350;59;74;190;2.00;0.39;1.4;12;6;0;6;0.0;4.67;;0.16;0.12;4.1;0.17;0.0;15;1
Nut cutlets, retail, fried in sunflower oil;0;4.8;22.3;18.7;289;1205;1.3;;2.50;210;190;84;60;140;1.30;0.32;1.0;N;N;0;520;0.0;7.68;;0.12;0.10;1.4;N;0.0;9;1
Nut cutlets, retail, fried in vegetable oil;0;4.8;22.3;18.7;289;1205;1.3;;2.40;210;190;84;60;140;1.30;0.32;1.0;N;N;0;520;0.0;5.18;;0.12;0.10;1.4;N;0.0;9;1
Nut cutlets, retail, grilled;0;5.1;13.0;19.9;212;886;1.4;;1.40;220;210;89;64;150;1.40;0.34;1.1;N;N;0;550;0.0;2.94;;0.12;0.08;1.2;N;0.0;10;1
Nut roast, homemade;0;13.2;23.5;18.8;335;1395;4.1;N;3.63;154;419;76;114;260;2.07;0.54;2.0;4;8;0;17;0.0;6.56;;0.51;0.31;6.2;0.28;Tr;89;0
Nut roast, mixed nuts with egg, homemade;0;13.3;24.7;16.9;338;1409;3.0;;3.90;330;450;61;100;270;1.90;0.40;1.9;11;11;16;14;0.2;3.17;;0.19;0.26;4.7;0.24;0.2;26;Tr
Nut, mushroom and rice roast, homemade;0;7.8;15.3;24.3;260;1085;2.8;;2.20;290;340;32;72;200;1.30;0.44;1.3;7;4;0;805;0.0;2.50;;0.17;0.18;3.4;N;Tr;20;1
Nutmeg, ground;0;5.8;36.3;N;N;N;28.5;20.8;25.90;16;350;180;180;210;3.00;1.03;2.2;2;N;0;60;0.0;N;;0.35;0.06;1.3;0.16;0.0;76;3
Nuts, mixed;0;23.8;49.1;11.6;581;2407;5.6;N;7.72;5;696;94;222;452;2.93;1.12;3.5;5;16;0;0;0.0;12.78;;0.89;0.22;10.0;0.51;0.0;93;0
Oatcakes, homemade;0;9.5;15.9;61.4;411;1731;0.3;6.8;6.76;175;326;45;99;338;3.16;0.32;2.0;3;4;104;66;0.1;0.71;0.80;0.91;0.05;0.7;0.29;0.0;28;Tr
Oatcakes, plain, retail;0;9.3;20.0;62.8;453;1904;3.2;9.4;5.67;796;359;57;101;383;3.82;0.35;2.0;9;1;0;0;0.0;2.52;;0.32;0.09;0.7;0.10;0.0;26;0
Octopus, raw;0;17.9;1.3;Tr;83;352;Tr;;0.30;N;230;33;N;170;1.20;0.40;1.7;75;20;5;0;Tr;N;;0.07;0.07;5.0;0.36;N;N;0
Oil, coconut;0;Tr;99.9;0.0;899;3696;0.0;0.0;86.50;Tr;Tr;Tr;Tr;Tr;Tr;Tr;Tr;Tr;Tr;0;Tr;0.0;0.66;1.00;Tr;Tr;Tr;Tr;0.0;Tr;0
Oil, cod liver;0;Tr;99.9;0.0;899;3696;0.0;0.0;21.10;Tr;Tr;Tr;Tr;Tr;Tr;Tr;Tr;Tr;Tr;18000;Tr;210.0;20.00;0.30;Tr;Tr;Tr;Tr;Tr;Tr;0
Oil, corn;0;Tr;99.9;0.0;899;3696;0.0;0.0;14.40;Tr;Tr;Tr;Tr;Tr;0.10;0.01;Tr;Tr;Tr;0;Tr;0.0;17.24;3.00;Tr;Tr;Tr;Tr;0.0;Tr;0
Oil, cottonseed;0;Tr;99.0;0.0;891;3663;0.0;;26.10;Tr;Tr;Tr;Tr;Tr;Tr;Tr;Tr;Tr;Tr;0;Tr;0.0;42.77;;Tr;Tr;Tr;Tr;0.0;Tr;0
Oil, evening primrose;0;Tr;99.9;0.0;899;3696;0.0;0.0;7.80;Tr;Tr;Tr;Tr;Tr;Tr;Tr;Tr;Tr;Tr;0;Tr;0.0;N;;Tr;Tr;Tr;Tr;0.0;Tr;0
Oil, grapeseed;0;Tr;99.9;0.0;899;3696;0.0;0.0;11.10;Tr;Tr;Tr;Tr;Tr;Tr;Tr;Tr;Tr;Tr;0;Tr;0.0;N;;Tr;Tr;Tr;Tr;0.0;Tr;0
Oil, hazelnut;0;Tr;99.9;0.0;899;3696;0.0;;7.80;Tr;Tr;Tr;Tr;Tr;Tr;Tr;Tr;Tr;Tr;0;Tr;0.0;N;;Tr;Tr;Tr;Tr;0.0;Tr;0
Oil, olive;0;Tr;99.9;0.0;899;3696;0.0;0.0;14.30;Tr;Tr;Tr;Tr;Tr;0.40;0.01;Tr;Tr;Tr;0;N;0.0;5.10;57.50;Tr;Tr;Tr;Tr;0.0;Tr;0
Oil, palm;0;Tr;99.9;0.0;899;3696;0.0;0.0;47.80;Tr;Tr;Tr;Tr;Tr;0.40;Tr;Tr;Tr;Tr;0;Tr;0.0;33.12;7.90;Tr;Tr;Tr;Tr;0.0;Tr;0
Oil, peanut (groundnut);0;Tr;99.9;0.0;899;3696;0.0;0.0;20.00;Tr;Tr;Tr;Tr;Tr;Tr;Tr;Tr;Tr;Tr;0;Tr;0.0;15.16;;Tr;Tr;Tr;Tr;0.0;Tr;0
Oil, rapeseed;0;Tr;99.9;0.0;899;3696;0.0;0.0;6.60;Tr;Tr;Tr;Tr;Tr;0.10;0.01;Tr;Tr;Tr;0;Tr;0.0;22.21;112.50;Tr;Tr;Tr;Tr;0.0;Tr;0
Oil, safflower;0;Tr;99.9;0.0;899;3696;0.0;;9.70;Tr;Tr;Tr;Tr;Tr;Tr;Tr;Tr;Tr;Tr;0;Tr;0.0;40.68;3.40;Tr;Tr;Tr;Tr;0.0;Tr;0
Oil, sesame;0;0.2;99.7;0.0;898;3692;0.0;0.0;14.60;2;20;10;Tr;N;0.10;Tr;Tr;Tr;Tr;0;Tr;0.0;N;;0.01;0.07;0.1;Tr;0.0;Tr;0
Oil, soya;0;Tr;99.9;0.0;899;3696;0.0;0.0;15.60;Tr;Tr;Tr;Tr;Tr;0.10;0.01;Tr;Tr;Tr;0;Tr;0.0;16.06;131.00;Tr;Tr;Tr;Tr;0.0;Tr;0
Oil, sunflower;0;Tr;99.9;0.0;899;3696;0.0;0.0;12.00;Tr;Tr;Tr;Tr;Tr;0.10;0.01;Tr;Tr;Tr;0;Tr;0.0;49.22;6.30;Tr;Tr;Tr;Tr;0.0;Tr;0
Oil, vegetable, average;0;Tr;99.9;0.0;899;3696;0.0;0.0;6.60;Tr;Tr;Tr;Tr;Tr;0.10;0.01;Tr;Tr;Tr;0;Tr;0.0;22.21;112.50;Tr;Tr;Tr;Tr;0.0;Tr;0
Oil, walnut;0;Tr;99.9;0.0;899;3696;0.0;0.0;9.10;Tr;Tr;Tr;Tr;Tr;Tr;Tr;Tr;Tr;Tr;0;Tr;0.0;N;;Tr;Tr;Tr;Tr;0.0;Tr;0
Oil, wheatgerm;0;Tr;99.9;0.0;899;3696;0.0;;18.60;Tr;Tr;Tr;Tr;Tr;Tr;Tr;Tr;Tr;Tr;0;Tr;0.0;136.65;;Tr;Tr;Tr;Tr;0.0;Tr;0
Okra with tomatoes and onion, Greek, homemade;0;2.8;16.7;5.0;180;745;4.2;N;2.53;8;381;149;66;63;1.16;0.13;0.6;1;N;0;555;0.0;N;;0.17;0.05;0.9;0.18;0.0;43;13
Okra with tomatoes and onion, West Indian, homemade;0;3.0;7.7;4.7;98;406;4.0;N;0.74;25;407;158;71;68;1.36;0.14;0.6;1;N;0;657;0.0;N;;0.17;0.05;1.0;0.19;0.0;45;13
Okra, boiled in unsalted water;0;1,8;0,2;1,9;16;69;1,4;3,1;0,07;5;213;93;42;49;0,39;0,09;0,4;1;N;0;465;0;N;;0,13;0,05;0,9;0,19;0;46;16
Okra, raw;0;2.8;1.0;3.0;31;130;2.5;N;0.30;8;330;160;71;59;1.10;0.13;0.6;1;N;0;515;0.0;N;;0.20;0.06;1.0;0.21;0.0;88;21
Okra, stir-fried in corn oil;0;4.3;26.1;4.4;269;1122;3.6;N;3.30;13;480;220;110;89;1.50;0.19;1.0;2;N;0;560;0.0;4.50;;0.17;0.06;0.9;0.20;0.0;83;21
Olives, green, in brine, drained, flesh and skin;0;0.9;11.0;Tr;103;422;Tr;N;1.70;1330;91;61;22;17;1.00;0.23;N;N;N;0;180;0.0;1.99;;Tr;Tr;Tr;0.02;0.0;Tr;0
Olives, green, in brine, drained, flesh and skin, weighed with stones;0;0.7;8.8;Tr;82;337;Tr;N;1.40;1064;73;49;18;14;0.80;0.18;N;N;N;0;145;0.0;1.59;;Tr;Tr;Tr;0.02;0.0;Tr;0
Omelette, cheese, homemade;0;15.9;22.7;Tr;268;1113;Tr;0.0;9.55;337;110;280;17;277;1.11;0.04;2.1;15;39;196;48;1.9;3.71;;0.06;0.36;Tr;0.12;2.3;29;Tr
Omelette, curried, homemade;0;8.4;36.0;3.5;370;1529;1.4;N;20.52;384;232;78;26;134;4.48;0.10;0.9;13;46;424;230;2.2;1.49;;0.08;0.28;0.3;0.09;1.7;24;0
Omelette, plain, homemade;0;10.9;16.4;Tr;191;793;Tr;0.0;3.22;136;128;41;11;158;1.53;0.05;1.0;20;44;109;Tr;2.8;5.38;;0.07;0.35;Tr;0.10;2.3;28;0
Omelette, Spanish, homemade;0;5.6;7.6;5.9;112;470;3.2;N;1.19;55;226;29;15;89;1.04;0.06;0.6;8;19;43;219;1.1;1.80;;0.12;0.16;0.5;0.13;0.9;26;29
Onion sauce, made with semi-skimmed milk, homemade;0;3.0;4.7;9.0;88;370;4.8;1.0;1.88;65;154;96;11;78;0.21;0.03;0.4;1;21;N;40;N;N;;0.04;0.15;0.3;0.07;0.6;7;2
Onion sauce, made with skimmed milk, homemade;0;3.1;3.8;9.0;80;335;4.8;1.0;1.25;66;158;99;11;79;0.22;0.03;0.4;1;21;N;34;N;N;;0.04;0.14;0.3;0.07;0.5;7;2
Onion sauce, made with whole milk, homemade;0;3.3;5.5;7.8;91;382;4.8;0.7;2.68;59;162;108;12;89;0.16;0.02;0.5;1;26;N;35;N;N;;0.04;0.18;0.3;0.07;0.7;6;2
Onions, baked;0;1.2;0.2;9.9;43;185;7.7;2.7;Tr;4;172;37;10;29;0.37;0.05;0.2;Tr;2;0;12;0.0;0.36;;0.11;0.02;0.3;0.10;0.0;11;3
Onions, boiled in unsalted water;0;0.7;0.3;5.4;25;108;4.2;2.3;Tr;2;105;25;7;23;0.29;0.05;0.2;Tr;2;0;5;0.0;0.31;;0.03;Tr;0.3;0.07;0.0;8;4
Onions, dried, raw;0;8.8;1.2;70.2;309;1317;54.4;19.3;N;100;1209;263;69;201;2.63;0.35;1.2;N;16;0;88;0.0;2.54;;0.23;Tr;0.8;N;0.0;N;33
Onions, fried in butter;0;1.2;5.3;11.2;95;396;8.6;3.0;3.50;N;189;41;11;31;0.42;0.06;0.2;Tr;6;N;N;N;N;;0.12;0.03;0.4;0.10;0.0;7;3
Onions, fried in corn oil;0;1.2;5.3;11.2;95;396;8.6;3.0;0.74;4;189;41;11;31;0.42;0.06;0.2;Tr;2;0;14;0.0;1.18;;0.12;0.03;0.4;0.10;0.0;7;3
Onions, fried in lard;0;1.2;5.3;11.2;95;396;8.6;3.0;2.08;3;138;30;11;23;0.30;0.04;0.2;Tr;2;0;14;0.0;0.34;;0.12;0.03;0.4;0.10;0.0;7;3
Onions, fried in rapeseed oil;0;1.2;5.3;11.2;95;396;8.6;3.0;0.34;4;189;41;11;31;0.42;0.06;0.2;Tr;2;0;14;0.0;1.44;;0.12;0.03;0.4;0.10;0.0;7;3
Onions, fried in sunflower oil;0;1.2;5.3;11.2;95;396;8.6;3.0;0.62;4;189;41;11;31;0.42;0.06;0.2;Tr;2;0;14;0.0;2.85;;0.12;0.03;0.4;0.10;0.0;7;3
Onions, pickled, drained;0;0.9;0.2;4.9;24;101;3.5;1.6;Tr;450;93;22;5;23;0.20;0.04;0.1;1;3;0;10;0.0;0.31;;0.02;Tr;0.1;0.10;0.0;14;Tr
Onions, raw;0;1.0;0.1;8.0;35;150;6.2;2.2;Tr;3;138;30;8;23;0.30;0.04;0.1;Tr;2;0;10;0.0;0.29;;0.11;0.02;0.3;0.10;0.0;11;3
Orange juice, ambient, UHT;0;0.6;Tr;8.5;34;146;8.5;Tr;Tr;3;164;12;10;16;0.07;0.03;0.1;Tr;1;0;40;0.0;0.15;;0.33;0.02;0.4;0.04;0.0;32;31
Orange juice, chilled;0;0.9;Tr;8.6;36;153;8.6;Tr;Tr;1;158;8;9;15;0.07;0.03;Tr;Tr;1;0;40;0.0;0.15;;0.28;0.02;0.4;0.06;0.0;22;40
Orange juice, freshly squeezed;0;0.6;Tr;8.1;33;140;8.1;N;Tr;2;180;12;12;22;0.30;Tr;Tr;Tr;1;0;55;0.0;0.35;;0.08;0.02;0.2;0.05;0.0;28;48
Orange juice, freshly squeezed, weighed as whole fruit;0;0.3;Tr;3.7;15;64;3.7;Tr;Tr;1;83;5;5;10;0.10;Tr;Tr;Tr;1;0;25;0.0;0.16;;0.04;0.01;0.1;0.02;0.0;13;22
Orange roughy, raw;0;14.7;7.0;0.0;126;527;0.0;;0.30;77;330;12;21;150;0.30;0.05;0.3;65;N;N;Tr;N;N;;N;N;N;N;N;N;Tr
Oranges, flesh only;0;0.8;0.2;8.2;36;152;8.2;1.2;0.05;1;122;24;8;16;0.11;0.03;Tr;Tr;1;0;55;0.0;0.35;0.05;0.22;0.03;0.5;0.05;0.0;33;52
Oranges, flesh only, weighed with peel and pips;0;0.8;0.2;5.8;27;114;5.8;1.2;0.04;Tr;87;17;6;11;0.08;0.02;Tr;Tr;1;0;39;0.0;0.25;0.04;0.16;0.02;0.4;0.04;0.0;23;37
Oregano, dried, ground;0;9.0;4.3;N;N;N;4.1;42.5;1.55;25;1260;1597;270;148;36.80;0.63;2.7;5;N;0;1021;0.0;N;;0.18;0.53;4.6;1.04;0.0;237;2
Oregano, fresh;0;1.8;0.9;N;N;N;0.8;8.6;0.23;5;255;323;55;30;7.43;0.13;0.5;1;N;Tr;206;0.0;N;;0.04;0.11;0.9;0.21;0.0;48;45
Ortaniques, flesh only;0;1.0;0.2;11.7;49;205;11.7;;Tr;5;150;41;10;21;0.40;0.05;0.1;N;2;0;120;0.0;0.24;;0.10;0.04;0.4;0.10;0.0;31;50
Ovaltine powder, made up with semi-skimmed milk;0;3.9;1.7;13.4;81;343;9.5;0.5;1.11;51;156;196;51;N;1.57;N;1.5;N;N;105;N;0.6;1.36;;0.15;0.35;1.9;0.20;1.0;28;10
Ovaltine powder, made up with skimmed milk;0;3.9;0.4;13.5;70;298;9.6;0.5;0.27;53;161;200;52;N;1.58;N;1.5;N;N;90;N;0.6;1.33;;0.15;0.34;1.9;0.20;1.0;28;9
Ovaltine powder, made up with whole milk;0;3.8;3.4;13.3;96;405;9.4;0.5;2.19;51;157;196;51;N;1.57;N;1.6;N;N;121;N;0.6;1.12;;0.14;0.35;1.9;0.20;1.0;25;6
Ovaltine, powder;0;7.3;1.9;83.1;358;1524;48.3;4.3;1.40;120;156;800;375;N;14.00;N;10.0;N;N;800;N;5.0;12.00;;1.10;1.40;16.0;1.40;2.5;200;80
Oxtail, meat only, stewed with added salt;0;30.5;13.4;0.0;243;1014;0.0;;N;190;170;14;18;140;3.80;0.27;8.8;N;N;Tr;Tr;Tr;0.45;;0.02;0.28;3.3;0.14;2.0;9;0
Oxtail, meat only, stewed, weighed with fat and bones;0;11.6;5.1;0.0;92;386;0.0;;N;72;65;5;7;53;1.40;0.10;3.3;N;N;Tr;Tr;Tr;0.17;;0.01;0.11;1.3;0.05;1.0;3;0
Oxtail, raw;0;20.0;10.1;0.0;171;714;0.0;;4.20;110;270;9;20;160;2.70;0.20;5.6;N;N;Tr;Tr;Tr;0.29;;0.03;0.29;4.5;0.27;3.0;7;0
Oysters, raw;0;10.8;1.3;2.7;65;275;Tr;;0.20;510;260;140;42;210;5.70;7.50;59.2;23;60;75;Tr;1.0;0.85;;0.15;0.19;1.8;0.16;17.0;N;Tr
Oysters, raw, weighed with shells;0;1.5;0.2;0.4;9;38;Tr;;Tr;71;36;19;6;30;0.80;1.05;8.3;3;8;11;Tr;0.1;0.12;;0.02;0.03;0.3;0.02;2.0;N;Tr
Pak choi, steamed;0;1.5;0.1;1.9;14;58;1.5;2.0;0.02;39;287;73;16;47;0.96;0.06;0.4;Tr;1;0;328;0.0;0.40;;0.07;0.04;0.5;0.04;0.0;80;15
Pakora, vegetable, takeaway and restaurant;0;8.4;22.0;16.5;293;1221;1.5;3.3;3.73;479;504;46;47;157;2.45;0.33;1.1;N;N;Tr;133;0.0;3.36;;0.11;0.20;0.6;N;0.0;34;1
Pakora/bhajia, aubergine, fried in vegetable oil, homemade;0;7.9;22.5;17.2;294;1222;2.1;N;1.63;18;247;27;28;82;1.13;0.10;0.6;2;N;0;129;0.0;5.38;;0.12;0.06;0.7;0.16;0.0;36;2
Pakora/bhajia, cauliflower, fried in vegetable oil, homemade;0;9.2;23.9;18.2;320;1330;2.8;4.7;1.71;22;277;32;29;98;1.24;0.11;0.7;2;N;0;83;0.0;5.73;;0.14;0.11;1.0;0.19;0.0;48;27
Pakora/bhajia, onion, fried in vegetable oil, homemade;0;11.2;14.7;24.6;270;1130;3.4;5.7;1.09;15;213;44;34;115;1.55;0.15;0.8;N;N;0;88;0.0;3.98;;0.19;0.08;1.0;0.25;0.0;48;2
Pakora/bhajia, potato and cauliflower, fried in vegetable oil, homemade;0;8.6;22.3;23.9;325;1354;2.0;4.0;1.77;6;275;34;41;102;1.46;0.18;0.7;1;N;0;14;0.0;5.10;;0.16;0.07;0.8;0.25;0.0;36;8
Pakora/bhajia, potato, carrot and pea, fried in vegetable oil, homemade;0;12.5;22.7;28.9;355;1483;1.9;6.1;1.67;17;240;35;37;127;1.64;0.16;0.9;2;N;0;844;0.0;5.73;;0.23;0.08;1.1;0.20;0.0;53;2
Pakora/bhajia, potato, fried in vegetable oil, homemade;0;9.2;19.6;28.4;315;1316;1.4;5.0;1.41;24;404;27;36;100;1.24;0.14;0.7;1;N;0;111;0.0;4.79;;0.22;0.06;0.9;0.20;0.0;37;6
Pakora/bhajia, spinach, fried in vegetable oil, homemade;0;14.6;22.2;30.0;360;1505;1.9;N;1.65;91;355;91;56;149;2.44;0.19;1.2;3;N;0;1317;0.0;6.17;;0.22;0.13;1.6;0.27;0.0;74;6
Pakora/bhajia, vegetable, retail;0;6.4;14.7;21.4;238;995;2.4;N;1.00;430;490;99;47;130;3.70;0.21;1.1;1;N;0;965;0.0;3.66;72.10;0.17;0.10;1.2;0.23;0.0;30;7
Pakoras, homemade;0;8.1;8.1;19.7;173;728;2.1;N;0.66;63;348;54;37;90;1.50;0.12;0.7;2;N;0;743;0.0;2.39;;0.16;0.07;1.0;0.23;0.0;41;6
Pancakes (served with crispy duck), pancakes only, takeaway;0;7.8;7.9;53.3;305;1291;5.2;N;N;121;125;101;17;74;1.59;0.12;0.5;N;N;N;Tr;N;N;;0.27;N;0.9;0.05;N;N;Tr
Pancakes, savoury, made with semi-skimmed milk, homemade;0;6.9;8.4;26.6;203;855;3.8;1.1;1.95;53;190;127;16;129;0.79;0.05;0.7;5;30;30;7;0.4;1.60;;0.09;0.22;0.6;0.09;1.0;10;2
Pancakes, savoury, made with skimmed milk, homemade;0;6.9;7.3;26.7;193;815;3.9;1.1;1.22;55;195;131;17;130;0.79;0.05;0.7;5;30;17;Tr;0.4;3.08;0.58;0.08;0.22;0.4;0.09;1.0;12;Tr
Pancakes, savoury, wholemeal, made with whole milk, homemade;0;7.6;10.1;23.4;209;878;4.0;2.9;2.87;53;243;109;34;178;0.94;0.11;1.1;5;31;44;11;0.4;3.14;0.82;0.09;0.23;1.0;0.14;1.0;13;1
Pancakes, stuffed with vegetables, homemade;0;4.1;4.2;15.8;113;474;4.4;1.2;0.95;29;235;74;14;82;0.80;0.09;0.4;4;16;15;144;0.2;1.34;;0.12;0.14;0.9;0.11;0.5;12;4
Pancakes, stuffed with vegetables, wholemeal, homemade;0;4.4;5.0;14.2;115;484;4.5;2.1;1.39;29;261;66;23;106;0.87;0.12;0.6;4;17;21;147;0.2;2.08;;0.12;0.12;1.0;0.13;0.5;14;3
Pancakes, sweet, made with semi skimmed milk, homemade;0;6.3;7.4;37.9;234;988;17.0;1.0;1.22;51;174;116;15;118;0.78;0.06;0.7;4;27;17;Tr;0.4;3.13;;0.07;0.20;0.4;0.08;0.9;11;Tr
Pancakes, sweet, made with skimmed milk, homemade;0;6.3;7.4;37.9;234;988;17.0;1.0;1.22;51;174;116;15;118;0.78;0.06;0.7;4;27;17;Tr;0.4;3.13;0.57;0.07;0.20;0.4;0.08;0.9;11;Tr
Pancakes, sweet, made with whole milk, homemade;0;6.3;9.7;37.8;254;1071;16.9;1.0;2.67;49;171;113;15;118;0.77;0.06;0.7;4;27;41;9;0.4;3.17;0.96;0.07;0.20;0.4;0.08;0.9;10;1
Pangasius, flesh only, baked;0;21.8;2.3;0.0;109;458;0.0;0.0;0.72;299;430;14;42;243;0.13;0.03;0.5;27;2;Tr;Tr;2.0;0.34;;0.02;0.07;7.4;0.16;1.4;12;Tr
Pangasius, flesh only, poached;0;20.5;2.2;0.0;102;429;0.0;0.0;0.68;280;403;13;39;228;0.12;0.03;0.4;25;2;Tr;Tr;1.9;0.32;;0.02;0.08;7.8;0.16;1.4;14;Tr
Pangasius, flesh only, raw;0;14.9;1.6;0.0;74;313;0.0;0.0;0.49;204;293;10;29;166;0.09;0.02;0.3;18;3;Tr;Tr;1.4;0.23;;0.02;0.06;6.3;0.12;1.0;10;Tr
Papadums, takeaway;0;11.5;38.8;28.3;501;2084;Tr;6.3;7.95;N;609;N;121;196;4.44;0.36;1.7;15;N;N;N;0.0;3.70;;0.35;0.09;0.6;0.05;0.0;23;0
Papaya, flesh only, raw;0;0,7;0,6;9,5;44;186;9,5;1,8;0,19;14;215;21;17;9;0,22;0,03;0,1;1;Tr;0;466;0;0,35;;0,03;0,04;0,3;0,03;0;1;68
Papaya, flesh only, raw, weighed with skin and pips;0;0,4;0,4;5,7;27;113;5,7;1,1;0,11;8;129;13;10;5;0,13;0,02;0,1;1;Tr;0;280;0;0,21;;0,02;0,02;0,2;0,02;0;1;41
Papaya, unripe, green flesh, raw;0;0.9;0.1;5.5;27;113;N;;Tr;15;210;33;56;30;0.60;0.10;0.2;N;N;0;7;0.0;N;;0.01;0.02;0.2;N;0.0;N;31
Paprika;0;14.1;12.9;N;N;N;10.3;34.9;2.14;68;2280;229;178;314;21.14;0.71;4.3;6;N;0;29553;0.0;N;;0.33;1.23;10.1;2.14;0.0;49;1
Paratha, homemade;0;7.8;14.4;45.8;333;1398;0.7;4.9;8.51;118;190;21;46;165;1.50;0.20;1.4;4;6;153;97;0.1;0.86;;0.18;0.06;2.2;0.19;0.0;14;Tr
Parrot fish, raw;0;19.9;0.4;0.0;83;353;0.0;;0.10;82;420;45;N;160;1.00;N;N;N;N;N;Tr;N;N;;0.06;0.10;1.4;0.30;3.0;N;Tr
Parsley, dried;0;15.8;7.0;14.5;181;760;12.4;N;N;180;4090;1080;120;340;41.50;0.16;3.8;5;N;0;21750;0.0;9.15;;0.33;0.32;5.4;0.38;0.0;N;120
Parsley, fresh;0;3.0;1.3;2.7;34;141;2.3;N;N;33;760;200;23;64;7.70;0.03;0.7;1;N;0;4040;0.0;1.70;548.00;0.23;0.06;1.0;0.09;0.0;170;190
Parsnip, boiled in unsalted water;0;1,2;0,7;14,7;66;282;4,3;2,6;0,12;3;319;34;16;55;0,44;0,07;0,3;Tr;4;0;30;0;1,26;;0,06;0,02;0,6;0,16;0;49;10
Parsnip, raw;0;1.8;1.1;12.5;64;271;5.7;4.7;0.20;10;450;41;23;74;0.60;0.05;0.3;2;N;0;30;0.0;1.00;0.05;0.23;0.01;1.0;0.11;0.0;87;17
Parsnip, roasted in rapeseed oil;0;2,4;4,5;28,8;158;668;8,4;5,1;0,37;6;626;67;31;108;0,86;0,14;0,5;Tr;7;0;59;0;2,1;;0,12;0,04;1,2;0,31;0;96;20
Partridge, meat only, roasted;0;36.7;7.2;0.0;212;890;0.0;;1.90;100;410;46;36;310;7.70;N;N;N;N;N;N;N;N;;N;N;N;N;N;N;0
Partridge, meat only, roasted, weighed with bone;0;22.0;4.3;0.0;127;533;0.0;;1.10;60;240;28;22;190;4.60;N;N;N;N;N;N;N;N;;N;N;N;N;N;N;0
Passion fruit juice;0;0.8;0.1;10.7;47;189;10.7;;Tr;19;200;7;29;21;0.50;N;0.8;N;N;0;800;0.0;N;;0.01;0.07;0.7;N;0.0;N;21
Passion fruit, flesh and pips;0;2.6;0.4;5.8;36;152;5.8;N;0.10;19;200;11;29;64;1.30;N;0.8;N;N;0;750;0.0;N;;0.03;0.12;1.5;N;0.0;N;23
Passion fruit, flesh and pips, weighed with skin;0;1.7;0.2;3.5;22;92;3.5;;Tr;12;120;7;18;39;0.80;N;0.5;N;N;0;460;0.0;N;;0.02;0.07;0.9;N;0.0;N;14
Pasta and sauce mixes, dried, raw;0;12.8;4.9;70.0;358;1519;8.1;4.5;2.25;1165;409;78;52;344;1.73;0.27;1.5;8;11;19;112;0.2;0.81;;1.08;0.20;3.5;0.08;Tr;42;Tr
Pasta shapes, coloured, flavoured, dried, raw;0;11.0;1.6;75.4;341;1453;2.3;5.5;0.23;8;301;41;50;174;1.66;0.28;1.2;22;Tr;Tr;73;0.0;0.30;;0.17;0.03;2.7;0.12;0.0;26;0
Pasta with ham and mushroom sauce, homemade;0;5.7;5.3;16.2;132;554;1.0;1.2;3.18;96;158;73;17;119;0.45;0.12;0.8;6;Tr;65;39;Tr;0.18;;0.12;0.11;1.4;0.07;0.3;11;Tr
Pasta with meat and tomato sauce, homemade;0;6.6;4.1;20.4;140;590;1.9;2.1;1.41;90;158;24;20;81;0.81;0.14;1.1;5;4;Tr;148;0.1;0.97;;0.02;0.04;1.7;0.12;0.3;6;Tr
Pasta, egg, fresh, filled with cheese and tomato, boiled in unsalted water;0;8.7;5.9;28.1;193;816;0.2;2.3;3.12;210;93;115;18;126;0.69;Tr;0.8;6;8;80;N;0.3;0.91;;0.08;0.08;0.8;0.02;Tr;10;Tr
Pasta, egg, fresh, filled with cheese only, boiled in unsalted water;0;10.5;6.7;30.2;216;910;2.2;2.2;3.54;242;99;124;21;147;0.74;Tr;0.9;11;18;77;21;0.3;0.91;;0.07;0.10;0.8;0.02;Tr;10;0
Pasta, egg, fresh, filled with green vegetables/herbs and cheese, boiled in unsalted water;0;8.7;5.8;28.7;195;822;0.1;1.6;3.22;239;99;110;21;122;0.77;Tr;0.7;11;18;48;184;0.2;1.03;;0.08;0.08;0.7;0.02;Tr;12;Tr
Pasta, egg, fresh, filled with meat, boiled in unsalted water;0;10.1;4.7;31.3;200;846;1.0;1.9;1.81;298;115;69;20;124;0.94;0.10;0.9;9;8;22;11;0.3;0.62;;0.58;0.09;1.4;0.12;Tr;24;Tr
Pasta, egg, fresh, filled with mushrooms, boiled in unsalted water;0;8.1;4.3;27.1;173;730;0.7;1.9;2.27;212;116;85;18;121;0.85;Tr;0.7;13;11;Tr;Tr;Tr;N;;0.07;0.11;1.0;0.03;Tr;10;0
Pasta, egg, fresh, raw;0;10.6;2.9;57.0;282;1200;2.1;3.3;0.71;24;186;28;31;156;1.48;0.83;1.0;11;9;17;Tr;0.3;0.52;;0.15;0.09;2.1;0.01;Tr;18;0
Pasta, egg, white, dried, raw;0;12.9;3.6;74.8;365;1550;2.1;3.9;0.89;51;246;36;45;210;1.75;0.29;1.4;27;12;14;12;0.3;0.53;;0.16;0.08;2.6;0.12;Tr;35;0
Pasta, egg, white, tagliatelle, fresh, boiled in unsalted water;0;5.8;1.6;30.6;152;647;Tr;2.0;0.38;9;40;29;16;76;0.60;Tr;0.5;5;8;8;Tr;0.1;0.26;;0.08;0.04;0.7;0.01;Tr;6;0
Pasta, plain, fresh, boiled;0;6.6;1.5;31.8;159;677;0.6;;0.28;16;49;37;19;86;0.80;0.46;0.8;13;36;0;0;0.0;Tr;;0.06;0.03;0.7;0.02;0.0;4;0
Pasta, ravioli, meat filling, canned in tomato sauce;0;2.3;1.4;14.8;77;328;3.4;1.1;0.46;260;137;14;11;39;0.80;Tr;0.4;3;Tr;0;78;Tr;0.41;;0.07;0.06;0.8;0.09;Tr;3;Tr
Pasta, spaghetti, canned, in tomato sauce;0;2.1;0.3;16.2;72;306;5.5;0.9;0.05;190;122;13;9;27;0.57;Tr;0.2;2;Tr;0;88;0.0;0.29;;0.09;0.01;0.9;0.06;Tr;4;Tr
Pasta, white,  twists, fusilli, dried, boiled in unsalted water;0;4.8;0.4;32.9;146;623;0.6;2.6;0.06;5;40;25;22;77;0.71;0.19;0.6;6;4;0;0;0.0;0.08;;Tr;0.03;1.1;0.02;0.0;5;0
Pasta, white, dried, boiled in unsalted water;0;5.5;0.8;37.2;169;718;1.1;2.5;0.11;1;114;12;23;88;0.78;0.15;0.6;11;Tr;0;0;0.0;0.15;;0.08;0.01;1.6;0.07;0.0;9;0
Pasta, white, dried, raw;0;11.3;1.6;75.6;343;1461;2.1;N;0.23;2;232;24;47;179;1.59;0.30;1.2;22;Tr;0;0;0.0;0.30;0.21;0.17;0.03;3.3;0.14;0.0;19;0
Pasta, white, spaghetti, dried, boiled in unsalted water;0;4.4;0.6;31.5;141;601;1.0;1.7;0.09;3;41;27;21;66;0.63;Tr;0.5;8;Tr;0;0;0.0;0.11;0.05;0.08;0.01;0.9;0.01;0.0;8;0
Pasta, white, twists, fusilli, dried, boiled in salted water;0;5.0;0.7;32.9;150;637;0.6;2.6;0.11;174;40;25;22;77;0.71;0.19;0.6;6;4;0;0;0.0;0.08;;Tr;0.03;1.1;0.02;0.0;5;0
Pasta, wholewheat, spaghetti, dried, boiled in unsalted water;0;5.2;1.1;27.5;134;569;Tr;4.2;0.17;5;82;31;46;124;1.48;0.26;1.2;6;Tr;0;0;0.0;0.25;;0.11;0.02;1.8;0.02;0.0;8;0
Pasta, wholewheat, spaghetti, dried, raw;0;12.6;2.5;68.3;329;1400;3.9;11.7;0.40;3;426;39;103;333;3.25;0.54;2.8;15;Tr;0;0;0.0;0.60;;0.33;0.06;5.6;0.31;0.0;29;0
Pastichio;0;7.0;6.3;17.2;150;630;2.8;N;3.71;89;229;83;23;122;1.39;0.15;0.9;5;N;69;133;0.2;N;;0.10;0.14;0.8;0.13;0.4;11;7
Pastries, Asian;0;6.3;39.1;43.0;538;2242;22.6;;;190;170;160;19;130;0.90;0.15;0.6;N;N;;;N;N;;0.09;0.16;0.4;N;0.0;N;0
Pastries, chocolate eclairs, cream filled, retail;0;6.1;28.5;28.2;387;1609;24.0;1.4;13.59;125;161;83;22;120;1.80;0.10;0.6;6;12;240;90;0.3;1.25;;0.10;0.19;0.3;0.03;0.3;11;Tr
Pastries, chocolate eclairs, fresh, homemade;0;4.1;24.7;38.0;381;1590;26.0;N;13.23;86;96;39;15;71;0.86;0.11;0.5;5;N;N;188;N;N;;0.05;0.13;0.3;0.04;0.6;8;Tr
Pastries, cream filled, retail;0;3.3;27.4;41.4;415;1731;27.3;2.9;16.05;205;94;68;10;86;0.47;Tr;0.3;3;10;183;136;Tr;1.66;;0.05;0.05;0.4;0.03;0.2;6;1
Pastries, Danish, retail;0;4.9;29.2;43.6;446;1861;17.3;2.1;11.83;233;136;52;17;74;0.82;0.12;0.7;4;Tr;191;81;Tr;3.98;;0.08;0.03;0.8;0.04;0.1;21;0
Pastries, Greek, baklava, retail;0;6.7;25.1;54.1;456;1909;29.0;2.0;9.65;163;180;48;49;119;1.63;0.35;1.0;5;N;N;N;N;3.03;;0.09;0.04;1.0;N;N;9;N
Pastry, cheese, shortcrust, homemade;0;13.2;32.4;39.2;491;2049;0.5;1.9;20.16;394;117;303;21;233;1.04;0.08;1.7;3;19;353;194;0.3;0.90;;0.14;0.15;0.8;0.12;0.9;13;Tr
Pastry, choux, cooked, homemade;0;8.4;18.1;31.1;313;1309;0.2;1.5;5.82;204;126;57;14;114;1.41;0.08;0.7;10;N;N;131;N;N;0.29;0.11;0.19;0.6;0.09;1.1;12;0
Pastry, choux, uncooked, homemade;0;5.5;11.8;20.2;203;851;0.2;1.0;3.78;132;82;37;9;74;0.92;0.05;0.5;7;;N;85;N;N;0.19;0.09;0.15;0.4;0.08;0.7;16;0
Pastry, filo, retail, cooked;0;10.0;3.8;77.1;363;1544;3.1;4.5;0.42;460;156;141;23;102;1.94;Tr;0.6;6;Tr;0;Tr;0.0;0.39;;0.26;0.03;1.2;0.08;0.0;15;Tr
Pastry, filo, retail, uncooked;0;7.6;2.9;58.9;278;1180;2.4;3.4;0.32;350;119;108;17;78;1.48;Tr;0.5;5;Tr;0;Tr;0.0;0.30;;0.20;0.02;1.0;0.06;0.0;11;Tr
Pastry, flaky, cooked, homemade;0;5.7;37.4;48.3;540;2254;0.6;2.4;23.46;326;120;65;15;78;1.15;0.09;0.4;2;17;427;271;0.4;1.17;;0.13;0.06;1.0;0.08;0.1;5;1
Pastry, flaky, uncooked, homemade;0;4.3;28.3;36.6;409;1707;0.5;1.8;17.76;247;91;49;11;59;0.87;0.07;0.3;1;13;323;205;0.3;0.89;;0.13;0.05;0.8;0.08;0.1;7;1
Pastry, flaky/puff, retail, cooked;0;6.7;33.2;42.8;486;2027;1.9;3.5;15.92;427;112;98;13;61;1.44;Tr;0.4;3;Tr;0;Tr;0.0;2.52;;0.09;0.01;0.9;0.05;0.0;Tr;Tr
Pastry, flaky/puff, retail, uncooked;0;5.3;26.2;33.7;384;1600;1.5;2.8;12.56;337;89;77;10;49;1.14;Tr;0.3;2;Tr;0;Tr;0.0;1.99;;0.07;0.01;0.7;0.04;0.0;Tr;1
Pastry, shortcrust, cooked, homemade;0;6.6;29.9;57.1;509;2131;0.6;2.8;18.62;258;133;74;17;88;1.36;0.11;0.5;2;13;337;214;0.3;1.06;;0.15;0.05;1.1;0.09;0.1;6;Tr
Pastry, shortcrust, retail, cooked;0;6.9;37.9;47.5;547;2281;1.0;4.1;14.10;271;118;97;12;61;1.20;Tr;0.4;4;Tr;0;Tr;0.0;3.94;;0.10;0.01;1.0;0.05;0.0;8;Tr
Pastry, shortcrust, retail, uncooked;0;5.7;31.4;39.4;453;1889;0.9;3.4;11.68;224;97;80;10;51;0.99;Tr;0.3;3;Tr;0;Tr;0.0;3.26;;0.09;0.01;0.8;0.04;0.0;6;1
Pastry, shortcrust, uncooked, homemade;0;5.7;25.5;48.8;435;1823;0.5;2.4;15.93;222;114;64;15;76;1.18;0.09;0.4;2;12;288;183;0.3;0.91;;0.17;0.05;1.0;0.11;0.1;10;Tr
Pastry, wholemeal, cooked, homemade;0;8.3;30.0;48.9;487;2036;1.2;7.1;18.36;257;261;29;59;205;1.73;0.26;1.4;4;13;334;212;0.3;1.13;;0.19;0.08;3.3;0.26;0.1;9;Tr
Pastry, wholemeal, uncooked, homemade;0;7.2;25.9;42.3;421;1759;1.0;6.1;15.86;222;225;25;51;177;1.50;0.23;1.2;3;12;289;183;0.3;0.97;;0.22;0.08;3.0;0.30;0.1;16;Tr
Pasty, vegetable, homemade;0;4.2;19.1;30.0;301;1259;1.8;2.8;7.08;138;169;62;12;47;0.80;0.02;0.3;2;Tr;0;720;0.0;2.09;;0.11;0.01;0.7;0.06;0.0;13;5
Pasty, vegetable, wholemeal, homemade;0;4.9;15.2;30.7;272;1137;1.9;N;9.20;131;240;28;36;119;1.07;0.15;0.8;2;7;167;826;0.2;0.69;;0.15;0.05;1.9;0.16;0.1;14;5
Pate, liver;0;12.6;32.7;1.2;349;1443;0.4;0.6;9.50;750;150;16;11;450;5.90;0.46;2.8;N;N;7300;130;1.2;N;0.95;0.10;1.17;1.9;0.25;8.0;99;N
Pate, meat, reduced fat;0;18.0;12.0;3.0;191;798;1.3;0.8;3.50;710;190;14;14;240;6.40;0.46;2.7;N;N;5930;N;N;0.77;;0.46;1.12;7.1;0.35;12.0;31;18
Pate, tuna;0;16.2;26.8;1.5;312;1291;0.4;0.7;3.90;390;170;12;21;130;0.80;0.05;0.5;N;17;N;N;N;N;;0.02;0.09;10.1;0.34;3.0;4;1
Patra leaves, raw;0;4.0;1.5;2.6;39;165;2.2;;0.30;1;680;160;39;64;1.50;0.32;0.9;N;N;0;6400;0.0;N;;0.13;0.30;0.6;N;0.0;39;140
Pavlova, toffee/chocolate, no fruit;0;3.8;19.7;47.4;370;1551;45.3;1.1;10.83;67;133;44;15;48;0.53;0.11;0.3;N;N;155;50;Tr;1.00;;0.06;0.12;0.2;Tr;Tr;8;0
Pavlova, with fruit and cream;0;2.7;8.3;42.2;244;1028;41.0;1.9;4.56;41;80;26;6;27;0.25;Tr;0.1;N;N;75;44;N;0.21;;0.03;0.18;0.2;Tr;Tr;10;5
Peach melba, homemade;0;1.7;10.5;18.1;170;708;14.9;N;6.65;40;146;45;9;46;0.28;0.01;0.1;N;N;73;75;0.1;0.49;;0.07;0.14;0.3;0.02;0.3;6;3
Peaches, canned in juice, whole contents;0;0.6;Tr;9.7;39;165;9.7;N;Tr;12;170;4;7;19;0.40;0.04;0.1;Tr;N;0;67;0.0;N;;0.01;0.01;0.6;0.02;0.0;2;6
Peaches, canned in syrup, whole contents;0;0.5;Tr;14.0;55;233;14.0;N;Tr;4;110;3;5;11;0.20;Tr;Tr;Tr;N;0;75;0.0;N;;0.01;0.01;0.6;0.02;0.0;7;5
Peaches, flesh and skin, raw, weighed with stone;0;0.9;0.1;6.8;30;128;6.8;;Tr;1;140;6;8;20;0.40;0.05;0.1;1;3;0;103;0.0;N;5.22;0.02;0.04;0.5;0.02;0.0;3;28
Peaches, raw, flesh and skin;0;1.0;0.1;7.6;33;142;7.6;N;Tr;1;160;7;9;22;0.40;0.06;0.1;1;3;0;114;0.0;N;5.80;0.02;0.04;0.6;0.02;0.0;3;31
Peanut brittle, homemade;0;8.6;19.0;73.8;483;2031;71.8;;5.30;110;240;32;72;140;1.10;0.41;1.2;1;8;38;20;0.0;3.42;;0.38;0.03;4.5;0.19;0.0;36;0
Peanut butter, smooth;0;22.8;51.8;13.1;607;2514;6.7;6.6;12.78;350;700;37;180;330;2.10;0.70;3.0;3;N;0;0;0.0;4.99;;0.17;0.09;12.5;0.58;0.0;53;0
Peanuts and raisins;0;15.4;25.9;37.5;436;1821;34.0;N;4.90;28;824;54;133;274;3.07;0.74;2.3;5;N;0;5;0.0;5.65;;0.69;0.08;8.0;0.44;0.0;66;0
Peanuts, dry roasted;0;25.7;49.8;10.3;590;2444;3.8;7.6;8.90;790;730;52;190;420;2.10;0.64;3.3;3;19;0;0;0.0;1.11;0.31;0.18;0.13;13.1;0.54;0.0;44;0
Peanuts, kernel only, plain, unsalted;0;25.8;46.0;12.5;564;2341;6.2;N;8.66;2;670;60;210;430;2.50;1.02;3.5;3;20;0;0;0.0;10.09;;1.14;0.10;13.8;0.59;0.0;110;0
Peanuts, kernel only, plain, weighed with shells;0;17.7;31.8;8.6;389;1615;4.3;;5.98;1;460;41;140;300;1.70;0.70;2.4;2;14;0;0;0.0;6.97;;0.79;0.07;9.5;0.41;0.0;76;0
Peanuts, raisins and chocolate chips;0;12.4;25.4;44.4;445;1861;42.0;N;N;45;745;96;107;248;2.87;0.61;1.9;5;N;17;10;Tr;N;;0.51;0.19;5.5;0.37;0.5;48;Tr
Peanuts, roasted and salted;0;24.7;53.0;7.1;602;2495;3.8;8.0;9.50;400;810;37;180;410;1.30;0.54;2.9;4;19;0;0;0.0;0.66;;0.18;0.10;13.6;0.63;0.0;52;0
Pears, average, flesh and skin, raw, weighed with core and stalk;0;0.3;0.1;9.2;37;156;9.2;2.3;0.01;1;89;6;5;8;0.12;0.04;0.1;Tr;1;0;12;0.0;0.10;3.06;0.03;0.03;0.1;0.03;0.0;5;3
Pears, average, raw, flesh only;0;0.3;0.1;11.3;44;190;11.3;2.7;0.01;1;105;7;5;9;0.14;0.05;0.1;Tr;1;0;15;0.0;Tr;3.60;0.03;0.04;0.2;0.04;0.0;6;3
Pears, average, stewed with sugar;0;0.2;0.1;18.8;72;308;18.8;2.1;0.01;1;83;6;4;7;0.13;0.05;0.1;Tr;1;0;12;0.0;Tr;;0.02;0.02;0.1;0.03;0.0;1;2
Pears, average, stewed without sugar;0;0.3;0.1;9.8;38;165;9.8;2.3;0.01;1;91;6;4;8;0.12;0.04;0.1;Tr;1;0;13;0.0;Tr;;0.03;0.03;0.2;0.03;0.0;5;3
Pears, canned in juice, whole contents;0;0.3;Tr;8.5;33;141;8.5;N;Tr;3;81;6;5;10;0.20;Tr;0.1;Tr;Tr;0;Tr;0.0;Tr;;0.01;0.01;0.2;0.03;0.0;4;3
Pears, dried;0;1.6;0.5;52.4;207;884;52.4;;N;15;750;55;35;65;1.00;0.30;0.5;2;5;0;91;0.0;Tr;;N;N;N;N;0.0;Tr;Tr
Pears, Nashi, flesh and skin, raw;0;0.3;0.1;7.1;29;122;7.1;;Tr;6;110;5;7;11;0.10;0.08;0.1;N;1;0;Tr;0.0;0.50;;0.03;0.03;0.3;0.04;0.0;3;4
Pears, Nashi, flesh and skin, raw, weighed with core;0;0.3;0.1;6.3;26;110;6.3;;Tr;5;98;4;6;10;0.10;0.07;0.1;N;1;0;Tr;0.0;0.45;;0.03;0.03;0.3;0.04;0.0;3;4
Pears, raw, flesh and skin;0;0.3;0.1;10.9;43;182;10.9;2.7;0.01;1;105;7;5;9;0.14;0.05;0.1;Tr;1;0;14;0.0;0.12;3.60;0.03;0.04;0.2;0.04;0.0;6;3
Pears, raw, flesh only, peeled, weighed with skin and core;0;0.2;0.1;7.9;31;133;7.9;1.9;0.01;1;74;5;4;6;0.10;0.04;0.1;Tr;1;0;11;0.0;Tr;;0.02;0.03;0.1;0.03;0.0;4;2
Peas, boiled in unsalted water;0;6.7;1.6;10.0;79;329;1.2;5.6;0.30;Tr;230;19;29;130;1.50;0.03;1.0;Tr;2;0;250;0.0;0.21;39.00;0.70;0.03;1.8;0.09;0.0;27;16
Peas, canned in water, re-heated, drained;0;5.3;0.9;8.0;59;251;1,7;5.3;0.20;Tr;130;30;20;81;1.90;0.02;0.6;Tr;N;0;534;0.0;0.22;30.40;0.09;0.07;1.2;0.06;0.0;25;1
Peas, dried, boiled in unsalted water;0;6.9;0.8;19.9;109;465;0.9;;0.30;13;270;24;30;110;1.40;0.06;1.0;1;2;0;78;0.0;0.34;;0.11;0.07;1.0;0.03;0.0;N;Tr
Peas, dried, raw;0;21.6;2.4;52.0;303;1288;2.4;;0.40;38;990;61;120;300;4.70;0.17;3.7;3;7;0;245;0.0;1.04;;0.60;0.30;3.0;0.13;0.0;N;Tr
Peas, frozen, boiled in unsalted water;0;5.5;0.7;11.2;70;299;5.9;5.5;0.14;4;177;37;27;90;1.82;0.13;0.8;Tr;2;0;276;0.0;0.12;;0.40;0.07;1.7;0.07;0.0;31;12
Peas, frozen, microwaved;0;5.7;0.9;10.8;71;303;6.6;5.6;0.17;4;179;36;27;91;1.75;0.14;0.8;Tr;2;0;285;0.0;0.14;;0.59;0.08;2.2;0.11;0.0;60;17
Peas, frozen, raw;0;5.3;0.7;10.7;68;288;5.7;5.3;0.13;4;171;36;26;86;1.75;0.13;0.8;Tr;2;0;266;0.0;0.11;;0.60;0.08;2.3;0.12;0.0;50;22
Peas, mange-tout, boiled in unsalted water;0;3,3;0,4;4,2;32;137;3,7;1,6;0,08;1;169;45;21;60;0,83;0,08;0,5;Tr;8;0;164;0;0,54;15;0,13;0,06;0,6;0,09;0;12;6
Peas, mange-tout, raw;0;3.6;0.2;4.2;32;136;3.4;N;N;2;200;44;28;62;0.80;0.06;0.5;Tr;N;0;695;0.0;0.39;;0.22;0.15;0.6;0.18;0.0;10;54
Peas, mange-tout, stir-fried in rapeseed oil;0;2,8;4,9;3,6;69;286;3,2;1,4;0,3;1;143;38;18;51;0,7;0,07;0,4;Tr;6;0;139;0;1,54;;0,11;0,05;0,5;0,08;0;10;5
Peas, marrowfat, canned, re-heated, drained;0;6.9;0.8;13.8;87;368;0.9;5.0;0.10;160;160;26;22;100;1.50;0.04;0.7;N;N;0;60;0.0;0.30;;0.10;0.04;0.4;0.10;0.0;11;Tr
Peas, mushy, canned, re-heated;0;5.8;0.7;13.8;81;345;1.7;3.1;0.10;220;170;14;22;100;1.30;0.11;0.7;N;N;0;Tr;0.0;0.30;22.50;N;N;N;N;0.0;N;Tr
Peas, raw;0;6.9;1.5;11.3;83;344;2.3;5.3;0.56;1;330;21;34;130;2.80;0.05;1.1;Tr;2;0;300;0.0;0.21;39.00;0.74;0.02;2.5;0.12;0.0;62;24
Peas, split, dried, boiled in unsalted water;0;8.3;0.9;22.7;126;538;0.9;;0.20;14;270;11;30;120;1.70;0.06;1.4;N;N;0;49;0.0;0.28;;0.11;0.06;1.0;0.03;0.0;N;Tr
Peas, split, dried, raw;0;22.1;2.4;58.2;328;1396;1.9;;0.40;38;910;33;130;270;5.40;0.17;3.8;N;N;0;145;0.0;1.04;;0.70;0.20;3.2;0.13;0.0;N;Tr
Peas, sugar-snap, boiled in unsalted water;0;3.1;0.3;4.7;33;139;3.4;;N;4;130;41;19;42;0.60;0.05;0.4;Tr;N;0;180;0.0;N;;0.11;0.11;0.5;0.11;0.0;4;18
Peas, sugar-snap, raw;0;3.4;0.2;5.0;34;145;3.7;;N;4;150;54;25;53;0.80;0.10;0.6;Tr;N;0;200;0.0;N;;0.17;0.14;0.7;0.18;0.0;7;32
Pecan nuts, kernel only;0;9.2;70.1;5.8;689;2843;4.3;N;5.70;1;520;61;130;310;2.20;1.07;5.3;12;N;0;50;0.0;4.34;;0.71;0.15;1.4;0.19;0.0;39;0
Pecan nuts, kernel only, weighed with shells;0;4.5;34.3;2.8;337;1390;2.1;;2.80;Tr;250;30;64;150;1.10;0.52;2.6;6;N;0;25;0.0;2.12;;0.35;0.07;0.7;0.09;0.0;19;0
Peel, mixed;0;0.3;0.9;74,1;287;1224;51,2;4.5;N;280;21;130;12;6;1.30;0.15;0.2;N;N;0;Tr;0.0;N;;N;N;N;N;0.0;N;Tr
Pepper, black;0;10.4;3.3;N;N;N;0.6;25.3;1.39;20;1329;443;171;158;9.71;1.33;1.2;5;N;0;329;0.0;N;163.70;0.11;0.18;1.1;0.29;0.0;17;0
Pepper, capsicum, red, boiled in unsalted water;0;0.8;0.1;3.4;17;72;3.3;2.4;0.03;Tr;159;7;10;20;0.35;0.05;0.2;Tr;3;0;617;0.0;1.03;1.60;0.05;0.05;0.5;0.20;0.0;26;89
Pepper, capsicum, red, raw;0;0.8;0.2;4.3;21;89;4.2;2.2;0.05;1;216;7;11;23;0.39;0.05;0.2;Tr;3;0;580;0.0;0.95;1.60;0.07;0.06;0.5;0.23;0.0;75;126
Pepper, capsicum, yellow, boiled in unsalted water;0;0.9;0.3;5.3;26;111;5.1;2.4;Tr;1;218;8;11;24;0.55;0.06;0.2;Tr;3;0;154;0.0;0.74;;0.08;0.02;0.3;0.11;0.0;21;77
Pepper, capsicum, yellow, raw;0;0.8;0.2;4.6;23;96;4.4;2.2;Tr;1;189;7;10;21;0.48;0.05;0.2;Tr;3;0;134;0.0;0.64;;0.11;0.02;0.4;0.16;0.0;30;121
Pepper, cayenne, ground;0;12.0;17.3;31.7;318;1331;N;;2.60;30;2010;150;150;290;34.10;0.45;2.0;4;N;0;36810;0.0;N;;0.33;0.92;8.7;N;0.0;0;0
Pepper, white;0;10.4;2.1;N;N;N;N;26.2;0.63;5;73;270;90;180;14.30;0.91;1.1;3;N;0;Tr;0.0;N;;0.02;0.13;0.2;0.10;0.0;10;21
Peppermint creams, homemade;0;0.7;Tr;96.9;366;1562;95.9;Tr;Tr;23;21;2;1;2;0.46;0.05;0.1;1;Tr;0;0;0.0;Tr;;Tr;0.03;Tr;Tr;Tr;1;Tr
Peppermints;0;0.5;0.7;102.7;393;1678;102.7;0.0;N;9;Tr;7;3;Tr;0.20;0.04;N;Tr;N;0;0;0.0;0.00;;0.00;0.00;0.0;0.00;0.0;0;0
Peppers, capsicum, chilli, green, raw;0;2.9;0.6;0.7;20;83;0.7;N;N;7;220;30;24;80;1.20;N;0.4;N;N;0;175;0.0;N;;0.07;0.08;1.1;N;0.0;29;120
Peppers, capsicum, chilli, red, raw;0;1.8;0.3;4.2;26;109;4.2;;Tr;12;440;16;21;39;1.00;0.17;0.3;N;N;0;4105;0.0;N;;0.12;0.15;2.2;0.28;0.0;23;225
Peppers, capsicum, green, boiled in unsalted water;0;1.0;0.5;2.6;18;76;2.3;N;0.10;4;140;9;10;23;0.40;0.03;0.2;Tr;1;0;240;0.0;0.80;6.40;0.01;0.02;Tr;0.26;0.0;19;69
Peppers, capsicum, green, raw;0;0.8;0.3;2.6;15;65;2.4;N;0.10;4;120;8;10;19;0.40;0.02;0.1;Tr;1;0;265;0.0;0.80;6.40;0.01;0.01;0.1;0.30;0.0;36;120
Peppers, green, stuffed with rice, homemade;0;1.7;1.9;14.4;77;329;5.5;N;0.19;7;169;16;11;30;0.55;0.07;0.2;2;1;0;239;0.0;0.93;;0.04;0.01;0.4;0.18;0.0;17;39
Peppers, green, stuffed with vegetables, cheese topping, homemade;0;2.6;5.6;5.2;80;335;N;N;N;45;191;53;13;63;0.43;0.06;0.4;N;N;21;222;0.0;N;7.43;N;0.06;0.7;N;N;N;31
Peppers, stuffed with beef, rice and vegetables, homemade;0;6.2;4.3;9.2;99;415;2.5;N;1.78;52;194;19;14;62;0.90;0.05;1.1;3;4;Tr;195;0.2;0.74;;0.05;0.04;1.5;0.22;0.4;13;26
Pesto sauce, homemade;0;19.0;46.2;2.4;501;2073;N;N;12.26;291;267;487;68;423;2.26;0.60;3.5;N;N;163;658;0.1;3.84;;0.16;0.22;0.9;N;1.4;N;4
Pesto, green;0;5.6;42.5;3.9;420;1730;2.3;N;6.50;840;180;209;44;141;1.05;0.24;1.1;4;4;32;990;0.7;16.68;;0.06;0.12;0.6;0.03;0.0;16;Tr
Pesto, red;0;5.0;30.6;5.9;317;1311;5.2;3.3;4.68;770;N;N;N;N;N;N;N;N;N;13;1944;N;N;;N;N;N;0.00;N;N;Tr
Pheasant, meat only, roasted;0;27.9;12.0;0.0;220;918;0.0;0.0;4.10;66;360;28;26;220;2.20;0.10;1.3;14;N;N;N;N;N;;0.02;0.29;9.2;0.57;3.0;20;0
Pheasant, meat only, roasted, weighed with bone;0;14.5;6.2;0.0;114;476;0.0;;2.10;34;190;15;13;110;1.10;0.05;0.7;N;N;N;N;N;N;;0.01;0.15;4.8;0.30;1.0;10;0
Physalis, fruit only;0;1.8;0.2;11.1;53;218;11.1;;Tr;1;320;10;31;67;2.00;0.19;N;N;N;0;1430;0.0;N;;0.05;0.02;0.3;N;0.0;N;49
Piccalilli;0;1.0;0.5;17.6;84;360;14.8;N;0.10;740;40;16;6;17;0.60;0.03;0.1;N;N;0;N;0.0;N;;Tr;0.02;0.1;0.01;0.0;N;Tr
Pickle, sweet;0;0.6;0.1;28.0;111;476;24.6;1.2;Tr;1130;94;15;6;12;0.60;Tr;0.1;N;N;0;250;0.0;N;;0.03;0.01;0.1;0.01;0.0;Tr;Tr
Pie, apple, one crust, homemade;0;1.8;9.2;29.0;198;835;18.0;2.1;3.38;66;85;27;5;19;0.37;0.03;0.1;1;3;0;Tr;0.0;1.01;;0.04;0.01;0.3;0.04;0.0;2;7
Pie, apple, pastry top and bottom, homemade;0;2.9;15.2;32.1;268;1125;13.6;2.4;5.63;109;89;41;6;28;0.54;0.02;0.2;1;2;0;Tr;0.0;1.62;;0.05;0.01;0.4;0.04;0.0;2;6
Pie, apple, pastry, double crust, deep filled, retail;0;3.3;10.9;38.5;256;1075;18.0;;;163;85;45;8;51;0.30;0.04;0.2;N;N;N;N;Tr;N;;N;N;N;N;Tr;N;N
Pie, apple, pastry, double crust, retail;0;3.8;12.9;30.3;245;1026;7.0;2.6;4.04;158;97;66;10;71;0.34;0.02;0.3;2;N;35;20;Tr;1.25;;0.09;Tr;0.7;0.03;Tr;3;37
Pie, apple, wholemeal, one crust, homemade;0;2.3;7.7;29.9;190;801;18.0;2.8;4.60;65;122;11;17;55;0.52;0.09;0.3;1;6;83;53;0.1;0.36;;0.08;0.03;0.9;0.12;0.0;5;7
Pie, apple, wholemeal, pastry top and bottom, homemade;0;3.6;12.7;33.6;254;1068;13.7;3.7;7.68;108;151;15;26;88;0.78;0.13;0.6;1;7;139;88;0.1;0.53;1.07;0.12;0.05;1.5;0.17;0.0;8;5
Pie, banoffee;0;3.8;20.0;32.9;319;1331;20.9;1.8;11.20;164;163;84;15;89;0.34;0.08;0.4;N;N;105;70;N;1.11;;0.09;0.12;0.5;Tr;0.3;5;N
Pie, beef, puff or shortcrust pastry, family size, retail;0;8.9;13.0;18.1;220;921;1.2;2.0;5.53;332;150;41;12;91;1.10;0.07;1.7;3;3;Tr;44;Tr;0.77;;0.04;0.14;1.1;0.04;0.4;3;N
Pie, beef, puff or shortcrust pastry, individual, retail;0;9.2;17.7;25.5;292;1220;1.2;2.1;7.90;346;163;49;15;83;1.17;0.07;1.5;4;3;N;32;Tr;1.50;;0.08;0.15;2.1;0.20;1.2;2;N
Pie, cheese and potato, homemade;0;5.0;7.2;12.6;132;552;1.5;1.1;3.25;113;293;92;18;95;0.39;0.05;0.7;3;N;N;43;N;N;;0.15;0.11;0.4;0.07;0.6;17;6
Pie, chicken and mushroom, single crust, homemade;0;13.6;10.4;14.3;202;846;2.0;1.0;4.35;101;274;67;19;150;0.45;0.10;0.6;8;N;27;16;0.1;0.87;0.28;0.08;0.19;5.0;0.23;0.3;9;1
Pie, chicken, individual, baked;0;9.0;17.7;24.6;288;1202;1.6;1.7;7.00;270;140;60;15;90;0.80;0.06;0.6;N;N;Tr;Tr;N;N;;0.41;0.09;1.5;0.12;Tr;8;N
Pie, Cottage, homemade;0;6.3;6.3;10.4;126;527;1.6;1.3;2.36;155;279;17;15;66;0.59;0.04;1.1;3;6;N;N;N;N;;0.11;0.04;1.5;0.26;0.5;12;5
Pie, Cottage/Shepherd's, reheated;0;4.5;5.4;11.9;111;467;1.6;1.2;2.40;240;240;20;14;65;0.70;0.04;0.9;N;N;17;110;0.1;0.28;1.09;0.15;0.10;1.3;0.19;1.0;14;1
Pie, fish, white fish, homemade;0;8.6;2.1;12.7;101;428;1.5;1.0;0.80;56;366;36;22;102;0.28;0.04;0.4;13;N;N;16;N;N;;0.15;0.07;0.8;0.08;0.8;14;6
Pie, fish, white fish, retail, baked;0;6.6;4.8;14.4;124;521;1.8;2.1;2.55;254;300;86;21;119;0.35;0.04;0.5;7;33;83;6;2.8;0.51;;0.11;0.13;0.8;0.02;1.3;9;2
Pie, fruit, individual, retail;0;3.1;13.7;60.0;361;1520;31.0;4.3;4.87;115;117;33;11;53;0.62;0.07;0.2;2;N;Tr;Tr;0.0;2.17;;0.08;0.01;0.7;0.03;0.0;6;8
Pie, fruit, one crust, homemade;0;2.1;9.1;26.7;190;800;15.7;N;3.30;66;162;46;8;28;0.48;0.05;0.1;1;Tr;0;91;0.0;1.17;;0.04;0.02;0.4;0.03;0.0;2;5
Pie, fruit, pastry top and bottom, blackcurrant, homemade;0;3.2;15.1;31.0;264;1107;12.5;N;5.60;109;224;68;13;45;1.11;0.08;0.3;N;N;0;48;0.0;2.04;;0.04;0.03;0.5;0.05;0.0;N;72
Pie, fruit, pastry top and bottom, homemade;0;3.1;15.1;30.4;262;1099;12.0;N;5.61;109;146;56;9;34;0.60;0.04;0.2;1;Tr;0;67;0.0;1.74;;0.05;0.01;0.5;0.03;0.0;2;4
Pie, fruit, wholemeal, one crust, homemade;0;2.5;7.6;27.6;182;767;15.8;N;4.55;66;198;30;20;64;0.63;0.12;0.4;1;N;83;141;0.1;0.49;;0.08;0.04;1.1;0.10;Tr;6;5
Pie, fruit, wholemeal, pastry top and bottom, blackcurrant, homemade;0;3.9;12.5;32.5;250;1049;12.6;N;7.65;108;286;42;33;106;1.36;0.19;0.7;N;N;139;136;0.1;0.95;;0.12;0.06;1.6;0.18;Tr;N;72
Pie, fruit, wholemeal, pastry top and bottom, homemade;0;4.0;13.9;30.0;253;1061;12.1;N;4.23;165;199;29;39;103;1.30;0.17;0.9;2;N;49;91;0.6;2.99;;0.15;0.04;1.8;0.16;Tr;17;3
Pie, fruit, wholemeal, with pie filling, homemade;0;4.0;13.6;32.7;261;1095;8.1;3.2;N;139;161;29;29;100;1.30;0.13;0.6;2;N;152;105;0.1;N;;0.12;0.05;1.7;N;Tr;9;3
Pie, fruit, with pie filling, homemade;0;3.2;16.4;31.1;277;1157;8.1;1.8;N;139;94;57;8;34;1.04;0.01;0.2;2;N;0;9;0.0;N;;0.04;0.01;0.5;N;0.0;2;3
Pie, game, homemade;0;12.2;22.5;34.7;381;1595;3.4;;7.90;430;170;64;18;120;2.10;0.15;1.2;4;8;610;77;0.9;0.96;;0.21;0.24;3.0;0.21;3.0;75;1
Pie, lemon meringue, retail;0;2.9;8.5;43.5;251;1060;29.3;N;3.09;113;70;38;6;40;0.03;0.04;0.2;2;8;46;10;Tr;0.96;;0.08;0.04;0.4;0.02;Tr;6;5
Pie, lentil and cheese, homemade;0;11.0;9.3;14.5;182;763;1.5;N;3.84;173;260;143;31;186;2.35;0.21;1.6;17;N;61;N;0.0;N;;0.16;0.26;1.2;0.20;0.4;62;0
Pie, Quorn and vegetable;0;7.6;10.4;13.2;174;726;3.4;3.4;4.88;218;141;N;19;134;0.57;0.04;2.2;N;N;N;885;N;N;;0.08;0.17;0.4;0.07;0.5;8;2
Pie, spinach, homemade;0;6.2;13.3;8.6;177;736;2.6;N;5.62;327;406;194;38;108;1.80;0.06;0.7;2;N;44;2061;0.2;1.84;;0.11;0.11;0.8;0.44;0.2;45;10
Pie, steak and kidney, double crust, homemade;0;14.6;18.1;22.2;305;1275;0.9;1.8;8.53;263;233;53;17;149;2.48;0.13;2.7;31;N;17;Tr;N;1.36;;0.10;0.42;3.0;0.23;3.0;3;2
Pie, steak and kidney, single crust, homemade;0;17.0;13.1;15.3;243;1019;0.6;1.2;6.06;209;273;38;19;177;2.81;0.17;3.4;40;N;23;Tr;N;0.98;;0.12;0.55;3.6;0.30;4.0;2;1
Pie, turkey, single crust, homemade;0;13.8;10.4;14.9;205;858;2.4;1.5;4.33;108;253;70;19;148;0.68;0.04;1.2;7;N;26;784;0.1;0.77;;0.11;0.15;3.9;0.20;0.7;12;3
Pie, vegetable, homemade;0;2.9;9.4;17.1;160;668;2.8;N;2.59;107;253;39;14;46;0.72;0.05;0.3;1;N;0;1328;0.0;1.94;;0.15;0.13;1.2;0.15;Tr;35;9
Pie, vegetable, wholemeal, homemade;0;3.4;7.8;18.0;151;633;3.0;N;4.67;106;291;23;26;83;0.87;0.12;0.5;2;N;85;1382;0.1;0.67;;0.16;0.15;1.8;0.20;0.0;39;8
Pigeon, meat only, roasted;0;29.0;7.9;0.0;187;785;0.0;;N;92;400;32;30;310;7.20;0.33;1.7;N;N;N;N;N;Tr;;0.27;1.17;7.0;0.82;8.0;8;0
Pigeon, meat only, roasted, weighed with bone;0;13.6;3.7;0.0;88;368;0.0;;N;43;190;15;14;150;3.40;0.15;0.8;N;N;N;N;N;Tr;;0.13;0.55;3.3;0.38;4.0;4;0
Pilaf, rice with spinach, homemade;0;3.7;1.9;17.8;104;437;1.6;N;0.28;105;400;132;45;54;1.93;0.09;0.8;4;5;0;2639;0.0;1.52;;0.07;0.06;0.9;0.12;0.0;44;10
Pilaf, rice with tomato, homemade;0;2.9;2.6;27.9;147;624;0.9;0.7;0.35;326;82;8;10;39;0.67;0.10;0.5;5;5;0;56;0.0;0.48;;0.10;0.01;0.9;0.09;Tr;6;3
Pilau, egg and potato, brown rice, homemade;0;4.7;2.8;19.5;117;495;1.6;1.4;0.60;29;154;29;34;110;1.09;0.20;0.7;6;N;19;8;0.5;0.69;;0.12;0.08;1.2;N;0.3;13;6
Pilau, egg and potato, homemade;0;4.4;2.5;22.4;124;525;1.4;1.0;0.54;30;131;30;13;66;0.84;0.10;0.5;8;13;19;8;0.5;0.62;;0.09;0.08;0.6;0.12;0.3;13;6
Pilau, mushroom, homemade;0;2.5;3.5;23.9;138;584;0.8;0.7;2.00;2;91;9;9;43;0.66;0.12;0.5;7;4;31;65;0.0;0.25;;0.05;0.03;0.5;0.04;Tr;5;Tr
Pilau, prawn, homemade;0;5.2;3.2;24.8;149;628;0.8;0.6;1.86;60;76;18;13;59;0.85;0.12;0.6;10;9;33;24;0.0;0.41;;0.04;0.01;0.3;0.08;0.2;4;Tr
Pilau, vegetable, homemade;0;3.3;1.5;22.6;112;474;0.3;2.2;0.34;170;88;16;10;36;0.47;0.07;0.4;N;4;N;311;0.1;0.83;;0.01;0.06;Tr;0.09;Tr;8;Tr
Pine nuts, kernel only;0;14.0;68.6;4.0;688;2840;3.9;N;4.60;1;780;11;270;650;5.60;1.32;6.5;N;N;0;10;0.0;13.85;;0.73;0.19;3.8;N;0.0;N;Tr
Pineapple juice, unsweetened;0;0.3;0.1;10.5;41;177;10.5;Tr;Tr;8;53;8;6;1;0.20;0.02;0.1;Tr;Tr;0;8;0.0;0.03;;0.06;0.01;0.1;0.05;0.0;8;11
Pineapple, canned in juice, whole contents;0;0.3;Tr;12.2;47;200;12.2;N;Tr;1;71;8;13;5;0.50;0.08;0.1;Tr;Tr;0;12;0.0;0.05;;0.09;0.01;0.2;0.09;0.0;1;11
Pineapple, canned in syrup, whole contents;0;0.5;Tr;16.5;64;273;16.5;N;Tr;2;79;6;11;5;0.20;0.02;0.1;Tr;Tr;0;11;0.0;0.06;;0.07;0.01;0.2;0.07;0.0;1;13
Pineapple, dried;0;3,3;0,7;75,7;303;1292;75,7;8;Tr;Tr;807;96;72;41;1,07;0,6;0,7;Tr;Tr;0;120;0;0,4;;N;Tr;1,5;N;0;Tr;Tr
Pineapple, flesh only, raw;0;0,5;0,1;11,4;45;194;11,4;1,2;Tr;Tr;121;14;11;6;0,16;0,09;0,1;Tr;Tr;0;18;0;0,06;0,21;0,08;Tr;0,3;0,1;0;12;53
Pineapple, flesh only, raw, weighed with skin and top;0;0,2;0,1;5;20;86;5;0,5;Tr;Tr;52;6;5;3;0,07;0,04;0,1;Tr;Tr;0;8;0;0,03;0,09;0,03;Tr;0,1;0,04;0;5;23
Pinni, homemade;0;5.4;31.4;59.5;527;2203;40.9;N;15.46;4;160;37;48;124;1.00;0.23;0.9;2;11;235;476;0.3;4.25;;0.10;0.10;1.2;0.09;Tr;11;0
Pistachio nuts, kernel only, roasted and salted;0;17.9;55.4;8.2;601;2485;5.7;7.4;7.40;530;1040;110;130;420;3.00;0.83;2.2;6;N;0;130;0.0;4.16;;0.70;0.23;1.7;N;0.0;58;0
Pistachio nuts, kernel only, roasted and salted, weighed with shells;0;9.9;30.5;4.6;331;1370;3.2;;4.10;290;570;61;71;230;1.70;0.46;1.2;3;N;0;71;0.0;2.28;;0.39;0.13;0.9;N;0.0;32;0
Pizza base, raw;0;7.8;4.8;57.5;290;1229;3.4;2.5;N;400;124;86;18;85;1.55;0.09;0.7;N;N;N;N;N;N;;0.41;0.03;1.7;0.03;0.0;8;0
Pizza, cheese and tomato, retail;0;12.2;9.8;36.1;272;1148;3.9;2.9;4.12;397;223;217;24;179;1.09;0.10;1.3;4;17;119;91;Tr;1.68;;0.15;0.15;1.0;Tr;0.4;4;2
Pizza, chicken topped, retail;0;13.4;8.3;31.3;246;1036;2.1;2.7;N;380;270;217;27;190;1.30;0.12;1.6;N;N;N;N;N;N;;0.28;0.14;2.9;0.07;0.4;9;3
Pizza, fish topped, takeaway;0;13.3;7.5;28.0;226;952;2.0;N;3.24;400;179;173;24;170;1.20;0.10;1.3;10;59;N;N;N;N;;0.15;0.10;2.3;0.05;1.1;5;2
Pizza, ham and pineapple, retail;0;13.5;8.6;34.4;260;1098;3.1;2.5;N;400;226;221;23;210;1.30;0.10;1.5;N;N;N;N;N;N;;0.28;0.16;2.3;0.05;0.5;6;0
Pizza, meat topped, retail and takeaway;0;13.2;10.3;29.1;255;1071;1.8;2.0;3.95;440;196;203;23;190;1.20;0.10;1.6;7;N;N;N;N;0.93;;0.23;0.13;1.9;0.05;0.8;7;0
Pizza, tomato, homemade;0;3.3;10.6;22.6;193;808;3.0;;1.50;340;230;41;14;57;1.00;0.09;0.3;1;4;0;380;0.0;1.35;;0.11;0.04;1.0;0.11;0.0;22;5
Pizza, vegetarian, retail and takeaway;0;10.8;6.9;29.6;216;913;2.4;3.1;N;330;192;196;22;160;1.17;0.11;1.3;N;34;42;114;N;1.52;;0.23;0.11;1.4;0.05;Tr;7;4
Plaice, flesh only, baked;0;21.3;1.6;0.0;99;419;0.0;0.0;0.28;191;293;22;27;203;0.13;0.01;0.6;45;40;Tr;Tr;Tr;0.74;;0.30;0.15;2.5;0.27;1.5;12;Tr
Plaice, flesh only, raw;0;16.4;1.2;0.0;76;323;0.0;0.0;0.22;147;226;17;21;157;0.10;0.01;0.5;35;31;Tr;Tr;Tr;0.57;;0.33;0.14;2.5;0.23;1.3;12;Tr
Plaice, flesh only, steamed;0;19.5;1.4;0.0;91;383;0.0;0.0;0.26;175;269;21;25;187;0.12;0.01;0.5;41;37;Tr;Tr;Tr;0.68;;0.35;0.17;2.6;0.27;1.5;14;Tr
Plaice, flesh only, steamed, fillets weighed with bones and skin;0;14.5;1.1;0.0;68;287;0.0;0.0;0.19;130;200;15;18;139;0.09;0.01;0.4;31;27;Tr;Tr;Tr;0.50;;0.26;0.12;2.0;0.20;1.1;11;Tr
Plaice, in batter, fried in blended oil;0;15.2;16.8;12.0;257;1072;Tr;N;1.80;210;210;73;20;170;0.50;0.06;0.7;30;16;N;Tr;Tr;1.48;;0.19;0.32;1.8;0.12;N;27;Tr
Plaice, in batter, fried in retail blend oil;0;15.2;16.8;12.0;257;1072;Tr;0.5;8.66;210;210;73;20;170;0.50;0.06;0.7;30;16;Tr;Tr;Tr;1.48;;0.19;0.32;1.8;0.12;N;27;Tr
Plaice, in batter, fried in sunflower oil;0;15.2;16.8;12.0;257;1072;Tr;0.5;8.66;210;210;73;20;170;0.50;0.06;0.7;30;16;Tr;Tr;Tr;N;;0.19;0.32;1.8;0.12;N;27;Tr
Plaice, in breadcrumbs, baked;0;14.4;11.6;21.5;243;1018;1.3;1.5;1.23;275;178;61;22;126;0.77;0.05;0.6;30;16;N;N;Tr;3.32;;0.32;0.14;2.3;0.09;1.6;9;Tr
Plantain, boiled in unsalted water, flesh only;0;0.8;0.2;28.5;112;477;5.5;N;0.10;4;400;5;33;31;0.50;0.08;0.2;2;N;0;350;0.0;0.20;0.06;0.03;0.04;0.5;0.24;0.0;22;9
Plantain, green flesh, raw;0;1.1;0.3;29.4;117;500;5.7;;0.10;4;500;9;37;36;0.50;0.08;0.1;2;N;0;360;0.0;0.20;;0.10;0.05;0.7;0.30;0.0;22;15
Plantain, ripe, fried in rapeseed oil;0;1.5;9.2;47.5;267;1126;11.5;N;0.69;3;610;6;54;66;0.80;0.20;0.4;3;N;0;N;0.0;N;10.40;0.11;0.02;0.6;1.00;0.0;37;12
Plums, average, flesh and skin, stewed with sugar, weighed with stones;0;0.5;0.1;17.0;67;284;17.0;;Tr;2;191;11;7;18;0.34;0.09;0.1;Tr;Tr;0;299;0.0;0.48;5.97;0.03;0.02;0.7;0.03;0.0;1;3
Plums, average, flesh and skin, stewed without sugar;0;0.5;0.1;7.3;30;129;7.3;;Tr;2;200;11;7;19;0.33;0.08;0.1;Tr;Tr;0;313;0.0;0.51;6.25;0.03;0.02;0.7;0.03;0.0;1;3
Plums, average, flesh and skin, stewed without sugar, weighed with stones;0;0.5;0.1;6.9;29;123;6.9;;Tr;2;190;10;7;18;0.31;0.08;0.1;Tr;Tr;0;297;0.0;0.48;5.94;0.03;0.02;0.7;0.03;0.0;1;3
Plums, average, stewed with sugar, flesh and skin;0;0.5;0.1;17.9;70;299;17.9;N;Tr;2;201;12;7;19;0.36;0.10;0.1;Tr;Tr;0;315;0.0;0.51;6.28;0.03;0.02;0.7;0.03;0.0;1;3
Plums, dessert, flesh and skin, raw;0;0,6;0,3;9,7;41;177;9,7;1,3;0,02;Tr;187;7;7;17;0,12;0,06;0,1;Tr;Tr;0;94;0;0,27;7,5;0,03;0,01;0,9;0,02;0;1;1
Plums, dessert, flesh and skin, raw, weighed with stones;0;0,6;0,2;9,4;40;170;9,4;1,3;0,02;Tr;181;6;7;17;0,12;0,06;0,1;Tr;Tr;0;91;0;0,26;7,28;0,03;0,01;0,9;0,02;0;1;1
Plums, Victoria, flesh and skin, raw;0;0.6;0.1;9.6;39;168;9.6;;Tr;2;190;11;7;16;0.40;0.10;Tr;Tr;Tr;0;295;0.0;0.61;;0.05;0.03;0.5;0.05;0.0;3;6
Plums, Victoria, flesh and skin, raw, weighed with stones;0;0.5;0.1;9.0;37;156;9.0;;Tr;2;180;10;7;15;0.40;0.09;Tr;Tr;Tr;0;275;0.0;0.57;;0.05;0.03;0.5;0.05;0.0;3;6
Plums, Victoria, stewed without sugar;0;0.5;0.1;8.3;34;145;8.3;;Tr;2;170;10;6;14;0.30;0.09;Tr;Tr;Tr;0;69;0.0;0.53;;0.03;0.02;0.3;0.03;0.0;2;4
Plums, Victoria, stewed without sugar, weighed with stones;0;0.5;0.1;7.9;33;139;7.9;;Tr;2;160;9;6;13;0.30;0.09;Tr;Tr;Tr;0;65;0.0;0.50;;0.03;0.02;0.3;0.03;0.0;2;4
Plums, yellow, flesh and skin, raw;0;0.5;0.1;5.9;25;107;5.9;;Tr;1;190;7;5;23;0.20;0.10;0.1;Tr;Tr;0;125;0.0;0.61;;0.03;0.05;0.6;0.05;0.0;3;5
Plums, yellow, flesh and skin, raw, weighed with stones;0;0.5;0.1;5.7;24;103;5.7;;Tr;1;180;7;5;22;0.20;0.10;0.1;Tr;Tr;0;120;0.0;0.59;;0.03;0.05;0.6;0.05;0.0;3;5
Polenta, hydrated, raw;0;1.9;0.4;15.2;68;290;Tr;1.7;0.05;541;27;6;7;20;0.13;Tr;0.1;Tr;Tr;0;Tr;0.0;Tr;;0.05;Tr;0.3;0.02;0.0;5;0
Pollock, Alaskan, flesh only, baked;0;28.2;1.2;0.0;124;523;0.0;0.0;0.24;117;371;21;51;207;0.31;0.05;0.7;46;97;Tr;Tr;Tr;1.03;;0.04;0.12;3.6;0.06;3.6;7;Tr
Pollock, Alaskan, flesh only, raw;0;16.4;0.7;0.0;72;305;0.0;0.0;0.14;68;216;12;30;120;0.18;0.03;0.4;27;56;Tr;Tr;Tr;0.60;;0.03;0.09;2.6;0.04;2.3;5;Tr
Pollock, Alaskan, flesh only, steamed;0;27.4;1.2;0.0;120;508;0.0;0.0;0.23;114;360;20;49;201;0.30;0.05;0.6;44;94;Tr;Tr;Tr;1.00;;0.05;0.15;3.9;0.07;3.9;9;Tr
Pomegranate juice drink;0;0.2;Tr;11.6;44;189;11.6;Tr;Tr;1;200;3;3;8;0.20;0.07;N;N;N;0;33;0.0;N;;0.02;0.03;0.2;0.31;0.0;N;30
Pomegranate, flesh and pips;0;1.3;0.2;11.8;51;218;11.8;N;Tr;2;240;12;11;29;0.70;0.17;0.4;N;N;0;33;0.0;N;;0.05;0.04;0.3;0.31;0.0;N;13
Pomegranate, flesh and pips, weighed with skin;0;0.9;0.1;7.7;33;142;7.7;;N;1;160;8;7;19;0.50;0.11;0.3;N;N;0;21;0.0;N;;0.03;0.03;0.2;0.20;0.0;N;8
Pomelo, flesh only;0;0.6;0.2;6.8;30;126;6.8;;Tr;1;230;27;6;20;0.30;0.05;0.1;N;N;0;23;0.0;0.09;;0.05;0.03;0.2;0.04;0.0;26;45
Pomelo, flesh only, weighed with peel and pips;0;0.4;0.1;4.1;18;76;4.1;;N;1;140;16;4;12;0.20;0.03;0.1;N;N;0;14;0.0;0.05;;0.03;0.02;0.1;0.02;0.0;16;27
Pomfret, black, raw;0;18.8;2.6;0.0;99;416;0.0;;0.70;110;430;32;N;250;1.90;N;N;N;N;Tr;Tr;Tr;N;;0.02;0.09;2.1;N;N;N;Tr
Pomfret, white, raw;0;18.3;2.1;0.0;92;389;0.0;;0.60;94;320;72;N;300;0.90;0.05;1.3;N;N;Tr;Tr;Tr;N;;0.16;0.19;3.7;0.45;2.0;N;Tr
Popcorn, candied;0;6.9;23.8;60.7;469;1969;15.0;9.5;N;Tr;N;N;N;N;N;N;N;N;Tr;0;N;0.0;N;;N;N;N;N;0.0;N;0
Popcorn, salted, retail;0;9.0;23.5;59.3;470;1971;0.6;9.3;N;730;N;N;N;N;N;N;N;N;N;0;N;0.0;N;;N;N;N;N;0.0;N;0
Poppy seeds;0;20.6;47.1;N;N;N;N;;6.80;21;700;1580;330;840;11.10;1.63;8.5;N;N;0;Tr;0.0;2.72;;0.85;0.17;1.0;0.44;0.0;0;0
Pork chops in mustard and cream, homemade;0;15,5;19,4;1;263;1090;1;0,2;7,61;200;296;29;23;150;0,57;0,05;1;N;N;54;32;0,6;0,57;;0,31;0,1;4,5;0,17;0,3;3;Tr
Pork chops in mustard and cream, homemade, weighed with bone;0;13,6;17;0,9;230;954;0,9;0,1;6,66;175;259;25;21;132;0,5;0,04;0,9;N;N;47;28;0,6;0,5;;0,27;0,08;3,9;0,15;0,3;3;Tr
Pork pie, individual;0;9.9;26.0;25.7;370;1542;1.5;2.9;10.12;542;153;53;7;23;2.89;0.04;0.5;1;2;Tr;Tr;Tr;2.11;;0.08;0.11;1.7;0.18;0.2;2;4
Pork scratchings;0;47.9;46.0;0.2;606;2520;0.2;N;16.58;1320;300;32;18;180;2.40;0.20;1.6;N;N;0;0;Tr;N;;0.56;0.20;4.2;0.05;N;N;0
Pork, belly joint, roasted, lean and fat;0;25.1;21.4;0.0;293;1219;0.0;0;7,43;90;310;9;20;190;0.70;0.06;2.5;15;N;Tr;Tr;1;0,31;;0.47;0.19;8.4;0.30;0,5;3;0
Pork, belly joint/slices, grilled, lean and fat;0;27.4;23.4;0.0;320;1332;0.0;0.0;8,23;97;350;20;23;220;0.90;0.12;2.9;17;N;Tr;Tr;1,1;0,31;;0.60;0.18;7.0;0.38;0,5;8;0
Pork, belly joint/slices, raw, lean and fat;0;19.1;20.2;0.0;258;1072;0.0;0;7,25;69;290;6;17;160;0.60;0.08;1.7;12;N;Tr;Tr;0.8;0,22;;0.43;0.22;5.0;0.39;0,5;8;0
Pork, belly joint/slices, raw, lean and fat, weighed with bone;0;17.6;18.6;0.0;238;987;0.0;0;6,67;75;270;6;16;150;0.60;0.07;1.6;11;N;Tr;Tr;0.7;0,2;;0.40;0.20;4.6;0.36;0,5;7;0
Pork, crackling, cooked;0;36.2;45.0;0.0;550;2280;0.0;;15.30;N;N;N;N;N;N;N;N;N;N;Tr;Tr;N;N;;N;N;N;N;N;N;0
Pork, diced, casseroled, lean;0;36,8;5,3;0;195;821;0;0;1,75;89;599;8;41;326;1,02;0,03;2,9;35;Tr;Tr;Tr;1;0,38;;0,59;0,11;13,5;0,43;0,6;8;0
Pork, diced, casseroled, lean and fat;0;36,3;6,4;0;203;854;0;0;2,14;88;590;8;40;321;1;0,03;2,9;35;Tr;Tr;Tr;1;0,38;;0,58;0,11;13,3;0,42;0,6;8;0
Pork, diced, kebabs, grilled, lean;0;37,9;5,4;0;200;845;0;0;1,8;92;618;8;43;336;1,05;0,03;3;36;Tr;Tr;Tr;1;0,39;;0,6;0,12;13,9;0,45;0,7;8;0
Pork, diced, kebabs, grilled, lean and fat;0;37,4;6,5;0;208;877;0;0;2,19;91;608;8;42;331;1,03;0,03;3;36;Tr;Tr;Tr;1;0,39;;0,59;0,12;13,7;0,44;0,7;8;0
Pork, diced, raw, lean;0;23,1;3,3;0;122;515;0;0;1,1;56;377;5;26;205;0,64;0,02;1,8;22;Tr;Tr;Tr;0,6;0,3;;0,46;0,09;10,6;0,34;0,5;5;0
Pork, diced, raw, lean and fat;0;22,8;4,5;0;132;554;0;0;1,54;55;372;5;26;202;0,63;0,02;1,8;22;Tr;Tr;Tr;0,6;0,3;;0,45;0,09;10,4;0,34;0,5;5;0
Pork, fat, average, cooked;0;14.2;50.9;0.0;515;2125;0.0;0.0;17.90;69;240;10;14;140;0.60;0.05;0.9;9;N;Tr;Tr;2.1;0,31;0.35;0.37;0.16;3.8;0.16;Tr;2;0
Pork, fat, average, raw;0;10.1;56.4;0.0;548;2259;0.0;0.0;20.40;47;160;9;9;91;0.40;0.04;0.6;7;N;Tr;Tr;1.3;0,38;0.18;0.20;0.13;2.1;0.11;0,5;2;0
Pork, fillet medallions, grilled lean;0;36,3;0,8;0;152;646;0;0;0,25;67;668;10;45;358;1,57;0,08;2,7;29;Tr;Tr;Tr;0,2;0,46;;1,37;0,45;14,2;0,51;0,8;6;0
Pork, fillet medallions, grilled, lean and fat;0;35,9;1,9;0;161;680;0;0;0,67;66;658;10;44;353;1,54;0,08;2,7;29;Tr;Tr;Tr;0,3;0,46;;1,35;0,44;14;0,5;0,8;6;0
Pork, fillet medallions, raw, lean;0;22,8;0,5;0;96;406;0;0;0,16;42;420;6;28;225;0,99;0,05;1,7;18;Tr;Tr;Tr;0,1;0,29;;0,86;0,28;8,9;0,32;0,5;4;0
Pork, fillet medallions, raw, lean and fat;0;22,6;1,8;0;106;450;0;0;0,65;42;414;6;28;222;0,97;0,08;1,7;18;Tr;Tr;Tr;0,1;0,29;;0,85;0,27;8,8;0,32;0,5;4;0
Pork, fillet strips, stir-fried in rapeseed oil, lean;0;35,8;2,7;0;168;709;0;0;0,38;66;659;9;44;353;1,56;0,08;2,7;28;Tr;Tr;Tr;0,8;0,79;;1,08;0,35;11,2;0,4;0,6;6;0
Pork, hand, shoulder joint, raw, lean;0;20.8;4.2;0.0;121;509;0.0;;1,36;73;370;6;23;210;0.90;0.08;2.6;13;N;Tr;Tr;0.5;0,3;;0.95;0.26;7.8;0.52;0,5;3;0
Pork, hand, shoulder joint, raw, lean and fat;0;18.1;16.2;0.0;218;907;0.0;;5.30;67;320;7;20;180;0.80;0.07;2.1;11;N;Tr;Tr;0.8;0,33;;0.76;0.23;6.4;0.41;0,5;3;0
Pork, hand, shoulder joint, roasted, lean;0;30.8;8.8;0.0;202;849;0.0;;3,02;78;380;7;26;240;1.30;0.12;4.3;18;N;Tr;Tr;0.7;0,16;;0.99;0.34;3.7;0.40;0,5;1;0
Pork, hand, shoulder joint, roasted, lean and fat;0;27.5;16.5;0.0;259;1078;0.0;;5.70;77;350;7;24;220;1.20;0.11;3.7;16;N;Tr;Tr;1.0;0,21;;0.87;0.30;3.6;0.35;0,5;1;0
Pork, lean, average, raw;0;22,2;3,1;0;116;491;0;0;1,04;57;387;6;25;211;0,75;0,05;2,1;18;N;Tr;Tr;0,4;0,29;;0,71;0,19;8,7;0,38;0,5;6;0
Pork, leg joint, raw, lean;0;23,1;3,3;0;122;515;0;0;1,1;56;377;5;26;205;0,64;0,02;1,8;22;Tr;Tr;Tr;0,6;0,3;;0,46;0,09;10,6;0,34;0,5;5;0
Pork, leg joint, raw, lean and fat;0;19,9;15;0;215;894;0;0;5,32;51;330;4;23;180;0,56;0,02;1,5;20;Tr;Tr;Tr;0,9;0,33;;0,41;0,08;9;0,29;0,5;5;0
Pork, leg joint, raw, lean and fat, trimmed;0;22,4;5,8;0;142;595;0;0;1,99;55;367;5;25;200;0,62;0,02;1,7;22;Tr;Tr;Tr;0,7;0,3;;0,45;0,09;10,3;0,33;0,5;5;0
Pork, leg joint, roasted, lean and fat;0;29,6;15,9;0;261;1091;0;0;5,64;53;341;5;25;206;0,84;0,06;2,4;25;Tr;Tr;Tr;1,2;0,2;;0,5;0,22;9,4;0,15;0,4;Tr;0
Pork, leg joint, roasted, lean and fat, trimmed;0;32,5;8,1;0;203;852;0;0;2,85;57;377;6;28;229;0,95;0,06;2,7;27;Tr;Tr;Tr;1,1;0,17;;0,56;0,25;10,7;0,17;0,4;Tr;0
Pork, leg joint, roasted, lean;0;33,3;5,9;0;186;784;0;0;2,04;58;387;6;29;236;0,98;0,06;2,8;28;Tr;Tr;Tr;1;0,16;;0,58;0,26;11,1;0,17;0,4;Tr;0
Pork, loin chops, grilled, lean;0;35,1;5,9;0;194;815;0;0;2,15;57;453;6;33;262;0,62;0,08;2,1;29;Tr;Tr;Tr;1,2;0,16;;0,78;0,18;8,7;0,19;0,5;4;0
Pork, loin chops, grilled, lean and fat;0;33,3;11,5;0;237;991;0;0;4,27;54;422;6;30;243;0,58;0,08;1,9;27;Tr;Tr;Tr;1,3;0,17;;0,72;0,16;8,2;0,18;0,5;4;0
Pork, loin chops, raw, lean and fat;0;21,3;11,7;0;191;795;0;0;4,38;45;360;5;23;187;0,41;0,06;1,3;17;Tr;Tr;Tr;0,6;0,27;;0,57;0,11;8,3;0,28;0,4;4;0
Pork, loin chops, raw, lean and fat, weighed with bone;0;18,1;10;0;162;676;0;0;3,72;38;306;4;20;159;0,35;0,05;1,1;14;Tr;Tr;Tr;0,5;0,23;;0,48;0,09;7,1;0,24;0,3;3;0
Pork, loin chops, roasted, lean;0;39,6;4,2;0;196;829;0;0;1,46;84;686;9;44;356;0,75;0,1;2,6;36;Tr;Tr;Tr;0,7;0,36;;0,88;0,16;12,5;0,42;0,4;7;0
Pork, loin chops, roasted, lean and fat;0;36,2;11,4;0;247;1037;0;0;4,04;77;615;8;39;320;0,68;0,09;2,3;33;Tr;Tr;Tr;0,9;0,36;;0,79;0,14;11,1;0,37;0,4;7;0
Pork, loin chops, roasted, lean and fat, weighed with bone;0;27,9;8,8;0;191;799;0;0;3,11;59;474;6;30;246;0,52;0,07;1,8;25;Tr;Tr;Tr;0,7;0,28;;0,61;0,11;8,6;0,28;0,3;5;0
Pork, loin medallions, raw, lean;0;24,8;1,9;0;116;492;0;0;0,65;41;405;5;27;215;0,43;0,06;1,3;17;Tr;Tr;Tr;0,4;0,28;;0,7;0,12;10,1;0,29;0,3;4;0
Pork, loin medallions, raw, lean and fat;0;23;5,4;0;141;591;0;0;1,96;40;390;5;26;207;0,42;0,06;1,3;16;Tr;Tr;Tr;0,5;0,28;;0,67;0,12;9,8;0,28;0,3;4;0
Pork, loin medallions, raw, lean and fat, trimmed;0;23,4;3,1;0;122;513;0;0;1,09;41;400;5;27;212;0,43;0,06;1,3;17;Tr;Tr;Tr;0,4;0,28;;0,69;0,12;10;0,29;0,3;4;0
Pork, loin steaks, fried in rapeseed oil, lean;0;33,9;4,7;0;178;750;0;0;1,09;72;585;7;38;304;0,64;0,09;2,2;31;Tr;Tr;Tr;0,6;0,73;;0,75;0,14;10,6;0,36;0,4;5;0
Pork, loin steaks, fried in rapeseed oil, lean and fat;0;31,7;12;0;235;983;0;0;3,94;66;527;6;34;274;0,59;0,08;2;28;Tr;Tr;Tr;0,9;0,66;;0,67;0,13;9,6;0,33;0,4;5;0
Pork, loin steaks, grilled, lean;0;35,1;5,9;0;194;815;0;0;2,15;57;453;6;33;262;0,62;0,08;2,1;29;Tr;Tr;Tr;1,2;0,16;;0,78;0,18;8,7;0,19;0,5;4;0
Pork, loin steaks, grilled, lean and fat;0;32,7;12,9;0;247;1033;0;0;4,83;53;414;6;30;239;0,57;0,08;1,9;26;Tr;Tr;Tr;1,4;0,17;;0,7;0,16;8;0,18;0,5;4;0
Pork, loin steaks, grilled, lean and fat, trimmed;0;34,4;8;0;210;881;0;0;2,94;56;442;6;32;255;0,61;0,08;2;28;Tr;Tr;Tr;1,3;0,16;;0,76;0,17;8,5;0,19;0,5;4;0
Pork, loin steaks, raw, lean;0;23,2;1,9;0;110;465;0;0;0,66;49;401;5;26;208;0,44;0,06;1,5;21;Tr;Tr;Tr;0,4;0,26;;0,64;0,12;9,1;0,31;0,3;4;0
Pork, loin steaks, raw, lean and fat;0;21,4;11,2;0;187;779;0;0;4,16;45;362;5;23;188;0,41;0,06;1,3;19;Tr;Tr;Tr;0,6;0,27;;0,57;0,11;8,3;0,28;0,4;4;0
Pork, loin steaks, raw, lean and fat, trimmed;0;22,5;5,5;0;140;586;0;0;2,04;47;386;5;25;200;0,43;0,06;1,4;20;Tr;Tr;Tr;0,5;0,27;;0,61;0,12;8,8;0,3;0,3;4;0
Pork, loin steaks, stewed, lean;0;33,2;2,7;0;157;664;0;0;0,94;70;573;7;37;297;0,63;0,09;2,2;30;Tr;Tr;Tr;0,6;0,3;;0,73;0,14;10,4;0,35;0,3;6;0
Pork, loin steaks, stewed, lean and fat;0;31,3;9,7;0;212;890;0;0;3,61;64;521;7;34;271;0,58;0,08;2;27;Tr;Tr;Tr;0,9;0,29;;0,66;0,13;9,5;0,32;0,3;6;0
Pork, mince, raw;0;19.2;9.7;0.0;164;685;0.0;;3,57;66;390;7;20;190;0.90;0.06;2.4;12;N;Tr;Tr;0.8;0,27;;0.96;0.22;6.5;0.20;0,5;2;0
Pork, mince, stewed;0;24.4;10.4;0.0;191;800;0.0;;3.90;61;320;13;21;200;1.40;0.10;3.5;15;N;Tr;Tr;0.9;0,26;;0.97;0.22;6.2;0.23;0,5;2;0
Pork, shoulder chops (collar), braised, lean;0;30,5;10,1;0;213;892;0;;3,57;59;300;32;23;210;1,5;0,12;4,9;20;N;Tr;Tr;0,4;0,17;;0,77;0,29;3,6;0,26;1;1;0
Pork, shoulder chops (collar), braised, lean and fat;0;28,1;15;0;247;1033;0;;5,5;59;290;29;22;200;1,4;0,11;4,4;18;N;Tr;Tr;0,6;0,19;;0,7;0,27;3,5;0,24;0,5;1;0
Pork, shoulder chops (collar), braised, lean and fat, weighed with bone;0;21,6;11,5;0;190;793;0;;4,2;44;220;22;16;150;1;0,08;3,3;14;N;Tr;Tr;0,4;0,15;;0,53;0,2;2,7;0,18;0,4;1;0
Pork, shoulder chops (collar), raw, lean and fat;0;18,5;12,4;0;186;773;0;;4,5;62;340;8;21;190;0,8;0,07;2,5;12;N;Tr;Tr;0,6;0,27;;0,76;0,28;5;0,4;0,5;10;0
Pork, shoulder chops (collar), raw, lean and fat, weighed with bone;0;14,6;9,8;0;147;611;0;;3,5;49;270;6;16;150;0,6;0,06;2;9;N;Tr;Tr;0,5;0,21;;0,6;0,22;3,9;0,31;0,4;8;0
Pork, shoulder joint (collar), pot-roasted, lean;0;30;9;0;201;843;0;;3,2;65;320;8;24;220;1,3;0,12;4,5;19;N;Tr;Tr;0,7;0,17;;0,58;0,29;4,7;0,4;0,5;4;0
Pork, shoulder joint (collar), pot-roasted, lean and fat;0;24,4;18;0;260;1081;0;;6,7;64;280;9;20;190;1;0,1;3,3;15;N;Tr;Tr;1,1;0,23;;0,48;0,25;4,2;0,32;0,5;3;0
Pork, shoulder joint (collar), raw, lean and fat;0;17,6;16,4;0;218;906;0;;6;61;320;8;20;180;0,8;0,07;2,3;11;N;Tr;Tr;0,8;0,27;;0,71;0,26;4,7;0,37;0,5;9;0
Pork, shoulder joint (collar), raw, lean and fat, weighed with bone;0;13,1;12,1;0;161;670;0;;4,4;45;240;6;15;140;0,6;0,05;1,7;8;N;Tr;Tr;0,6;0,2;;0,52;0,2;3,5;0,27;0,4;7;0
Pork, shoulder steaks (collar), grilled, lean and fat;0;29,2;19,5;0;292;1218;0;;7,49;140;390;30;27;240;1,4;0,08;4;18;N;Tr;Tr;1,2;0,17;;0,73;0,37;7,1;0,5;0,5;4;0
Pork, shoulder steaks (collar), grilled, lean and fat, weighed with bone;0;13,1;8,8;0;132;548;0;;3,4;63;180;14;12;110;0,6;0,04;1,8;8;N;Tr;Tr;0,5;0,08;;0,33;0,17;3,2;0,23;0,2;2;0
Pork, shoulder steaks (collar), raw, lean and fat;0;18,7;10,4;0;168;703;0;;3,7;62;350;8;21;200;0,8;0,07;2,6;12;N;Tr;Tr;0,6;0,27;;0,78;0,29;5;0,41;0,5;11;0
Pork, shoulder steaks (collar), raw, lean and fat, weighed with bone;0;9;6,4;0;94;390;0;;2,5;46;140;7;8;73;0,4;0,02;1,2;6;N;Tr;Tr;0,4;0,13;;0,36;0,08;2,4;0,16;0,2;1;0
Pork, spare ribs, 'barbecue style', homemade;0;20.8;22.3;4.9;302;1258;5.0;0.8;6,11;766;420;37;30;190;1.67;0.07;2.8;13;N;Tr;4;0.8;2,13;;0.68;0.17;4.7;0.35;0,4;4;1
Pork, spare ribs, 'barbecue style', homemade, weighed with bone;0;9.7;10.4;2.3;142;586;2.3;0.4;2.82;356;197;17;13;84;0.79;0.03;1.3;6;N;Tr;2;0.4;0,99;;0.31;0.08;2.2;0.16;0,2;2;Tr
Pork, spare ribs, 'barbecue style', meat only, retail, reheated, weighed with bone;0;9.2;6.0;2.0;98;410;1.5;;2.20;150;130;25;9;75;0.60;0.05;1.1;8;N;Tr;77;0.6;0,99;;0.29;0.13;2.5;0.10;Tr;3;Tr
Pork, spare ribs, 'barbecue style', meat only, retail, reheated;0;26.3;17.1;5.8;281;1173;4.4;0.6;6.20;440;380;70;27;220;1.60;0.15;3.1;25;N;7;220;1.7;2,13;;0.82;0.38;7.0;0.30;0,4;7;Tr
Pork, spare ribs, Chinese barbecue, takeaway;0;22.1;18.7;;;;;;;485;213;48;15;116;1.92;Tr;2.9;;;7;26;N;0.84;;N;N;N;N;N;N;Tr
Pork, spare ribs, in black bean sauce, meat and sauce only, homemade;0;14.3;14.5;5.8;216;899;5.1;N;N;774;265;24;24;130;1.51;0.07;1.9;N;N;Tr;N;0.6;N;;0.57;0.13;3.1;0.20;0,3;2;0
Pork, spare ribs, in black bean sauce, meat and sauce only, homemade, weighed with bone;0;8.2;8.2;3.3;123;512;2.9;N;N;441;149;14;13;71;0.87;0.04;1.1;5;N;Tr;1;0.3;N;;0.32;0.07;1.8;0.11;0,1;1;Tr
Pork, spare ribs, raw, lean and fat;0;18.7;13.4;0.0;195;814;0.0;0;5,27;98;290;15;18;160;0.80;0.04;2.5;12;N;Tr;Tr;0.8;0,27;;0.76;0.18;5.0;0.33;0,5;2;0
Pork, stir-fried with vegetables, homemade;0;16,4;2,9;2,6;103;436;1,2;N;0,58;336;351;12;27;165;1,2;0,1;1,3;12;Tr;Tr;91;0,1;0,61;;0,48;0,16;5;0,23;0,6;9;14
Pork, sweet and sour, made with lean pork, homemade;0;14,5;6,3;11;162;682;7,2;N;1,02;63;324;13;22;140;0,67;0,05;1,2;14;3;5;132;0,5;1,4;;0,26;0,08;5,2;0,23;0,3;11;15
Pork, sweet and sour, made with sweet and sour cook in sauce;0;15,3;4,9;11,4;148;626;10;0,4;1,11;165;294;9;21;139;0,53;0,03;1,2;15;1;Tr;301;0,4;0,74;;0,25;0,05;5,7;0,2;0,3;3;1
Pork, trotters and tails, boiled with added salt;0;19.8;22.3;0.0;280;1162;0.0;;N;1620;30;130;8;110;0.70;0.07;2.4;N;N;Tr;Tr;Tr;N;;0.06;0.20;0.9;N;1.0;3;0
Porridge oats, unfortified;0;10.9;8.1;70.7;381;1614;0.3;7.8;1.28;1;372;50;114;387;3.64;0.37;2.3;3;Tr;0;0;0.0;0.59;;1.05;0.05;0.8;0.34;0.0;32;0
Porridge oats, unfortified, cooked, made up with semi-skimmed milk;0;4.6;2.3;12.1;84;357;4.1;1.0;1.03;39;202;117;28;145;0.59;Tr;0.7;2;23;17;8;Tr;0.20;;Tr;0.14;0.2;0.09;0.3;10;1
Porridge, made with milk and water;0;3.1;1.9;11.2;72;303;2.5;1.0;0.71;22;127;69;20;97;0.46;0.05;0.5;1;16;10;5;Tr;0.09;;0.09;0.11;0.1;0.05;0.4;6;1
Porridge, made with water;0;1.4;1.0;8.8;47;201;Tr;1.0;0.16;Tr;46;6;14;48;0.45;0.05;0.3;Tr;Tr;0;0;0.0;0.07;;0.08;0.00;0.1;0.03;0.0;2;0
Porridge, made with whole milk;0;4.9;4.7;13.3;112;472;4.8;0.9;2.54;44;209;131;25;147;0.46;0.04;0.8;1;32;37;15;Tr;0.12;;0.10;0.22;0.2;0.08;0.9;8;1
Port;0;0.1;0.0;12.0;157;655;12.0;0.0;0.00;4;97;4;11;12;0.40;0.10;N;Tr;N;0;Tr;0.0;0.00;;Tr;0.01;0.1;0.01;Tr;Tr;0
Pot savouries;0;11.6;10.9;58.8;365;1541;8.2;N;N;600;640;180;76;210;4.10;0.36;1.4;N;N;0;N;0.0;N;;N;N;N;N;0.0;N;0
Pot savouries, made up;0;3.3;3.1;16.7;103;437;2.3;N;N;170;180;51;22;59;1.20;0.10;0.4;N;N;0;N;0.0;N;;N;N;N;N;0.0;N;0
Potato cakes, fried in rapeseed oil;0;3.9;8.4;31.4;210;884;1.1;2.1;1.79;21;305;40;19;59;0.73;0.08;0.4;1;9;23;15;0.0;1.52;;0.20;0.03;0.8;0.08;0.1;15;6
Potato chips, crinkle cut, frozen, fried in corn oil;0;3.6;16.7;33.4;290;1213;0.9;;3.10;78;630;16;30;140;0.90;0.19;0.5;2;6;0;Tr;0.0;4.05;;0.15;0.07;1.9;0.42;0.0;27;13
Potato chips, fine cut, from fast food outlets;0;3.5;14.2;39.7;290;1219;0.3;3.8;2.50;193;544;18;29;143;0.72;0.08;0.4;Tr;2;0;Tr;0.0;3.28;;0.07;0.09;0.6;0.04;0.0;38;2
Potato chips, fine cut, frozen, fried in blended vegetable oil;0;4.5;21.3;41.2;364;1524;0.6;;1.80;97;720;19;34;170;1.00;0.22;0.6;3;8;0;Tr;0.0;N;;0.18;0.09;2.4;0.52;0.0;34;12
Potato chips, fine cut, frozen, fried in corn oil;0;4.5;21.3;41.2;364;1524;0.6;;4.00;97;720;19;34;170;1.00;0.22;0.6;3;8;0;Tr;0.0;5.16;3.51;0.18;0.09;2.4;0.52;0.0;34;12
Potato chips, fine cut, frozen, fried in dripping;0;4.5;21.3;41.2;364;1524;0.6;;11.80;98;720;19;34;170;1.00;0.22;0.6;3;9;N;N;Tr;0.06;;0.18;0.09;2.4;0.52;Tr;34;12
Potato chips, fried in beef dripping, from takeaway fish and chip shops;0;3.5;8.4;33.2;214;902;0.6;3.2;4.20;16;804;16;32;63;0.72;0.14;0.4;Tr;2;N;N;Tr;0.39;;0.10;0.10;0.6;0.05;Tr;46;2
Potato chips, fried in commercial oil, from takeaway fish and chip shops;0;3.5;8.4;33.2;214;902;0.6;3.2;4.29;16;804;16;32;63;0.72;0.14;0.4;Tr;2;Tr;Tr;0.0;0.32;14.90;0.10;0.10;0.6;0.05;0.0;46;2
Potato chips, fried in palm oil, from takeaway fish and chip shops;0;3.5;8.4;33.2;214;902;0.6;3.2;3.97;16;804;16;32;63;0.72;0.14;0.4;Tr;2;Tr;Tr;0.0;N;;0.10;0.10;0.6;0.05;0.0;46;2
Potato chips, fried in rapeseed oil, from takeaway fish and chip shops;0;3.5;8.4;33.2;214;902;0.6;3.2;0.55;16;804;16;32;63;0.72;0.14;0.4;Tr;2;Tr;Tr;0.0;N;;0.10;0.10;0.6;0.05;0.0;46;2
Potato chips, homemade, fried in corn oil;0;3.2;6.7;33.1;197;832;1.5;3.4;0.98;3;748;12;35;57;0.33;0.06;0.5;Tr;2;0;Tr;0.0;1.15;;0.27;0.02;0.5;0.18;0.0;10;9
Potato chips, homemade, fried in dripping;0;3.2;6.7;33.1;197;832;1.5;3.4;3.37;4;748;13;35;59;0.54;N;N;Tr;2;N;N;Tr;0.40;;0.27;0.02;0.5;0.18;Tr;10;9
Potato chips, homemade, fried in rapeseed oil;0;3.6;6.7;34.1;202;854;0.9;3.4;0.44;3;812;15;39;57;0.64;0.11;0.6;Tr;2;0;Tr;0.0;N;;0.23;0.01;0.3;0.10;0.0;16;11
Potato chips, homemade, fried in sunflower oil;0;3.2;6.7;33.1;197;832;1.5;3.4;0.82;3;748;12;35;57;0.33;0.06;0.5;Tr;2;0;Tr;0.0;3.26;;0.27;0.02;0.5;0.18;0.0;10;9
Potato chips, microwave, cooked;0;3.6;9.6;32.1;221;930;0.6;2.9;0.55;40;530;17;30;99;1.00;0.14;0.4;Tr;1;0;Tr;0.0;N;;0.12;0.07;2.1;0.29;0.0;20;11
Potato chips, oven ready, no batter, baked;0;3.2;4.9;35.3;189;800;1.0;3.5;0.78;31;641;14;31;95;0.72;0.12;0.4;Tr;2;0;Tr;0.0;1.37;;0.05;0.12;1.4;0.20;0.0;22;1
Potato chips, oven ready, with batter, baked;0;3.4;6.1;35.6;202;852;0.4;3.3;1.30;193;602;17;32;111;0.70;0.15;0.4;Tr;1;0;Tr;0.0;1.84;;0.09;0.11;3.2;0.20;0.0;13;1
Potato chips, straight cut, frozen, fried in blended oil;0;4.1;13.5;36.0;273;1145;0.7;;1.20;29;710;15;33;120;0.90;0.24;0.6;2;7;0;Tr;0.0;N;;0.16;0.08;2.1;0.46;0.0;30;16
Potato chips, straight cut, frozen, fried in corn oil;0;4.1;13.5;36.0;273;1145;0.7;;2.50;29;710;15;33;120;0.90;0.24;0.6;2;7;0;Tr;0.0;3.27;;0.16;0.08;2.1;0.46;0.0;30;16
Potato chips, straight cut, frozen, fried in dripping;0;4.1;13.5;36.0;273;1145;0.7;;7.50;30;710;15;33;120;0.90;0.24;0.6;2;8;N;N;Tr;0.04;;0.16;0.08;2.1;0.46;Tr;30;16
Potato chips, thick cut, frozen, fried in corn oil;0;3.6;10.2;34.0;234;983;0.8;;1.90;41;680;13;33;120;0.80;0.20;0.5;2;7;0;Tr;0.0;2.47;;0.16;0.08;2.1;0.45;0.0;30;12
Potato crisps, fried in sunflower oil;0;6.2;28.8;55.8;493;2064;0.9;4.4;2.48;604;1328;48;63;135;1.46;0.20;0.9;1;2;0;29;0.0;9.05;;0.09;0.16;3.9;0.31;0.0;62;17
Potato crisps, low fat;0;6.6;21.5;63.5;458;1924;1.5;N;1.85;730;1020;36;48;130;1.80;0.38;0.9;1;N;0;2;0.0;3.47;;0.19;0.14;5.0;0.46;0.0;48;14
Potato croquettes, fried in blended oil;0;3.7;13.1;21.6;214;893;0.5;;1.70;420;360;44;19;49;0.90;0.08;0.3;N;N;0;N;0.0;N;15.70;0.08;0.08;1.4;0.22;0.0;2;2
Potato powder, instant, made up with semi-skimmed milk;0;2.4;0.5;14.2;67;287;1.5;N;0.30;100;300;45;15;67;0.40;0.04;0.3;N;N;6;5;Tr;0.05;;0.02;0.08;1.2;0.17;0.1;4;23
Potato powder, instant, made up with skimmed milk;0;2.4;0.1;14.2;66;281;1.5;N;Tr;100;300;45;15;67;0.40;0.04;0.3;N;N;Tr;3;Tr;0.05;;0.02;0.07;1.2;0.17;0.1;4;23
Potato powder, instant, made up with water;0;1.5;0.1;13.5;57;245;0.7;1.2;Tr;100;260;13;12;41;0.40;0.04;0.2;N;N;0;3;0.0;0.05;0.90;0.01;0.03;1.2;0.15;0.0;2;23
Potato powder, instant, made up with whole milk;0;2.4;1.2;14.8;76;322;2.0;N;N;100;290;44;15;66;0.40;0.04;0.3;N;N;14;8;Tr;0.05;;0.02;0.07;1.2;0.17;0.1;4;23
Potato powder, instant, raw;0;8.4;0.6;74.9;320;1363;4.1;7.7;0.10;450;1430;73;66;230;2.20;0.24;1.2;N;N;0;15;0.0;0.25;;0.05;0.19;6.6;0.84;0.0;13;130
Potato products, shaped, frozen, baked;0;2.5;8.3;28.1;190;799;0.4;2.7;0.89;254;423;29;22;55;0.74;0.13;0.4;Tr;N;0;Tr;0.0;2.70;;0.19;0.02;0.8;0.10;0.0;17;44
Potato rings;0;3.6;22.4;70.5;480;2018;0.3;2.6;1.92;845;781;26;34;108;0.80;0.16;0.6;1;2;0;29;0.0;7.64;;0.05;0.27;1.1;0.40;0.0;5;3
Potato snacks, pringle-type, fried in vegetable oil;0;4.3;31.8;57.4;519;2168;1.5;2.9;8.41;599;706;35;40;103;1.10;0.17;0.7;Tr;2;0;29;0.0;10.80;9.60;0.09;0.16;3.9;0.31;0.0;62;N
Potato wedges, retail, cooked;0;2.8;5.5;30.6;176;741;0.8;4.3;2.49;198;516;21;26;92;2.54;0.16;0.5;1;1;0;10;Tr;N;;0.08;0.06;2.2;0.10;0.0;10;Tr
Potato, leek and celery bake;0;4.4;6.5;12.6;122;512;1.6;;3.90;490;250;100;19;85;0.60;0.06;0.5;2;9;64;98;0.1;0.25;;0.10;0.06;0.3;0.19;0.1;11;3
Potatoes with onions and eggs, fried;0;7.8;23.8;19.1;316;1318;1.4;;4.30;540;400;40;24;170;1.40;0.15;0.9;6;28;85;2;0.8;4.46;;0.12;0.25;1.2;0.24;1.1;18;4
Potatoes, duchesse;0;3.1;5.1;17.5;124;522;0.8;1.6;2.89;53;381;12;19;50;0.51;0.07;0.4;2;8;60;30;0.4;0.23;0.37;0.22;0.05;0.5;0.07;0.3;20;9
Potatoes, new and salad, boiled in salted water, flesh and skin;0;1.8;0.1;14.9;68;291;1.1;1.8;0.04;26;377;11;18;44;0.61;0.08;0.2;Tr;Tr;0;Tr;0.0;0.11;;0.13;0.01;0.7;0.13;0.0;21;7
Potatoes, new and salad, boiled in unsalted water, flesh and skin;0;1.8;0.1;14.9;68;291;1.1;1.8;0.04;3;377;11;18;44;0.61;0.08;0.2;Tr;Tr;0;Tr;0.0;0.11;;0.13;0.01;0.7;0.13;0.0;21;7
Potatoes, new and salad, flesh only, raw;0;1.7;0.1;16.1;68;290;1.3;1.8;0.04;3;320;6;14;34;0.11;0.09;0.2;Tr;Tr;0;Tr;0.0;0.06;;0.15;0.02;0.7;0.16;0.0;25;7
Potatoes, new, frozen, `roast' in corn oil;0;2.5;6.6;23.4;157;661;1.0;3.0;0.80;100;460;13;22;90;0.60;0.22;0.3;2;Tr;0;Tr;0.0;1.14;;0.16;0.02;0.5;N;0.0;25;5
Potatoes, old, baked, flesh and skin;0;2.5;0.2;22.6;97;413;1.4;2.6;0.10;2;600;11;27;45;0.63;0.09;0.4;Tr;1;0;Tr;0.0;0.05;0.94;0.20;0.02;0.9;0.11;0.0;18;6
Potatoes, old, baked, flesh only;0;2.2;0.1;18.0;77;329;0.7;N;Tr;1;360;7;18;40;0.40;0.08;0.3;1;1;0;Tr;0.0;0.06;0.94;0.21;0.01;0.6;0.06;0.0;10;3
Potatoes, old, baked, flesh only, weighed with skin;0;1.5;0.1;12.1;52;223;0.5;N;Tr;1;240;5;12;27;0.30;0.05;0.2;1;1;0;Tr;0.0;0.04;;0.14;0.01;0.4;0.04;0.0;7;2
Potatoes, old, boiled in salted water, flesh only;0;1.8;0.1;17.5;74;315;0.8;1.6;0.03;64;365;6;18;31;0.34;0.06;0.2;Tr;1;0;Tr;0.0;0.01;;0.21;Tr;0.5;0.06;0.0;18;9
Potatoes, old, boiled in unsalted water, flesh only;0;1.8;0.1;17.5;74;315;0.8;1.6;0.03;1;365;6;18;31;0.34;0.06;0.2;Tr;1;0;Tr;0.0;0.01;;0.21;Tr;0.5;0.06;0.0;18;9
Potatoes, old, mashed with butter;0;1.9;3.9;15.9;102;430;1.0;1.4;2.42;36;337;14;17;35;0.30;0.05;0.2;Tr;4;44;28;0.0;0.09;;0.19;0.02;0.3;0.06;0.1;17;8
Potatoes, old, mashed with reduced fat spread;0;1.8;2.8;15.9;93;391;1.0;1.4;0.68;30;337;13;17;34;0.31;0.05;0.2;Tr;3;28;21;0.3;1.19;;0.19;0.02;0.3;0.06;0.1;17;8
Potatoes, old, microwaved, flesh and skin;0;2.6;0.1;21.5;92;392;2.1;2.7;0.03;2;585;13;27;43;0.75;0.09;0.4;Tr;1;0;Tr;0.0;0.13;;0.23;0.01;0.8;0.14;0.0;33;5
Potatoes, old, potato wedges, with skin, cooked in sunflower oil, homemade;0;2.9;3.8;26.5;145;614;1.7;3.0;0.47;2;702;13;32;52;0.74;0.11;0.4;Tr;1;0;Tr;0.0;N;;0.23;0.02;1.1;0.13;0.0;21;7
Potatoes, old, raw, flesh only;0;1.9;0.1;19.6;82;349;0.9;2.0;0.03;2;443;7;21;34;0.32;0.06;0.3;Tr;1;0;Tr;0.0;0.01;0.94;0.20;0.01;0.3;0.14;0.0;13;14
Potatoes, old, roasted in corn oil;0;2.6;5.7;26.4;161;678;1.2;2.7;0.84;3;597;9;28;46;0.43;0.08;0.4;Tr;1;0;Tr;0.0;0.98;;0.22;0.01;0.4;0.14;0.0;8;13
Potatoes, old, roasted in lard;0;2.6;5.7;26.4;161;678;1.2;2.7;2.29;3;597;10;32;46;0.44;0.08;N;Tr;1;Tr;Tr;N;0.07;;0.22;0.01;0.4;0.14;Tr;8;13
Potatoes, old, roasted in rapeseed oil;0;2.6;5.7;26.4;161;678;1.2;2.7;0.40;3;597;9;28;46;0.43;0.08;0.4;Tr;1;0;Tr;0.0;N;;0.22;0.01;0.4;0.14;0.0;8;13
Potatoes, old, roasted in sunflower oil, flesh only;0;2.6;5.7;26.4;161;678;1.2;2.7;0.70;3;597;9;28;46;0.44;0.08;0.4;Tr;1;0;Tr;0.0;2.77;;0.22;0.01;0.4;0.14;0.0;8;13
Potatoes, old, wedges, with skin, homemade, cooked in rapeseed oil;0;2.9;3.8;26.5;145;614;1.7;3.0;0.27;2;702;13;32;52;0.74;0.11;0.4;Tr;1;0;Tr;0.0;N;;0.23;0.02;1.1;0.13;0.0;21;7
Poussin, raw, meat and skin;0;19.1;13.9;0.0;202;839;0.0;;3.80;70;320;7;22;150;0.60;0.05;1.1;12;8;24;Tr;0.6;0.15;;0.11;0.25;6.6;0.31;Tr;9;0
Poussin, raw, meat and skin, weighed with bone;0;11.1;8.1;0.0;117;488;0.0;;2.20;40;180;4;13;85;0.30;0.03;0.6;7;5;14;Tr;0.3;0.09;;0.06;0.14;3.8;0.18;Tr;5;0
Prawn crackers, takeaway;0;0.3;39.0;58.2;570;2379;2.2;0.9;3.64;767;17;21;5;6;1.55;0.12;0.1;3;N;0;Tr;0.0;5.77;;Tr;Tr;0.1;0.43;0.0;2;0
Prawns, king, grilled from raw;0;23.5;0.9;0.0;102;433;0.0;0.0;0.20;305;181;59;37;209;0.43;0.35;1.6;41;7;Tr;Tr;Tr;1.64;;Tr;0.07;0.1;0.14;1.6;10;Tr
Prawns, king, purchased cooked;0;16.2;0.4;0.0;68;290;0.0;0.0;0.10;643;65;49;21;125;0.27;0.23;1.0;30;12;Tr;Tr;Tr;1.64;;Tr;0.05;0.1;0.05;1.4;10;Tr
Prawns, king, purchased cooked, weighed with shells;0;8.7;0.2;0.0;37;155;0.0;0.0;0.05;347;35;26;11;68;0.15;0.12;0.6;16;6;Tr;Tr;Tr;0.89;;Tr;0.03;0.1;0.03;0.8;5;Tr
Prawns, king, raw;0;17.6;0.7;0.0;77;325;0.0;0.0;0.17;215;126;44;28;155;0.70;0.21;1.2;34;5;Tr;Tr;Tr;1.80;;Tr;0.05;0.1;0.11;1.3;11;Tr
Prawns, standard, dried;0;83.1;4.9;0.0;377;1594;0.0;0.0;0.81;3172;399;350;196;685;5.40;1.51;5.5;163;71;Tr;Tr;Tr;19.58;;Tr;0.27;Tr;0.16;12.7;54;Tr
Prawns, standard, purchased cooked;0;15.4;0.9;0.0;70;295;0.0;0.0;0.15;588;74;65;36;127;1.00;0.28;1.0;30;13;Tr;Tr;Tr;3.63;0.08;Tr;0.05;Tr;0.03;2.3;10;Tr
Pre-mixed spirit based drinks;0;Tr;0.0;8.0;52;221;8.0;0.0;0.00;N;N;N;N;N;N;Tr;Tr;Tr;N;0;Tr;0.0;N;;Tr;Tr;N;N;0.0;N;N
Prickly pears, flesh and seeds;0;0.7;0.3;11.5;49;207;11.5;;0.10;4;210;53;57;27;0.40;N;0.6;N;N;0;45;0.0;N;;0.02;0.04;0.4;N;0.0;N;22
Profiteroles with sauce, frozen;0;5.5;25.7;24.6;346;1438;17.0;1.4;14.01;130;190;58;25;114;1.52;0.18;0.6;5;12;114;90;0.3;1.18;;0.07;0.14;0.3;0.02;0.3;9;Tr
Prune juice;0;0.5;0.1;14.4;57;243;14.4;;Tr;12;210;14;11;19;0.70;0.04;0.2;Tr;3;0;N;0.0;N;;0.01;0.05;0.6;0.14;0.0;Tr;Tr
Prunes, canned in juice, whole contents;0;0.7;0.2;19.7;79;335;19.7;N;Tr;18;340;26;15;30;2.20;0.09;1.0;Tr;N;0;140;0.0;N;;0.02;0.02;0.5;0.06;0.0;5;Tr
Prunes, flesh and skin;0;2.8;0.5;38.4;160;681;38.4;;N;12;860;38;27;83;2.90;0.16;0.5;3;N;0;155;0.0;N;;0.10;0.20;1.5;0.24;0.0;4;Tr
Prunes, flesh and skin, stewed with sugar;0;1.3;0.2;25.5;103;439;25.5;;Tr;5;410;18;12;39;1.40;0.08;0.3;1;N;0;73;0.0;N;;0.04;0.07;0.5;0.09;0.0;Tr;Tr
Prunes, flesh and skin, stewed with sugar, weighed with stones;0;1.2;0.2;23.5;95;405;23.5;;Tr;5;380;17;11;36;1.30;0.07;0.2;1;N;0;67;0.0;N;;0.04;0.06;0.5;0.08;0.0;Tr;Tr
Prunes, flesh and skin, stewed without sugar;0;1.4;0.3;19.5;81;346;19.5;;0.10;6;440;19;13;42;1.50;0.08;0.3;1;N;0;78;0.0;N;;0.04;0.08;0.6;0.10;0.0;Tr;Tr
Prunes, flesh and skin, stewed without sugar, weighed with stones;0;1.3;0.2;17.8;74;314;17.8;;Tr;5;400;17;12;38;1.30;0.07;0.2;1;N;0;72;0.0;N;;0.04;0.07;0.5;0.09;0.0;Tr;Tr
Prunes, flesh and skin, weighed with stones;0;2.4;0.4;32.3;134;572;32.3;;N;10;720;32;23;70;2.40;0.13;0.4;3;N;0;130;0.0;N;;0.08;0.17;1.3;0.20;0.0;3;Tr
Prunes, ready-to-eat, semi-dried;0;2,3;0,3;36,5;149;633;36,5;5,2;0,06;3;734;64;36;69;1,44;0,28;0,4;Tr;2;0;232;0;1,09;;0,03;0,03;2,7;0,04;0;1;Tr
Prunes, ready-to-eat, semi-dried, weighed with stones;0;2;0,3;31,4;128;548;31,4;4,5;0,05;3;631;55;31;59;1,24;0,24;0,3;Tr;2;0;200;0;0,94;;0,03;0,03;2,3;0,03;0;1;Tr
Pudding, bread and butter, homemade;0;6.3;5.3;17.0;137;576;12.4;0.3;2.11;130;215;141;16;131;0.57;0.07;0.7;6;N;N;27;N;N;0.05;0.06;0.27;0.3;0.08;1.3;10;2
Pudding, Christmas, homemade;0;5.0;9.8;54.6;316;1332;33.8;N;N;119;376;69;26;88;1.74;0.26;0.6;N;N;17;10;N;N;0.41;0.09;0.13;0.8;0.11;0.3;14;0
Pudding, Christmas, retail;0;3.0;6.9;56.3;285;1207;46.2;4.0;3.57;100;340;35;18;92;1.20;0.14;0.7;N;N;N;N;N;N;;Tr;0.03;0.4;0.07;Tr;9;Tr
Pudding, Eve's pudding, homemade;0;3.3;13.4;31.4;252;1052;20.0;1.4;7.88;216;96;56;8;127;0.57;0.06;0.3;2;15;155;87;0.6;0.60;;0.05;0.09;0.3;0.06;0.5;5;6
Pudding, Queen of Puddings, homemade;0;5.0;7.6;34.2;195;821;27.5;N;4.08;149;120;84;11;95;0.69;0.04;1.1;1;15;82;37;0.6;0.35;;0.07;0.19;0.3;0.05;0.9;8;3
Pudding, rice, canned;0;3.3;1.3;16.1;85;362;8.7;N;0.76;43;130;88;12;86;0.10;0.13;0.5;N;28;16;10;Tr;0.16;;0.01;0.13;0.2;0.01;Tr;Tr;Tr
Pudding, rice, canned, low fat;0;3.5;0.8;16.0;81;345;8.7;0.1;0.50;43;130;88;12;86;0.10;0.13;0.5;N;28;16;10;Tr;0.10;;0.01;0.13;0.2;0.01;Tr;Tr;Tr
Pudding, rice, homemade, with semi-skimmed milk;0;4.2;4.4;19.0;127;535;10.3;0.1;2.79;67;175;128;14;111;0.05;0.03;0.6;1;33;49;28;Tr;0.09;;0.03;0.21;0.3;0.06;0.9;5;2
Pudding, rice, homemade, with skimmed milk;0;4.3;2.9;19.1;114;482;10.4;0.1;1.80;65;180;133;15;113;0.06;0.03;0.6;1;33;30;19;Tr;0.06;;0.03;0.20;0.2;0.06;0.9;5;1
Pudding, rice, homemade, with whole milk;0;4.2;6.5;18.9;145;609;10.2;0.1;4.07;63;175;128;15;113;0.06;0.03;0.6;1;34;67;33;0.0;0.12;;0.03;0.21;0.3;0.06;0.9;5;2
Pudding, sponge, canned;0;3.1;9.1;45.4;265;1116;25.8;N;4.98;340;160;50;13;170;1.20;0.31;0.4;N;4;N;N;N;0.59;;0.05;0.16;0.4;0.09;Tr;3;0
Pudding, sponge, homemade;0;5.7;14.6;46.2;327;1376;18.5;1.4;4.82;299;104;69;12;180;0.99;0.08;0.5;5;N;N;116;N;N;;0.07;0.11;0.4;0.06;0.6;9;Tr
Pudding, sponge, with dried fruit, homemade;0;5.5;13.4;50.5;332;1397;25.2;N;4.24;277;207;72;15;174;1.20;0.14;0.5;N;N;N;108;N;N;;0.08;0.11;0.4;0.08;0.5;9;Tr
Pudding, sponge, with jam or treacle, homemade;0;5.3;13.3;51.1;333;1401;25.8;1.2;4.41;291;101;65;11;166;0.94;0.08;0.5;5;N;N;106;N;N;;0.07;0.10;0.3;0.05;0.5;8;1
Pudding, spotted dick, homemade;0;4.5;16.1;48.3;344;1447;19.1;N;9.02;226;170;92;15;177;0.84;0.16;0.5;N;N;14;16;Tr;0.37;;0.15;0.08;0.7;0.07;0.2;6;1
Pudding, suet, homemade;0;4.8;17.6;46.4;352;1476;14.5;N;9.88;246;118;92;13;187;0.79;0.10;0.5;N;N;15;17;Tr;0.41;;0.12;0.08;0.7;0.05;0.3;5;1
Pumpkin seeds;0;24.4;45.6;15.2;565;2345;1.1;N;7.00;18;820;39;270;850;10.00;1.57;6.6;6;N;0;230;0.0;N;;0.23;0.32;1.7;N;0.0;N;0
Pumpkin, flesh only, boiled in unsalted water;0;0.6;0.3;1.9;12;52;1.8;N;0.10;Tr;84;23;7;15;0.10;0.02;0.2;N;N;0;955;0.0;1.06;2.00;0.14;Tr;0.1;0.03;0.0;10;7
Pumpkin, flesh only, raw;0;0.7;0.2;2.2;13;55;1.7;;0.10;Tr;130;29;10;19;0.40;0.02;0.2;N;N;0;450;0.0;1.06;;0.16;Tr;0.1;0.02;0.0;10;14
Puri, homemade;0;7.2;22.3;36.5;366;1531;1.2;3.5;2.66;279;180;109;39;153;2.47;0.22;1.1;4;Tr;N;0;0.0;6.76;;0.19;0.01;1.9;0.20;0.0;32;0
Quiche, cheese and egg, homemade;0;12.5;22.3;14.6;305;1270;1.6;1.2;10.40;310;130;259;17;216;0.85;0.02;1.5;9;28;130;38;0.9;1.55;;0.05;0.25;0.3;0.08;1.5;12;1
Quiche, cheese and egg, wholemeal, homemade;0;13.0;20.4;15.6;294;1226;1.6;2.1;11.82;310;173;240;31;259;1.03;0.10;1.8;9;32;227;100;1.0;0.80;;0.10;0.27;1.1;0.17;1.5;17;Tr
Quiche, Lorraine, homemade;0;15.3;26.0;16.8;358;1491;2.2;1.3;11.19;588;206;228;20;224;0.90;0.03;1.7;9;28;100;30;0.8;N;;0.20;0.25;1.7;0.16;1.5;12;1
Quiche, Lorraine, shortcrust pastry, retail;0;9.1;17.6;19.7;269;1121;3.2;1.3;8.31;339;155;147;15;177;0.61;0.03;1.0;7;16;103;35;N;2.08;;0.13;0.18;1.2;0.04;0.5;9;Tr
Quiche, Lorraine, wholemeal pastry, homemade;0;15.8;24.9;18.0;354;1476;2.2;2.3;13.37;587;255;206;35;272;1.10;0.11;2.0;9;33;215;104;0.9;N;;0.25;0.28;2.6;0.26;1.5;15;1
Quiche, mushroom, homemade;0;9.9;20.0;15.5;278;1157;1.3;1.4;8.97;253;176;198;15;180;0.78;0.07;1.3;10;21;94;28;0.6;1.54;;0.06;0.22;0.7;0.07;1.1;13;1
Quiche, mushroom, wholemeal, homemade;0;10.5;18.1;16.6;267;1113;1.3;2.4;10.55;252;223;177;30;227;0.97;0.15;1.6;10;25;201;96;0.7;0.70;1.74;0.12;0.25;1.5;0.17;1.1;18;1
Quiche, vegetable, retail;0;8.1;19.7;21.2;289;1205;3.5;2.8;8.34;200;183;170;19;151;0.94;0.04;0.9;4;18;121;202;Tr;0.62;;0.09;0.17;0.7;0.06;0.2;15;Tr
Quinces, flesh only;0;0.3;0.1;6.3;26;110;6.3;;Tr;3;200;14;6;19;0.30;0.13;0.5;N;N;0;Tr;0.0;N;;0.02;0.02;0.2;0.04;0.0;N;15
Quinoa, raw;0;13.8;5.0;55.7;309;1311;6.1;7.0;0.50;61;780;79;210;230;7.80;0.82;3.3;N;N;0;N;0.0;N;;0.20;0.40;2.9;N;0.0;N;0
Quorn korma;0;3.7;7.0;16.7;140;590;1.3;;3.70;180;99;17;14;45;0.40;0.11;0.4;2;N;12;22;Tr;0.80;;N;0.03;0.7;N;Tr;4;1
Quorn, pieces, as purchased;0;14.0;1.4;1.1;73;307;0.4;8.3;0.40;300;120;N;37;237;0.60;0.10;7.0;N;N;0;0;0.0;0.00;;0.10;0.39;0.3;0.08;0.3;21;0
Rabbit, raw, meat only;0;21.9;5.5;0.0;137;576;0.0;0.0;2.10;67;360;22;25;220;1.00;0.06;1.4;17;N;N;N;N;0.13;;0.10;0.19;8.4;0.50;10.0;5;0
Rabbit, stewed, meat only;0;21.2;3.2;0.0;114;479;0.0;0.0;1.70;48;200;39;18;150;1.10;0.06;1.7;16;N;N;N;N;N;;0.02;0.16;6.2;0.29;3.0;5;0
Rabbit, stewed, meat only, weighed with bone;0;12.7;1.9;0.0;68;286;0.0;;1.00;29;120;23;11;90;0.70;0.04;1.0;10;N;N;N;N;N;;0.01;0.10;6.2;0.17;2.0;3;0
Raddiccio, raw;0;1.4;0.2;1.7;14;58;1.7;;N;7;320;22;9;38;0.30;0.04;0.2;N;N;0;Tr;0.0;N;;0.09;0.15;0.3;0.08;0.0;15;5
Radish leaves, raw;0;3.5;0.5;3.5;33;137;N;;N;110;370;200;26;44;3.80;N;N;N;N;0;3670;0.0;N;;0.13;0.35;0.8;N;0.0;N;63
Radish, red, flesh and skin, raw;0;0,7;0,4;1,4;12;50;1,4;1,1;0,2;21;209;24;6;15;0,19;0,01;0,1;Tr;1;0;Tr;0;0;;0,03;Tr;0,4;0,07;0;38;17
Radish, white/mooli, raw;0;0.8;0.1;2.9;15;64;2.9;;Tr;27;220;30;15;25;0.40;N;0.3;N;N;0;0;0.0;0.00;;0.03;0.02;0.5;0.07;0.0;38;24
Raisins, dried;0;3;1;62,6;256;1090;62,6;2,7;0,15;17;889;58;32;101;2,21;0,37;0,2;1;3;0;12;0;0,52;3,7;0,11;0,01;0,7;0,24;0;6;Tr
Raita, homemade;0;4.4;2.4;5.8;57;241;5.8;0.4;1.32;69;258;151;16;127;0.71;0.01;0.5;1;45;19;102;0.0;0.11;;0.06;0.20;0.3;N;0.1;18;2
Raita, yogurt and gram flour, homemade;0;3.3;6.6;8.1;103;430;5.3;1.4;3.83;28;185;84;14;78;0.48;0.05;0.4;1;15;59;200;0.1;0.62;;0.09;0.10;0.3;0.11;0.1;15;2
Rambutan, flesh only;0;1.0;0.4;16.3;69;293;16.3;;N;1;100;14;10;15;0.10;N;0.6;N;N;0;0;0.0;N;;0.02;0.06;0.6;N;0.0;N;78
Rape leaves, raw;0;3.8;0.3;4.8;37;153;N;;N;N;540;250;85;81;1.70;N;N;N;N;0;1990;0.0;N;;0.07;0.06;0.8;N;0.0;N;55
Raspberries, raw;0;0,8;0,3;5,1;25;106;5,1;3,7;0,1;Tr;164;16;16;28;0,41;0,04;0,2;Tr;4;0;6;0;0,82;;0,01;0,01;0,5;0,11;0;55;19
Raspberries, stewed with sugar;0;1.2;0.3;15.0;63;271;15.0;;0.10;2;150;22;16;27;0.60;0.09;0.3;N;N;0;5;0.0;0.42;;0.02;0.03;0.3;0.04;0.0;5;21
Raspberries, stewed without sugar;0;1.4;0.3;4.4;24;105;4.4;;0.10;2;160;24;18;29;0.70;0.10;0.3;N;N;0;5;0.0;0.46;;0.02;0.04;0.4;0.05;0.0;6;23
Ratatouille, homemade;0;1.2;7.0;3.8;82;339;3.3;N;0.88;3;273;18;15;30;0.49;0.03;0.2;1;N;0;301;0.0;1.77;;0.05;0.01;0.3;0.11;0.0;16;15
Red pea loaf;0;9.2;3.4;15.6;127;539;0.9;N;0.78;28;397;51;43;143;2.46;0.22;1.1;8;N;18;7;0.3;0.65;;0.16;0.09;0.5;0.12;0.3;41;1
Red rice, boiled in unsalted water;0;3.0;1.2;28.2;129;547;0.2;1.4;0.18;7;83;24;43;123;0.39;0.15;0.6;1;Tr;0;0;0.0;0.08;;0.13;Tr;2.1;0.02;0.0;10;0
Red snapper, flesh only, fried in blended oil, weighed with bones and skin;0;24.5;3.1;0.0;126;531;0.0;;0.60;120;460;53;35;270;0.40;0.03;0.4;36;65;4;Tr;3.0;1.35;;0.08;0.08;6.6;0.46;2.0;N;Tr
Red snapper, flesh only, fried in blended oil, weighed with bones and skin;0;12.5;1.6;0.0;64;271;0.0;;0.30;59;230;27;18;140;0.20;0.02;0.2;18;33;2;Tr;1.5;0.69;;0.04;0.04;3.3;0.23;1.0;N;Tr
Red snapper, flesh only, fried in sunflower oil;0;24.5;3.1;0.0;126;531;0.0;;0.70;120;460;53;35;270;0.40;0.03;0.4;36;65;4;Tr;3.0;N;;0.08;0.08;6.6;0.46;2.0;N;Tr
Red snapper, flesh only, fried in sunflower oil, weighed with bones and skin;0;12.5;1.6;0.0;64;271;0.0;;0.30;59;230;27;18;140;0.20;0.02;0.2;18;33;2;Tr;1.5;N;;0.04;0.04;3.3;0.23;1.0;N;Tr
Red snapper, flesh only, raw;0;19.6;1.3;0.0;90;381;0.0;;0.30;77;370;40;27;210;0.30;0.03;0.3;27;49;3;Tr;2.3;N;;0.08;0.08;6.3;0.44;1.0;N;Tr
Redcurrants, raw;0;1.1;Tr;4.4;21;89;4.4;;N;2;280;36;13;30;1.20;0.12;0.2;N;N;0;25;0.0;0.10;;0.04;0.06;0.1;0.05;0.0;N;40
Redcurrants, stewed with sugar;0;0.9;Tr;13.3;53;227;13.3;;Tr;1;220;28;10;23;0.90;0.10;0.2;N;N;0;19;0.0;0.08;;0.02;0.04;0.1;0.03;0.0;N;23
Redcurrants, stewed without sugar;0;0.9;Tr;3.8;17;76;3.8;;Tr;1;240;30;11;25;1.00;0.10;0.2;N;N;0;21;0.0;0.09;;0.03;0.04;0.1;0.03;0.0;N;26
Redfish, raw;0;18.4;2.7;0.0;98;413;0.0;;0.50;73;300;15;29;180;0.60;Tr;0.4;51;N;8;Tr;N;1.25;;0.11;0.09;2.3;0.18;2.0;N;Tr
Re-fried beans;0;7.1;8.6;15.0;169;710;1.4;N;2.54;87;366;35;38;111;2.13;0.19;0.8;5;N;N;123;N;N;;0.15;0.05;0.5;0.11;0.0;35;1
Relish, corn/cucumber/onion;0;1.0;0.3;36,6;144;614;28,9;1.5;Tr;420;110;13;9;24;0.30;0.07;0.2;N;N;0;N;0.0;N;;N;N;N;N;0.0;N;N
Relish, tomato based;0;1.2;0.1;27.6;114;485;25.1;N;Tr;480;290;13;12;26;0.30;0.07;0.1;N;N;0;N;0.0;N;;0.06;0.05;0.2;N;0.0;N;N
Rhubarb, stems only, raw;0;0.9;0.1;0.8;7;32;0.8;;Tr;3;290;93;13;17;0.30;0.07;0.1;Tr;N;0;60;0.0;0.20;;0.03;0.03;0.3;0.02;0.0;7;6
Rhubarb, stems only, stewed with sugar;0;0.9;0.1;11.5;48;203;11.5;N;Tr;1;210;33;6;18;0.10;0.02;Tr;Tr;N;0;28;0.0;0.17;;0.03;0.02;0.2;0.02;0.0;4;5
Rhubarb, stems only, stewed without sugar;0;1;0,6;1,2;14;59;1,2;1,3;0,06;1;261;76;12;26;0,2;0,04;0,2;Tr;1;0;30;0;0,18;;0,03;0,02;0,2;0,02;0;4;5
Rice and black-eye beans;0;5.6;2.2;34.1;170;723;0.9;N;0.95;15;213;19;29;99;1.30;0.17;0.9;5;N;N;18;N;N;;0.14;0.02;0.7;0.11;Tr;50;Tr
Rice and black-eye beans, brown rice;0;5.9;2.4;31.6;164;694;1.0;N;0.96;15;260;18;57;161;1.53;0.18;1.0;4;N;N;18;N;N;;0.18;0.04;1.5;N;Tr;54;Tr
Rice and pigeon peas;0;4.9;2.2;33.1;163;693;0.7;N;0.89;18;234;27;22;78;0.64;0.23;0.8;N;N;N;16;N;N;;0.12;0.02;0.5;N;0.0;12;Tr
Rice and pigeon peas, brown rice;0;5.2;2.3;30.8;157;666;0.8;N;0.90;17;279;25;48;137;0.87;0.25;0.9;N;N;N;16;N;N;;0.15;0.03;1.0;N;0.0;N;Tr
Rice and red kidney beans;0;5.2;2.1;31.5;158;672;0.5;N;0.88;15;229;20;30;96;1.08;0.16;0.9;6;5;N;13;N;N;;0.10;0.02;0.5;0.09;Tr;14;Tr
Rice and red kidney beans, brown rice;0;5.5;2.3;29.1;152;644;0.6;N;0.89;15;275;19;57;156;1.31;0.17;1.0;5;N;N;13;N;N;;0.13;0.03;1.0;N;0.0;18;Tr
Rice and split peas;0;5.8;2.5;37.3;186;789;0.8;N;1.00;20;188;13;30;85;1.04;0.09;1.1;N;N;N;37;N;N;;0.12;0.03;0.7;0.08;Tr;N;Tr
Rice and split peas, brown rice;0;6.2;2.7;34.7;179;758;0.9;N;1.01;20;238;11;59;151;1.30;0.11;1.2;N;N;N;37;N;N;;0.15;0.04;1.3;N;Tr;N;Tr
Rice, brown, basmati, boiled in unsalted water;0;3.3;1.1;28.7;131;558;0.3;1.2;0.21;Tr;84;3;44;114;1.12;0.14;0.7;6;Tr;0;0;0.0;0.23;;0.08;Tr;1.5;0.03;0.0;5;0
Rice, brown, basmati, raw;0;8.9;3.1;77.6;355;1508;0.8;3.3;0.58;1;226;9;119;309;3.03;0.39;1.9;17;Tr;0;0;0.0;0.62;;0.38;Tr;6.9;0.12;0.0;29;0
Rice, brown, easy cook, boiled in unsalted water;0;3.2;1.3;35.3;157;669;0.3;1.5;N;1;100;4;49;141;0.44;0.11;0.9;6;1;0;0;0.0;0.06;;0.04;0.01;1.8;0.06;0.0;3;0
Rice, brown, easy cook, raw;0;7.5;3.1;82.1;366;1556;0.7;3.5;N;2;232;10;115;328;1.02;0.25;2.1;15;2;0;0;0.0;0.14;;0.15;0.04;6.8;0.25;0.0;16;0
Rice, brown, wholegrain, boiled in unsalted water;0;3.6;0.9;29.2;132;562;0.1;1.5;0.17;4;62;17;48;125;0.53;0.08;0.7;4;Tr;0;0;0.0;0.14;;0.11;Tr;2.0;0.04;0.0;7;0
Rice, brown, wholegrain, raw;0;7.7;1.5;77.0;333;1418;0.7;3.0;0.28;Tr;243;11;116;323;1.05;0.22;1.8;10;Tr;0;0;0.0;0.37;0.82;0.30;0.06;4.3;0.19;0.0;22;0
Rice, egg fried, ready cooked, re-heated, retail, not takeaway;0;3.9;5.3;28.1;169;712;Tr;2.8;0.72;409;88;28;12;77;0.41;0.09;0.5;7;3;Tr;24;Tr;2.08;;0.11;0.06;1.7;0.08;Tr;8;Tr
Rice, egg fried, takeaway;0;4.3;4.9;33.3;186;787;Tr;1.1;0.62;417;37;12;6;47;0.47;0.07;0.8;N;N;6;Tr;0.3;0.88;;0.03;0.08;0.3;0.06;0.4;8;Tr
Rice, pilau, plain, homemade;0;2.5;3.7;24.3;134;564;0.8;0.6;0.47;1;51;11;9;34;0.89;0.09;0.4;4;Tr;0;4;0.0;1.83;;0.04;Tr;0.3;0.03;0.0;2;Tr
"Rice, ready-cooked, ""plain"", re-heated";0;4.1;1.9;33.9;161;682;Tr;1.1;0.30;151;51;18;9;57;0.14;0.12;0.4;7;Tr;0;0;0.0;0.36;;0.08;Tr;2.3;0.08;0.0;5;0
Rice, red, raw;0;7.0;2.9;80.4;356;1513;0.9;4.1;0.53;2;242;15;106;314;2.15;0.37;1.5;4;Tr;0;0;0.0;0.26;;0.25;0.07;7.5;0.12;0.0;23;0
Rice, savoury, including chicken, beef, mushroom and vegetable varieties, dried, cooked;0;3.7;1.4;34.0;155;659;3.2;1.7;0.46;290;154;28;18;92;0.51;0.14;0.6;6;3;Tr;159;Tr;0.45;;0.20;0.09;2.5;0.12;Tr;22;1
Rice, savoury, including chicken, beef, mushroom and vegetable varieties, dried, uncooked;0;8.0;2.7;83.3;369;1569;6.7;3.6;0.91;1231;373;40;42;216;1.01;0.24;1.2;14;3;0;554;Tr;1.23;;0.33;0.21;2.8;0.22;Tr;48;5
Rice, Thai fragrant, boiled in unsalted water;0;2.3;0.4;32.1;133;568;Tr;Tr;0.09;4;12;13;5;24;0.05;Tr;0.5;2;Tr;0;0;0.0;0.01;;Tr;Tr;0.2;0.03;0.0;6;0
Rice, Thai fragrant, raw;0;6.4;1.1;84.5;352;1502;0.1;0.8;0.27;1;76;4;19;89;0.17;0.14;1.7;5;Tr;0;0;0.0;0.03;;0.09;Tr;1.5;0.15;0.0;15;0
Rice, white, basmati, boiled in unsalted water;0;2.8;0.7;26.5;117;498;Tr;0.6;0.16;4;15;14;6;30;0.08;0.10;0.4;5;Tr;0;0;0.0;0.08;;0.03;Tr;0.2;0.03;0.0;5;0
Rice, white, basmati, easy cook, boiled in unsalted water;0;3.5;0.4;32.2;138;590;Tr;Tr;0.09;4;16;18;6;38;0.07;0.11;0.3;7;Tr;0;0;0.0;0.01;;0.06;Tr;1.0;0.06;0.0;8;0
Rice, white, basmati, easy cook, raw;0;8.1;0.4;83.8;350;1493;0.6;1.4;0.11;3;128;23;24;131;0.90;0.31;0.8;20;Tr;0;0;0.0;0.03;;0.25;Tr;5.2;0.28;0.0;20;0
Rice, white, basmati, raw;0;8.1;0.5;83.7;351;1495;0.1;1.1;0.14;1;77;10;21;101;1.73;0.27;1.4;16;Tr;0;0;0.0;0.07;;0.13;Tr;1.2;0.10;0.0;12;0
"Rice, white, Italian ""Arborio"" risotto, boiled in unsalted water";0;3.2;0.5;32.2;138;588;Tr;Tr;0.09;4;33;12;12;52;0.09;0.10;0.6;2;Tr;0;0;0.0;0.01;;0.03;Tr;0.5;0.05;0.0;7;0
Rice, white, Italian Arborio risotto, raw;0;6.4;1.0;85.2;354;1509;0.2;1.4;0.21;1;86;5;30;125;0.21;0.20;1.4;5;Tr;0;0;0.0;0.03;;0.09;Tr;1.6;0.11;0.0;13;0
Rice, white, long grain, boiled in unsalted water;0;2.8;0.4;31.1;131;560;Tr;0.5;0.09;11;12;9;5;28;0.04;0.07;0.4;5;Tr;0;0;0.0;0.01;;Tr;Tr;0.3;0.03;0.0;4;0
Rice, white, long grain, easy cook, boiled in unsalted water;0;3.0;0.4;34.7;146;621;Tr;0.7;0.08;6;18;20;7;39;0.06;0.09;0.3;7;Tr;0;0;0.0;0.01;;0.05;Tr;0.7;0.03;0.0;6;0
Rice, white, long grain, easy cook, raw;0;7.0;1.1;82.3;347;1477;Tr;1.7;0.23;2;156;23;27;159;0.37;0.27;1.1;19;2;0;0;0.0;0.04;;0.21;Tr;4.2;0.18;0.0;18;0
Rice, white, long grain, raw;0;6.7;1.0;85.1;355;1513;0.2;1.1;0.25;1;87;16;25;117;0.26;0.18;1.4;13;Tr;0;0;0.0;0.03;;0.12;Tr;1.4;0.12;0.0;14;0
Rice, white, pudding, raw;0;5.6;0.9;85.6;352;1498;0.2;1.0;0.22;1;84;6;26;106;0.19;0.18;1.0;3;Tr;0;0;;Tr;;0.11;Tr;1.3;0.10;0.0;14;0
Rice, wild, boiled in unsalted water;0;5.3;0.6;31.7;145;620;0.4;2.5;0.12;4;102;16;43;141;0.54;0.24;1.8;1;Tr;0;0;0.0;0.10;;0.13;0.08;2.2;0.04;0.0;24;0
Rice, wild, raw;0;12.2;1.1;75.8;343;1461;0.1;4.3;0.25;4;326;8;108;377;1.27;0.63;4.3;3;Tr;0;0;0.0;0.24;;0.25;0.27;4.4;0.15;0.0;65;0
Risotto, chicken, homemade;0;8.9;3.3;25.3;173;725;N;0.8;1.54;355;165;22;19;98;0.44;0.09;0.9;5;N;27;30;0.0;0.15;;0.08;0.06;2.5;N;Tr;N;1
Risotto, plain, homemade;0;3.3;4.7;35.6;184;778;1.0;0.9;0.67;447;73;9;15;62;0.19;0.11;0.6;2;Tr;0;2;0.0;2.01;;0.04;Tr;0.4;0.04;Tr;3;0
Risotto, vegetable, brown rice;0;4.0;6.2;17.3;136;573;1.8;N;0.72;74;274;25;40;129;1.06;0.19;0.8;8;N;0;82;0.0;1.11;;0.13;0.08;1.1;0.14;0.0;16;9
Risotto, white rice, vegetable, homemade;0;3.8;6.1;18.5;139;586;1.7;N;0.71;74;250;24;28;100;0.94;0.19;0.8;7;N;0;82;0.0;1.06;;0.13;0.09;1.0;0.10;0.0;27;18
Rissoles, brown rice, fried in sunflower oil;0;5.6;8.8;30.8;216;911;1.5;;1.30;350;170;32;51;150;1.70;0.26;1.1;14;N;12;1;0.1;3.51;;0.15;0.07;2.2;N;0.2;10;Tr
Rissoles, brown rice, fried in vegetable oil;0;5.6;8.8;30.8;216;911;1.5;;1.20;350;170;32;51;150;1.70;0.26;1.1;14;N;12;1;0.1;1.87;;0.15;0.07;2.2;N;0.2;10;Tr
Rissoles, chick pea, fried in sunflower oil;0;8.0;16.7;16.0;243;1013;0.4;N;2.06;11;127;48;25;93;1.70;0.05;0.9;3;N;8;66;0.2;8.17;;0.05;0.05;0.2;0.04;0.2;10;2
Rissoles, chick pea, fried in vegetable oil;0;8.0;16.7;16.0;243;1013;0.4;N;1.34;11;127;48;25;93;1.70;0.05;0.9;3;N;8;66;0.2;4.59;;0.05;0.05;0.2;0.04;0.2;10;2
Rissoles, lentil, fried in sunflower oil;0;8.9;10.5;22.0;211;886;2.0;;1.40;230;330;39;45;140;3.60;0.33;1.5;34;4;10;835;0.1;4.51;;0.15;0.09;1.1;0.24;0.1;20;1
Rissoles, lentil, fried in vegetable oil;0;8.9;10.5;22.0;211;886;2.0;;1.30;230;330;39;45;140;3.60;0.33;1.5;34;5;10;835;0.1;2.30;;0.15;0.09;1.1;0.24;0.1;20;1
Rissoles, vegetable, fried in sunflower oil;0;1.5;7.2;13.2;121;504;1.6;N;1.19;23;277;17;14;30;0.35;0.05;0.2;0;N;N;1685;N;N;;0.16;0.01;0.4;0.05;0.0;14;8
Rissoles, vegetable, fried in vegetable oil;0;1.5;7.2;13.2;121;504;1.6;N;0.89;23;277;17;14;30;0.35;0.05;0.2;Tr;N;N;1685;N;N;;0.16;0.01;0.4;0.05;0.0;14;8
Rock cakes, homemade;0;5.3;14.8;61.8;386;1627;32.0;1.4;4.90;382;226;92;17;241;1.14;0.23;0.5;N;N;N;125;N;N;;0.11;0.09;0.8;0.10;0.3;6;Tr
Rock Salmon/Dogfish, in batter, fried in blended oil;0;14.7;21.9;10.3;295;1225;Tr;;2.90;160;230;44;18;190;0.50;0.08;0.4;22;N;94;Tr;N;N;;0.07;0.08;3.2;0.21;N;4;Tr
Rock Salmon/Dogfish, in batter, fried in blended oil, weighed with bones;0;13.7;20.4;9.6;274;1139;Tr;;2.70;150;210;41;17;180;0.50;0.07;0.4;20;N;87;Tr;N;N;;0.07;0.07;3.0;0.20;N;4;Tr
Rock Salmon/Dogfish, in batter, fried in dripping;0;14.7;21.9;10.3;295;1225;Tr;;9.60;160;230;44;18;190;0.50;0.08;0.4;22;N;N;N;N;N;;0.07;0.08;3.2;0.21;N;4;Tr
Rock Salmon/Dogfish, in batter, fried in dripping, weighed with bones;0;13.7;20.4;9.6;274;1139;Tr;;8.90;150;210;41;17;180;0.50;0.07;0.4;20;N;N;N;N;N;;0.07;0.07;3.0;0.20;N;4;Tr
Rock Salmon/Dogfish, in batter, fried in retail blend oil;0;14.7;21.9;10.3;295;1225;Tr;;5.30;160;230;44;18;190;0.50;0.08;0.4;22;N;94;Tr;N;N;;0.07;0.08;3.2;0.21;N;4;Tr
Rock Salmon/Dogfish, in batter, fried in retail blend oil, weighed with bones;0;13.7;20.4;9.6;274;1139;Tr;;4.90;150;210;41;17;180;0.50;0.07;0.4;20;N;87;Tr;N;N;;0.07;0.07;3.0;0.20;N;4;Tr
Rock Salmon/Dogfish, in batter, fried in sunflower oil;0;14.7;21.9;10.3;295;1225;Tr;;3.10;160;230;44;18;190;0.50;0.08;0.4;22;N;94;Tr;N;N;;0.07;0.08;3.2;0.21;N;4;Tr
Rock Salmon/Dogfish, in batter, fried in sunflower oil, weighed with bones;0;13.7;20.4;9.6;274;1139;Tr;;2.90;150;210;41;17;180;0.50;0.07;0.4;20;N;87;Tr;N;N;;0.07;0.07;3.0;0.20;N;4;Tr
Rock Salmon/Dogfish, raw;0;16.6;9.7;0.0;154;641;0.0;;1.40;120;290;8;21;230;0.90;0.04;0.4;55;N;190;Tr;9.1;N;;0.17;0.29;2.9;0.37;5.0;3;Tr
Rocket, raw;0;3.6;0.4;Tr;18;74;Tr;1.7;0.07;30;326;216;28;44;1.26;0.19;0.4;2;5;0;1141;0.0;0.22;;0.19;0.18;0.7;0.08;0.0;88;20
Roe, cod, hard, coated in batter, fried;0;12.4;11.8;8.9;189;790;Tr;;N;510;270;67;27;210;1.40;0.13;1.5;25;N;N;N;N;N;;0.09;0.22;0.6;0.08;N;22;Tr
Roe, cod, hard, raw;0;21.7;1.9;0.0;104;439;0.0;;0.40;110;170;11;9;320;1.00;0.24;3.5;N;N;79;0;18.0;6.20;;0.78;0.49;1.0;0.32;10.0;N;Tr
Roe, herring, soft, raw;0;16.8;2.6;0.0;91;382;0.0;;0.50;120;200;5;5;620;0.50;0.07;0.8;N;N;N;0;4.0;2.80;;Tr;0.29;1.3;N;5.0;N;Tr
Rohu, raw;0;16.6;1.4;0.0;79;334;0.0;;N;100;290;N;13;180;1.00;0.13;N;N;N;Tr;Tr;Tr;N;;0.05;0.07;0.7;N;5.0;N;Tr
Rosemary, dried;0;4.9;15.2;46.4;331;1387;N;42.6;7.37;50;950;1280;220;70;29.30;0.55;3.2;5;N;0;1880;0.0;N;;0.51;0.43;1.0;1.74;0.0;307;61
Rosemary, fresh;0;1.4;4.4;13.5;99;416;N;12.4;2.15;15;280;370;64;20;8.50;N;0.9;1;N;0;550;0.0;N;;0.10;0.13;0.3;0.51;0.0;89;18
Roulade, spinach;0;10.1;13.3;4.5;182;758;2.0;N;7.33;269;219;255;29;182;1.34;0.03;1.4;8;32;149;1856;1.0;1.36;;0.07;0.27;0.5;0.11;1.4;51;4
Rum baba, homemade;0;3.7;7.7;33.1;222;935;19.7;N;1.94;59;98;32;19;69;0.81;0.14;0.4;2;N;N;42;N;N;;0.07;0.11;0.5;0.06;0.2;46;1
Rusks;0;6.5;10.7;73.0;396;1674;23.4;2.4;4.59;88;240;336;29;108;6.46;0.11;0.7;6;2;N;N;N;1.38;;N;N;7.4;Tr;N;22;Tr
Saag, homemade;0;3.3;8.8;5.0;111;462;1.7;2.3;1.45;385;376;134;55;49;2.41;0.12;1.0;Tr;N;N;1557;0.0;2.86;;0.03;0.20;0.2;Tr;0.0;37;4
Saffron;0;11.4;5.9;61.5;310;1298;42.4;;N;150;1720;110;N;250;11.10;0.33;N;N;N;0;N;0.0;N;;N;N;N;N;0.0;0;0
Sage, dried, ground;0;10.6;12.7;42.7;315;1317;N;;7.00;11;1070;1650;430;91;28.10;0.76;4.7;N;N;0;3540;0.0;N;;N;0.34;5.7;N;0.0;0;0
Sage, fresh;0;3.9;4.6;15.6;119;502;N;;2.60;4;390;600;160;33;N;N;1.7;N;N;0;1290;0.0;N;;0.11;N;N;N;0.0;N;Tr
Sago, raw;0;0.2;0.2;94.0;355;1515;Tr;;0.10;3;5;10;3;29;1.20;0.03;N;N;N;0;0;0.0;Tr;;Tr;Tr;Tr;Tr;0.0;Tr;0
Salad cream;0;1.5;26.7;21,2;326;1353;16.7;0.5;N;700;40;18;9;48;0.50;0.02;0.3;N;11;9;17;0.2;13.58;;N;N;N;0.03;0.5;3;0
Salad cream, reduced fat;0;1.0;10.6;15,5;157;657;9.2;0.5;1.57;530;N;N;N;N;N;N;N;N;N;N;N;N;N;;N;N;N;N;N;N;0
Salad, beetroot and onion in French dressing;0;1.9;3.1;9.5;71;299;8.2;N;N;125;N;N;N;N;N;N;N;N;N;0;22;0.0;N;;0.02;0.01;0.1;0.04;0.0;86;4
Salad, Greek;0;2.7;12.6;1.9;131;542;1.8;N;3.32;209;144;62;10;55;0.32;0.04;0.2;1;N;31;178;0.1;0.90;;0.03;0.04;0.3;0.08;0.2;19;27
Salad, green;0;1.0;0.4;1.6;13;57;1.6;N;0.04;8;172;19;9;22;0.29;0.03;0.1;Tr;2;0;123;0.0;0.42;;0.05;0.02;0.3;0.10;0.0;32;35
Salad, pasta, vegetables and mayonnaise;0;3.7;7.9;17.5;150;632;1.9;N;0.76;22;98;24;13;53;0.65;0.01;0.4;2;5;11;1903;0.0;2.30;;0.11;0.04;0.5;0.08;0.0;16;21
Salad, potato, with French dressing;0;1.5;5.0;15.8;111;467;2.1;1.5;N;93;N;N;N;N;N;N;N;N;N;0;50;0.0;N;;0.17;Tr;0.4;0.05;0.0;17;9
Salad, potato, with mayonnaise;0;1.6;20.6;12.7;239;991;1.5;1.2;1.57;37;258;8;13;24;0.37;0.04;0.2;0;3;28;43;Tr;6.09;;0.15;0.03;0.4;0.07;0.1;17;8
Salad, potato, with mayonnaise, retail;0;1.5;11.8;12,3;158;658;1,9;1.2;N;160;180;6;9;29;0.40;0.05;0.2;N;14;N;N;0.1;N;;0.12;0.03;0.3;0.21;N;18;4
Salad, rice, brown;0;3.5;7.3;21.6;160;674;5.0;N;0.85;170;179;21;44;106;1.19;0.17;0.8;N;N;0;129;0.0;1.19;;0.12;0.02;1.5;0.10;0.0;22;13
Salad, rice, homemade;0;3.1;7.0;24.5;168;706;4.9;N;1.04;171;156;22;22;60;0.94;0.17;0.6;5;N;0;129;0.0;2.32;;0.09;0.02;0.8;0.10;0.0;22;13
Salad, tomato and onion;0;0.6;2.7;4.9;45;190;4.1;1.3;N;44;N;N;N;N;N;N;N;N;N;0;238;0.0;N;;0.05;0.01;0.5;0.06;0.0;18;16
Salad, Waldorf;0;1.5;17.8;7.9;196;811;7.9;N;1.53;31;131;14;13;32;0.31;0.10;0.2;1;N;14;15;Tr;4.22;;0.06;0.05;0.2;0.11;0.1;8;6
Salad, wholemeal pasta, with vegetables and mayonnaise;0;3.1;7.5;13.8;131;519;2.6;;1.10;73;140;16;24;69;1.10;0.10;0.7;N;N;7;1365;Tr;1.95;;0.14;0.03;0.8;0.12;Tr;17;21
Salami;0;20.9;39.2;0.5;438;1814;0.5;0.4;14.60;1530;320;11;18;170;1.30;0.12;3.0;7;15;Tr;Tr;N;0.23;1.11;0.60;0.23;5.6;0.36;2.0;3;N
Salami snack;0;25.1;44.0;1.9;504;2085;1.9;0.5;16.79;1600;330;11;19;180;2.20;0.11;3.9;N;N;Tr;Tr;N;1.77;;0.27;0.16;5.5;0.27;2.0;1;N
Salmis of pheasant, homemade;0;9.9;5.6;2.4;106;444;1.4;N;N;219;168;17;12;82;0.91;0.05;0.5;N;N;N;N;N;N;;0.03;0.11;3.3;0.22;1.0;8;4
Salmon en croute, retail;0;11.8;19.1;18.0;288;1202;0.9;N;N;190;200;47;18;140;0.60;0.08;0.5;N;N;30;13;3.4;N;;0.13;0.07;2.5;0.31;2.0;12;Tr
Salmon, farmed, flesh only, baked;0;25.2;14.6;0.0;232;969;0.0;Tr;2.76;49;412;11;30;262;0.45;0.05;0.6;20;14;17;Tr;7.3;3.70;;0.26;0.09;8.6;0.14;2.5;8;Tr
Salmon, farmed, flesh only, grilled;0;24.6;15.6;0.0;239;995;0.0;Tr;2.95;49;412;11;30;262;0.45;0.05;0.6;20;14;18;Tr;7.8;3.94;;0.21;0.10;8.6;0.16;3.4;9;Tr
Salmon, farmed, flesh only, grilled, weighed with bones and skin;0;21.4;13.6;0.0;208;867;0.0;Tr;2.57;43;358;9;26;228;0.39;0.04;0.5;17;12;16;Tr;6.8;3.43;;0.18;0.09;7.5;0.14;3.0;8;Tr
Salmon, farmed, flesh only, raw;0;20.4;15.0;0.0;217;902;0.0;0.2;2.77;43;357;10;26;226;0.33;0.05;0.4;18;12;16;1;4.7;3.95;;0.45;0.07;7.7;0.21;4.4;5;Tr
Salmon, farmed, flesh only, steamed;0;23.6;18.5;0.0;261;1086;0.0;Tr;3.50;51;425;11;31;269;0.39;0.06;0.5;21;14;21;Tr;9.3;4.70;;0.21;0.08;7.7;0.17;2.1;6;Tr
Salmon, farmed, flesh only, steamed, fillets weighed with bones and skin;0;20.5;16.1;0.0;227;944;0.0;Tr;3.04;45;370;10;27;234;0.34;0.05;0.5;18;12;21;Tr;9.3;4.70;;0.21;0.08;7.7;0.17;2.1;6;Tr
Salmon, pink, canned in brine, drained;0;23.6;4.8;0.0;138;579;0.0;0.0;0.92;352;326;109;25;234;0.83;0.07;0.7;34;18;12;Tr;13.6;0.76;;0.02;0.21;7.4;0.19;4.7;19;Tr
Salmon, red, canned in brine, drained;0;23.5;7.3;0.0;160;670;0.0;0.0;1.43;430;305;164;29;291;0.68;0.06;0.8;37;22;7;Tr;10.9;1.65;;0.03;0.21;7.6;0.20;4.9;14;Tr
Salmon, red, canned in brine, skinless and boneless, drained;0;23.2;6.7;0.0;153;642;0.0;0.0;1.28;379;304;6;27;214;0.60;0.07;0.5;38;24;10;Tr;11.8;1.47;;0.04;0.22;6.9;0.23;4.5;12;Tr
Salmon, smoked (cold-smoked);0;22.8;10.1;0.5;184;769;0.5;0.0;2.15;1184;442;8;31;266;0.23;0.02;0.4;19;9;28;Tr;8.9;2.03;;0.43;0.12;8.3;0.73;3.2;15;Tr
Salmon, smoked (hot-smoked);0;25.4;8.8;1.3;186;778;1.3;0.0;1.94;848;460;8;32;293;0.34;0.05;0.5;24;9;28;Tr;11.0;2.29;;0.41;0.16;9.5;0.51;4.2;14;Tr
Salmon, wild, baked;0;26.5;12.1;0.0;215;898;0.0;0.0;2.53;58;458;18;35;300;0.61;0.08;0.6;32;15;32;Tr;10.3;1.33;;0.16;0.10;9.4;0.17;7.0;1;Tr
Salmon, wild, flesh only, raw;0;22.1;10.1;0.0;179;749;0.0;0.0;2.11;48;382;15;29;250;0.51;0.07;0.5;27;12;27;Tr;8.6;1.11;;0.19;0.10;9.8;0.16;6.5;1;Tr
Salmon, wild, grilled;0;25.9;11.8;0.0;210;877;0.0;0.0;2.47;56;448;18;34;293;0.60;0.08;0.6;32;14;32;Tr;10.1;1.30;;0.20;0.12;10.3;0.17;7.6;1;Tr
Salmon, wild, steamed;0;25.3;11.6;0.0;206;859;0.0;0.0;2.42;55;437;17;34;286;0.58;0.08;0.6;31;14;31;Tr;9.8;1.27;;0.20;0.11;10.1;0.18;7.4;1;Tr
Salsify, flesh only, boiled in unsalted water;0;1.1;0.4;8.6;23;99;1.4;N;N;5;200;38;16;33;0.70;0.01;0.3;N;N;0;20;0.0;N;;0.04;Tr;0.2;0.05;0.0;25;1
Salsify, flesh only, raw;0;1.3;0.3;10.2;27;113;1.5;;N;5;310;42;20;42;0.90;0.01;0.2;N;N;0;20;0.0;N;;0.06;0.01;0.2;0.07;0.0;57;3
Salt;0;0.0;0.0;0.0;0;0;0.0;0.0;0.00;39300;89;10;76;1;0.30;0.08;0.1;N;44;0;0;0.0;0.00;;0.00;0.00;0.0;0.00;0.0;0;0
Salted fish, Chinese, bones removed, steamed;0;33.9;2.2;0.0;155;658;0.0;;N;5560;480;69;64;270;1.30;0.24;0.7;N;N;Tr;Tr;Tr;N;;Tr;0.11;4.1;N;5.0;8;Tr
Sambar, homemade;0;3.1;0.9;7.7;49;210;1.9;2.4;0.17;444;251;27;22;57;0.81;0.14;0.4;N;N;0;101;0.0;N;;0.22;0.03;0.2;N;0.0;11;Tr
Samosas, lamb, baked, homemade;0;11.1;17.5;23.1;288;1200;1.6;2.3;3.39;40;300;41;23;130;1.55;0.10;1.8;2;7;2;79;0.3;2.85;;0.22;0.08;2.2;0.19;0.6;9;4
Samosas, lamb, deep fried in rapeseed oil, homemade;0;8.1;31.5;16.9;379;1570;1.2;1.7;3.72;29;219;30;17;95;1.15;0.07;1.3;1;7;1;58;0.2;6.25;;0.16;0.06;1.6;0.14;0.5;7;3
Samosas, vegetable, retail;0;5.1;9.3;30.0;217;911;2.7;3.5;1.09;390;150;65;19;65;1.50;0.11;0.5;N;N;0;N;0.0;N;;0.12;0.08;1.1;0.15;0.0;44;N
Sandwich, white bread, bacon, lettuce and tomato;0;8.2;11.9;24.1;230;965;2.4;1.5;2.46;477;177;95;17;84;0.97;0.09;0.7;5;4;30;66;0.3;2.66;;0.34;0.08;2.2;0.14;0.2;23;3
Sandwich, white bread, cheddar cheese and pickle;0;12.0;14.4;27.7;282;1184;4.6;1.5;7.42;591;107;321;22;206;1.01;0.08;1.7;5;11;141;94;0.4;1.46;;0.14;0.16;0.9;0.09;0.7;23;Tr
Sandwich, white bread, chicken salad;0;10.7;4.9;22.5;172;725;2.1;1.4;1.16;235;196;91;20;105;0.99;0.10;0.8;7;4;26;64;0.3;1.15;;0.15;0.08;3.2;0.14;Tr;22;3
Sandwich, white bread, egg mayonnaise;0;8.8;11.2;28.5;243;1020;2.2;1.5;1.89;323;124;124;18;115;1.54;0.11;0.9;11;17;66;21;1.1;3.10;;0.17;0.18;1.0;0.08;0.6;24;Tr
Sandwich, white bread, ham salad;0;8.2;4.1;25.0;163;690;2.5;1.6;0.94;405;190;98;19;126;1.04;0.11;0.8;6;4;25;63;0.2;1.21;;0.31;0.08;2.3;0.18;0.2;24;2
Sandwich, white bread, tuna mayonnaise;0;12.5;10.2;25.3;237;994;2.1;1.4;1.29;350;151;100;21;108;1.38;0.10;0.7;26;7;40;19;0.6;3.15;;0.13;0.09;4.2;0.15;1.1;15;Tr
Sapodilla, flesh only;0;0.6;0.9;15.5;69;291;14.7;;N;7;190;27;26;15;1.10;0.36;N;N;N;0;53;0.0;N;;0.01;0.02;0.2;0.04;0.0;N;10
Sardines, canned in brine, drained;0;22.1;9.1;0.0;170;712;0.0;0.0;2.61;368;287;679;42;545;2.73;0.13;2.2;41;26;10;Tr;3.3;0.24;;0.01;0.22;5.5;0.07;10.8;4;Tr
Sardines, canned in olive oil, drained;0;23.3;14.1;0.0;220;918;0.0;0.0;3.33;400;410;500;46;520;2.30;0.11;2.2;49;23;11;N;3.6;0.52;;0.01;0.29;6.9;0.18;15.0;8;Tr
Sardines, canned in sunflower oil, drained;0;23.3;14.1;0.0;220;918;0.0;0.0;3.21;400;410;500;46;520;2.30;0.11;2.2;49;23;11;Tr;3.6;2.73;;0.01;0.29;6.9;0.18;15.0;8;Tr
Sardines, canned in tomato sauce, whole contents;0;18.5;10.8;0.9;175;729;0.9;Tr;2.89;315;371;455;38;417;2.69;0.12;2.0;39;26;10;276;3.3;1.84;;0.03;0.22;5.5;0.25;8.9;4;Tr
Sardines, flesh only, grilled;0;25.4;7.8;0.0;172;720;0.0;0.0;2.35;174;496;63;40;329;1.99;0.17;0.9;65;101;13;Tr;5.1;0.40;;Tr;0.39;11.6;0.36;10.6;9;Tr
Sardines, flesh only, grilled, weighed with skin and bones;0;16.0;4.9;0.0;108;453;0.0;0.0;1.48;110;312;40;25;207;1.25;0.10;0.6;41;64;8;Tr;3.2;0.25;;Tr;0.25;7.3;0.23;6.7;6;Tr
Sardines, flesh only, raw;0;19.8;6.1;0.0;134;562;0.0;0.0;1.83;136;387;50;32;257;1.55;0.13;0.7;51;79;10;Tr;4.0;0.31;;Tr;0.34;10.1;0.31;8.3;7;Tr
Sauce, cheese, packet mix, dry;0;19.3;28.4;40.9;486;2033;5.6;1.7;17.60;2700;330;430;36;730;0.80;Tr;2.5;N;N;140;150;0.5;N;;0.12;0.58;0.9;0.26;1.3;46;0
Sauce, Chinese cook in, sweet & sour;0;0.5;1.0;22.1;94;399;19.4;0.8;Tr;250;93;11;6;11;0.22;0.03;0.1;Tr;1;0;584;0.0;0.50;;0.02;Tr;0.3;0.03;0.0;3;1
Sauce, Chinese stir fry;0;1.4;1.3;19.9;92;390;16.7;0.9;0.12;570;106;15;11;24;1.12;0.07;0.2;Tr;13;0;121;0.0;0.27;;0.02;0.03;0.3;0.04;0.0;6;2
Sauce, curry, onion, with butter, homemade;0;1.2;24.7;6.6;252;1043;4.4;1.6;15.49;228;152;41;13;31;1.41;N;0.2;N;14;285;195;0.3;0.77;2.20;0.07;0.04;0.3;0.12;0.1;6;3
Sauce, curry, onion, with vegetable oil, homemade;0;1.0;30.0;6.5;298;1232;4.2;1.6;1.96;11;144;36;12;24;1.44;0.06;0.2;N;6;0;14;0.0;6.82;;0.07;0.02;0.3;0.12;0.0;6;3
Sauce, curry, sweet, UK type, homemade;0;1.1;5.7;9.8;92;385;5.7;N;1.37;12;164;27;13;24;1.52;0.07;0.2;Tr;2;0;41;0.0;1.14;;0.06;0.02;0.3;0.05;0.0;5;2
Sauce, curry, tomato and onion, homemade;0;1.7;19.2;6.1;201;828;4.6;2.0;1.30;29;294;28;17;33;1.09;0.10;0.2;Tr;N;0;383;0.0;5.46;;0.13;0.04;0.9;0.16;0.0;7;6
Sauce, dry, casserole mix;0;9.7;3.9;68.2;330;1400;12.2;N;N;5400;800;92;62;210;3.90;0.26;1.0;N;N;0;N;0.0;N;;N;N;N;N;Tr;N;0
Sauce, dry, casserole mix, made up;0;1.1;0.4;7.3;35;150;1.2;;N;590;88;10;7;23;0.40;0.03;0.1;N;N;0;N;0.0;N;;N;N;N;N;0.0;N;0
Sauce, duck a l'orange;0;0.5;3.7;7.1;66;277;1.8;N;2.10;399;40;6;3;10;0.15;0.01;0.1;Tr;2;38;31;0.0;0.10;0.36;0.01;0.01;Tr;Tr;Tr;3;5
Sauce, Indian cook in, korma/tikka masala;0;1.7;9.5;10.9;133;555;7.4;2.5;4.41;270;193;34;17;40;0.84;0.06;0.3;1;3;35;395;Tr;1.65;;0.02;0.14;0.5;0.06;Tr;6;1
Sauce, pasta, carbonara type;0;4.9;13.0;3.8;151;625;0.8;1.3;7.67;340;80;100;7;126;0.24;Tr;0.6;3;11;87;49;Tr;0.55;;N;0.09;0.6;0.12;Tr;5;Tr
Sauce, pasta, four cheese;0;5.1;9.7;5.8;129;538;1.9;1.3;5.73;325;70;169;10;149;0.13;Tr;0.7;3;18;87;49;Tr;0.55;;Tr;0.11;0.1;0.15;Tr;6;Tr
Sauce, pasta, tomato based, for bolognese;0;1.5;1.3;6.9;44;184;6.1;2.0;0.21;290;387;31;19;33;0.65;0.12;0.2;1;Tr;0;577;0.0;1.99;;0.06;0.02;1.0;0.27;0.0;2;Tr
Sauce, pasta, tomato based, napoletana;0;1.5;3.8;6.5;65;270;6.3;2.3;0.54;290;356;33;18;32;0.62;0.12;0.2;1;Tr;0;592;0.0;3.60;;0.06;0.02;1.0;0.23;0.0;8;Tr
Sauce, pasta, tomato based, reduced fat;0;1.4;0.3;6.7;33;142;5.6;2.0;0.06;230;387;31;19;33;0.65;0.12;0.2;1;Tr;Tr;577;0.0;N;;0.06;0.02;1.0;0.27;0.0;2;Tr
Sauce, pasta, tomato based, with added vegetables;0;1.4;2.1;5.7;46;193;5.1;2.4;0.29;230;354;24;17;35;0.60;0.16;0.2;1;3;0;472;0.0;1.05;;Tr;0.07;1.2;0.23;0.0;15;4
Sauce, pasta, white, with ham and mushrooms, homemade;0;7.3;10.6;1.0;129;534;1.0;0.4;6.60;198;291;124;15;182;0.29;0.24;1.1;N;N;138;83;0.1;0.26;;0.17;0.22;1.9;0.14;0.6;16;1
Sauce, sweet and sour, take-away;0;0.2;3.4;32.8;157;666;27.5;N;N;150;16;6;2;4;6.00;Tr;Tr;N;N;0;N;0.0;N;;0.11;Tr;0.0;N;0.0;N;N
Sauce, tomato and mushroom, homemade;0;1.4;2.0;6.0;46;191;4.7;1.5;0.19;6;289;23;14;33;0.83;0.11;0.2;2;4;0;343;0.0;2.07;;0.06;0.07;1.1;0.12;Tr;17;6
Sauce, tomato based, homemade;0;1.5;4.5;6.5;70;291;5.1;1.3;0.63;8;286;20;14;26;0.75;0.10;0.2;Tr;3;0;433;0.0;1.79;;0.15;0.04;0.9;0.12;0.0;11;7
Sauce, traditional cook in, tomato based;0;0.9;1.0;8.1;43;182;4.9;1.5;0.15;300;194;26;11;23;0.61;0.06;0.2;1;1;0;315;0.0;1.38;;0.12;0.03;0.7;0.06;0.0;5;3
Sauce, traditional cook in, white sauce based;0;1.6;8.6;5.7;105;437;2.8;2.3;1.69;370;67;28;5;56;0.14;0.02;0.2;1;4;18;228;Tr;3.50;;0.29;0.06;0.2;0.02;Tr;7;Tr
Sauces, Indian cook in, other;0;1.4;3.2;8.7;67;282;6.1;2.5;0.50;300;236;33;18;32;1.02;0.09;0.2;1;2;0;384;0.0;2.34;;0.03;0.03;0.8;0.08;Tr;11;3
Sauerkraut;0;1.1;Tr;1.1;9;36;1.1;N;Tr;590;180;50;10;23;1.20;0.05;0.3;Tr;1;0;18;0.0;N;;0.04;0.01;0.2;0.15;0.0;16;10
Sausage roll, flaky pastry, ready-to-eat, retail;0;8.4;24.1;27.0;352;1467;1.3;3.4;10.36;577;129;61;14;89;1.16;Tr;0.7;5;2;Tr;Tr;Tr;2.11;;0.08;0.11;1.7;0.18;0.2;2;2
Sausage rolls, short pastry, homemade;0;9.9;28.8;25.6;395;1645;2.1;3.3;10.65;376;146;102;13;130;1.02;0.04;0.7;4;5;1;Tr;0.5;1.92;;0.05;0.06;1.6;0.07;0.5;5;3
Sausages, beef, fried in vegetable oil;0;17.6;17.4;10.7;267;1114;2.6;1.6;7.57;490;246;103;19;246;1.81;0.13;2.6;5;8;Tr;Tr;N;0.79;;Tr;0.11;2.9;0.13;0.9;15;N
Sausages, beef, grilled;0;17.2;17.2;11.0;265;1105;2.4;1.6;7.90;500;246;103;19;259;1.81;0.14;2.6;5;8;Tr;Tr;N;0.59;;Tr;0.14;3.2;0.14;0.9;9;N
Sausages, beef, raw;0;12.7;19.5;8.4;258;1072;2.6;1.5;7.59;380;185;74;14;173;1.36;0.10;1.8;5;9;Tr;Tr;N;0.54;;0.01;0.10;2.6;0.12;1.2;12;33
Sausages, pork, chilled, fried in vegetable oil;0;13.9;23.9;9.9;308;1279;1.6;2.1;8.50;640;180;110;15;220;1.10;0.12;1.1;6;8;Tr;Tr;1.1;0.86;;0.01;0.13;3.1;0.09;1.0;3;5
Sausages, pork, chilled, grilled;0;14.5;22.1;9.8;294;1221;1.5;2.3;8.00;640;190;110;15;220;1.10;0.11;1.4;6;8;Tr;Tr;1.1;0.92;;Tr;0.13;3.1;0.12;1.0;4;5
Sausages, pork, frozen, fried in vegetable oil;0;13.8;24.8;10.0;316;1312;0.5;2.1;8.80;640;160;110;13;170;0.90;0.07;0.8;5;7;Tr;Tr;N;N;;0.04;0.08;1.9;0.07;1.0;19;4
Sausages, pork, frozen, grilled;0;14.8;21.2;10.5;289;1204;0.5;2.3;7.60;640;160;110;13;170;0.90;0.07;0.8;5;7;Tr;Tr;N;0.71;;0.04;0.08;1.9;0.07;1.0;19;4
Sausages, pork, raw;0;11.9;25.0;9.6;309;1282;2.8;2.8;9.15;470;160;103;13;175;0.90;0.07;0.9;5;7;Tr;Tr;0.9;0.93;;0.03;0.11;2.5;0.12;1.0;13;7
Sausages, pork, reduced fat, fried in vegetable oil;0;14.9;5.7;8.8;144;607;2.6;2.3;1.92;560;210;110;16;200;1.20;0.08;1.4;6;8;Tr;Tr;N;0.12;;Tr;0.12;2.2;0.12;1.0;5;N
Sausages, pork, reduced fat, grilled;0;16.2;6.1;10.7;160;672;3.4;2.5;2.24;680;260;130;19;230;1.30;0.08;1.7;7;9;Tr;Tr;N;0.13;;Tr;0.13;2.8;0.11;1.0;32;N
Sausages, pork, reduced fat, raw;0;14.4;5.6;8.7;141;591;3.5;2.3;2.09;500;188;101;16;188;1.00;0.12;1.3;6;7;Tr;Tr;N;0.13;;0.03;0.12;2.3;0.23;Tr;6;N
Sausages, premium, fried in vegetable oil;0;17.9;19.5;2.5;256;1065;1.0;;7.54;560;210;180;16;180;1.10;0.07;1.3;N;N;Tr;Tr;N;N;;0.05;0.10;2.7;0.14;1.0;8;8
Sausages, premium, grilled;0;19.0;21.1;2.3;275;1141;0.9;0.6;8.03;570;220;180;16;180;1.20;0.07;1.4;N;N;Tr;Tr;N;0.80;;0.05;0.10;2.7;0.14;1.0;8;8
Sausages, premium, raw;0;13.8;21.0;2.6;254;1053;1.5;0.5;8.17;500;190;160;14;160;1.00;0.06;1.2;N;N;Tr;Tr;N;0.90;;0.05;0.11;3.0;0.16;1.0;7;14
Sausages, vegetarian, baked/grilled;0;14.9;9.4;9.2;179;748;1.3;N;2.33;550;351;136;54;193;3.10;0.24;1.0;4;Tr;0;N;0.0;N;;1.72;0.14;1.1;0.05;N;34;Tr
Saveloy, unbattered, takeaway;0;13.8;22.3;10.8;296;1233;1.3;;7.50;1150;180;81;18;230;4.50;0.11;1.2;N;N;19;Tr;N;0.45;;0.14;0.09;1.9;0.06;Tr;1;N
Scallops, steamed;0;23.2;1.4;3.4;118;501;Tr;;0.40;180;240;29;38;240;1.10;0.14;2.6;51;20;Tr;Tr;Tr;N;;0.08;0.05;0.9;N;9.0;18;Tr
Scampi, coated in breadcrumbs, baked;0;11.6;10.5;24.3;232;975;0.8;1.5;0.85;561;234;105;34;260;1.91;0.18;0.8;26;101;Tr;Tr;Tr;3.18;;0.16;0.06;2.1;0.06;1.5;14;Tr
Scampi, coated in breadcrumbs, fried in sunflower oil;0;10.6;13.0;22.2;243;1016;0.7;1.4;1.15;512;213;96;31;237;1.74;0.16;0.7;24;92;Tr;Tr;Tr;4.41;;0.15;0.05;1.9;0.05;1.4;13;Tr
Scampi, in breadcrumbs, frozen, fried in rapeseed oil;0;10.6;13.0;22.2;243;1016;0.7;1.4;1.02;512;213;96;31;237;1.74;0.16;0.7;24;92;Tr;Tr;Tr;3.74;;0.15;0.05;1.9;0.05;1.4;13;Tr
Scones, cheese, homemade;0;10.1;16.4;45.3;358;1503;1.9;2.1;7.18;659;159;249;21;480;1.07;0.08;1.3;3;N;N;114;N;N;;0.12;0.16;0.9;0.11;0.7;11;1
Scones, fruit, retail;0;6.5;11.2;56.2;338;1424;18.9;2.9;6.30;400;220;150;24;360;1.50;0.22;0.8;N;N;Tr;Tr;Tr;0.11;;0.22;0.10;1.2;0.05;Tr;6;Tr
Scones, fruit, wholemeal, homemade;0;7.7;11.1;50.8;322;1355;13.9;N;3.65;542;377;106;51;494;1.58;0.25;1.3;N;N;N;93;N;N;;0.16;0.12;2.6;0.23;0.3;9;1
Scones, plain, homemade;0;7.2;12.7;55.9;352;1484;5.4;2.4;4.40;635;173;156;19;467;1.20;0.09;0.7;2;12;N;107;N;N;;0.14;0.12;1.0;0.10;0.4;7;1
Scones, plain, retail;0;7.2;12.3;55.2;346;1459;12.7;2.2;6.37;592;270;131;20;476;1.33;0.12;0.6;4;7;84;23;Tr;0.92;;0.11;0.05;1.9;0.06;0.1;6;1
Scones, potato, homemade;0;4.8;13.6;36.8;279;1173;1.4;1.9;4.61;653;224;111;17;437;0.80;0.07;0.5;1;N;N;120;N;N;;0.15;0.07;0.8;0.08;0.2;10;4
Scones, wholemeal, homemade;0;8.2;12.3;46.6;319;1343;5.6;5.8;4.08;602;269;111;52;539;1.44;0.22;1.4;3;N;N;101;N;N;;0.16;0.13;2.8;0.23;0.3;10;1
Scotch broth, homemade;0;6.8;3.5;4.0;74;310;1.6;N;1.60;22;168;21;10;63;0.69;0.03;1.0;1;2;3;768;0.1;0.13;;0.08;0.04;1.0;0.10;0.4;7;4
Scotch eggs, retail;0;12.0;16.0;13.1;241;1006;Tr;1.7;4.30;330;130;50;15;170;1.80;0.23;1.2;N;17;30;Tr;0.7;N;;0.08;0.21;1.0;0.13;0.5;42;N
Scotch pancakes, homemade;0;6.6;9.8;41.1;270;1140;7.7;1.7;3.43;212;306;96;16;106;1.01;0.07;0.6;4;N;N;75;N;N;;0.11;0.16;0.7;0.09;0.6;10;Tr
Scotch pancakes, retail;0;5.6;9.6;43.0;270;1138;21.5;1.9;0.74;418;233;84;20;240;1.00;0.10;0.4;3;10;102;Tr;0.6;1.35;;0.16;0.08;0.8;0.08;Tr;6;Tr
Seafood selection;0;15.6;1.5;2.9;87;369;Tr;0.0;0.30;620;160;52;32;170;5.60;0.36;2.4;N;N;6;Tr;Tr;0.56;;0.03;0.20;1.2;0.14;15.0;N;Tr
Seafood sticks;0;7.3;1.9;14.9;102;433;4.8;0.0;0.29;714;21;50;8;61;0.19;0.01;0.3;19;21;Tr;Tr;Tr;0.47;;0.01;0.06;1.2;0.03;0.9;12;Tr
Seakale, stem only, boiled in unsalted water;0;1.4;Tr;0.6;8;33;0.6;;Tr;4;50;48;11;34;0.60;0.07;N;N;N;0;N;0.0;N;;0.06;N;N;N;0.0;N;18
Seaweed, Irish moss, raw;0;1.5;0.2;Tr;8;33;Tr;;Tr;67;63;72;N;160;8.90;0.15;1.9;N;N;0;N;0.0;N;;0.01;0.47;0.6;N;Tr;N;N
Seaweed, kombu, dried, raw;0;7.1;1.6;Tr;43;180;Tr;;0.50;1830;450;900;610;210;12.70;0.65;6.2;2;440670;0;340;0.0;N;;0.07;0.26;2.1;0.01;2.8;N;13
Seaweed, nori, dried, raw;0;30.7;1.5;Tr;136;577;Tr;;0.40;790;2840;430;12;350;19.60;1.60;6.4;N;1470;0;14910;0.0;N;;0.24;1.34;5.5;0.07;27.5;N;14
Seaweed, wakame, dried, raw;0;12.4;2.4;Tr;71;300;Tr;;0.30;3220;220;660;470;310;11.60;1.25;1.7;1;16830;0;515;0.0;N;;0.11;0.14;N;0.01;2.5;N;15
Semolina, raw;0;10.6;1.6;77.9;349;1486;0.6;2.9;0.23;1;214;22;34;161;1.29;0.24;1.0;6;Tr;0;0;0.0;0.43;;0.13;0.05;1.8;0.10;0.0;29;0
Sesame prawn toast, takeaway;0;12.9;29.8;16.7;382;1589;0.8;3.6;3.84;470;143;114;60;180;1.76;0.24;1.5;19;13;Tr;1;Tr;5.05;;0.10;0.05;1.6;0.08;0.5;13;Tr
Sesame seeds;0;18.2;58.0;0.9;598;2470;0.4;N;10.48;20;570;670;370;720;10.40;1.46;5.3;N;N;0;6;0.0;2.53;;0.93;0.17;5.0;0.75;0.0;97;0
Sev/ganthia, homemade;0;18.8;25.1;47.1;478;2003;1.9;8.4;1.87;2;246;48;51;182;2.20;0.23;1.2;3;Tr;0;26;0.0;6.69;;0.30;0.14;1.6;0.28;0.0;72;Tr
Sevyian, homemade;0;3.8;3.1;20.2;119;503;13.6;1.0;1.86;40;177;106;14;89;0.29;Tr;0.4;N;N;N;N;1.1;N;;0.02;0.05;0.1;N;0.1;N;Tr
Shallots, raw;0;1.5;0.2;3.3;20;86;3.3;;Tr;10;180;24;4;50;0.80;0.05;0.4;1;3;0;N;0.0;0.31;;0.04;0.06;0.6;0.20;0.0;17;13
Shandy, 50% lager, homemade;0;0.2;Tr;2.9;23;96;2.9;Tr;Tr;7;27;5;4;10;Tr;Tr;Tr;Tr;N;0;Tr;0.0;N;Tr;Tr;0.02;0.3;0.03;Tr;6;Tr
Shandy, bottled or canned;0;Tr;Tr;5.0;24;100;5.0;Tr;Tr;7;6;8;1;5;Tr;Tr;Tr;Tr;N;0;Tr;0.0;N;;Tr;Tr;0.1;0.01;Tr;1;N
Shark, raw;0;23.0;1.1;0.0;102;432;0.0;;0.20;140;310;18;N;N;0.70;0.05;N;N;N;N;Tr;N;N;;0.23;0.30;4.0;0.42;5.0;N;Tr
Sharon fruit, flesh only;0;0.8;Tr;18.6;73;311;18.6;;Tr;5;210;10;11;19;0.10;0.10;0.1;N;N;0;950;0.0;N;;0.03;0.05;0.3;N;0.0;7;19
Shepherd's pie, homemade;0;5.9;5.4;9.5;107;450;0.9;0.9;2.04;233;263;16;15;69;0.61;0.05;1.0;1;4;2;13;0.2;0.19;;0.13;0.05;1.2;0.08;0.4;9;4
Shepherd's pie, vegetable;0;4.5;3.9;16.1;114;479;1.5;N;0.30;5;375;17;25;76;1.63;0.19;0.7;17;N;0;N;0.0;N;;0.17;0.05;0.7;0.29;0.0;24;6
Shepherd's pie, vegetable, retail;0;1.9;4.9;13.3;101;425;1.7;N;2.00;210;240;12;14;36;0.60;0.07;0.3;7;N;29;585;Tr;0.75;;0.11;0.01;0.4;0.18;Tr;10;4
Sherry, medium;0;0.1;0.0;5.9;116;482;5.9;0.0;0.00;27;55;8;5;24;0.40;0.04;Tr;Tr;N;0;Tr;0.0;0.00;;Tr;0.01;0.1;0.02;Tr;Tr;0
Shish kebab in pitta bread with salad;0;13.6;4.1;15.4;149;629;1.3;1.2;1.51;300;283;48;20;127;1.52;0.09;2.6;2;3;Tr;22;0.2;0.48;;0.19;0.14;3.4;0.10;1.1;30;Tr
Shish kebab, meat only;0;29.0;10.0;0.0;206;863;0.0;0.0;3.90;510;420;7;29;250;2.60;0.14;6.1;4;6;Tr;Tr;0.6;0.67;;0.14;0.28;7.0;0.26;3.0;9;0
Shish kebabs, with onions and peppers, homemade;0;12.8;15.2;4.6;206;857;3.0;N;5.60;42;330;28;25;134;1.57;0.09;2.6;1;6;5;138;0.3;1.29;;0.11;0.10;2.2;0.28;1.0;11;30
Shortbread;0;5.3;29.0;62.2;515;2158;15.6;2.2;17.45;321;133;138;15;77;1.50;0.08;0.5;6;3;281;96;0.4;1.30;;0.18;0.03;1.1;0.08;Tr;14;0
Shortcake, caramel, chocolate covered, retail;0;4.7;27.3;53.6;466;1948;36.2;2.3;15.18;258;254;137;26;125;1.46;0.13;0.7;2;N;79;17;Tr;2.25;;0.08;0.14;1.0;0.05;0.2;9;Tr
Shrimps, boiled;0;23.8;2.4;Tr;117;493;Tr;;0.40;3840;400;320;110;270;1.80;1.92;2.3;46;100;N;Tr;Tr;N;;0.01;0.01;1.0;0.08;3.0;9;Tr
Shrimps, boiled, weighed with shells;0;7.9;0.8;Tr;39;163;Tr;;0.10;1270;130;110;36;89;0.60;0.63;0.8;15;33;N;Tr;Tr;N;;Tr;Tr;0.3;0.03;1.0;3;Tr
Shrimps, canned in brine, drained;0;20.8;1.2;Tr;94;398;Tr;;0.20;980;100;110;49;150;5.10;0.23;1.9;21;81;N;Tr;Tr;N;;0.01;0.02;0.8;0.03;2.0;15;Tr
Shrimps, dried;0;55.8;2.4;Tr;245;1037;Tr;;0.40;4330;500;1200;290;710;21.30;0.96;3.7;170;400;N;N;N;N;;0.03;0.07;2.8;N;5.0;70;Tr
Shrimps, frozen;0;16.5;0.8;Tr;73;310;Tr;;0.10;380;75;130;47;150;2.60;0.15;1.1;43;100;2;Tr;Tr;N;;Tr;0.02;0.5;0.08;3.0;14;Tr
Skate, grilled;0;18.9;0.5;0.0;79;337;0.0;;0.10;150;320;50;37;220;0.60;0.03;0.6;N;25;N;Tr;N;N;;0.15;0.25;2.5;0.46;8.0;N;Tr
Skate, grilled, weighed with bones;0;14.0;0.3;0.0;59;250;0.0;;Tr;110;240;37;28;160;0.50;0.02;0.4;N;19;N;Tr;N;N;;0.11;0.19;1.9;0.34;6.0;N;Tr
Skate, raw;0;15.1;0.4;0.0;64;272;0.0;;Tr;120;260;40;30;180;0.50;0.02;0.5;N;20;N;Tr;N;N;;0.12;0.20;2.0;0.37;6.0;N;Tr
Smartie-type sweets;0;5.4;17.5;73.9;456;1922;70.8;N;10.40;58;280;150;48;160;1.50;0.25;0.9;N;N;5;28;Tr;0.80;;0.08;0.79;0.3;0.03;Tr;4;0
Smoothies;0;0.5;0.1;12.2;49;207;11.6;1.0;Tr;Tr;N;N;N;N;N;N;N;N;Tr;0;N;0.0;N;;N;N;N;N;0.0;N;N
Sole, flesh only, grilled, fillets weighed with skin;0;16.6;0.5;0.0;71;301;0.0;0.0;0.12;116;200;22;20;126;0.40;0.01;0.3;64;24;Tr;Tr;Tr;0.65;;0.09;0.08;2.8;0.10;0.9;8;Tr
Sorbet, fruit;0;0.2;0.3;24.8;97;411;23.3;1.0;N;10;41;8;4;4;0.09;0.04;0.0;1;Tr;Tr;95;0.0;Tr;;0.04;Tr;0.2;Tr;Tr;5;12
Souffle, cheese, homemade;0;11.6;16.8;10.8;237;989;2.3;0.4;7.38;266;163;213;18;208;0.99;0.04;1.4;10;40;N;160;N;N;;0.06;0.30;0.3;0.08;1.8;14;1
Souffle, plain, homemade;0;7.7;11.9;10.5;177;738;2.5;0.4;4.02;158;157;91;13;132;0.89;0.03;0.7;10;N;N;72;N;N;;0.06;0.28;0.2;0.08;1.5;13;1
Soup, broccoli and stilton, carton, chilled;0;2.3;3.1;3.8;51;215;1.5;N;1.69;200;125;53;8;47;0.19;0.03;0.3;1;6;48;129;Tr;0.34;;0.01;0.06;0.4;0.04;Tr;25;3
Soup, carrot and coriander, carton, chilled;0;0.9;2.6;4.7;45;187;3.0;1.0;1.38;180;124;22;5;18;0.14;0.02;0.1;Tr;Tr;4;1979;Tr;0.29;;0.02;0.02;0.4;0.03;Tr;4;Tr
Soup, carrot and orange, homemade;0;0.3;0.5;3.8;20;83;3.5;1.7;0.22;11;82;14;4;9;0.14;0.02;0.1;N;N;4;4468;0.0;0.06;2.09;0.05;0.01;0.1;0.03;0.0;2;1
Soup, chicken noodle, dried;0;17.1;4.8;56.0;322;1364;4.4;N;N;3740;250;72;59;250;3.70;0.17;1.2;N;N;Tr;0;0.0;N;;0.23;0.09;3.1;N;Tr;N;0
Soup, chicken noodle, dried, as served;0;1.0;0.3;3.2;19;79;0.3;N;N;220;14;4;3;15;0.20;0.01;0.1;N;N;Tr;0;0.0;N;;0.01;0.01;0.2;N;Tr;N;0
Soup, chicken, cream of, canned;0;1.7;3.8;4.5;58;242;1.1;Tr;0.60;240;41;27;5;27;0.40;0.02;0.3;Tr;2;39;16;Tr;0.55;;0.01;0.03;0.2;0.01;Tr;1;0
Soup, chicken, cream of, canned, condensed;0;2.6;5.8;6.0;85;355;1.4;Tr;0.80;490;62;41;7;41;0.50;0.03;0.5;Tr;4;96;39;0.0;0.93;;0.02;0.04;0.6;0.01;Tr;1;0
Soup, cream of tomato, canned;0;0.9;2.0;7.8;51;215;5.5;0.6;0.27;245;179;14;8;19;0.23;0.04;0.1;Tr;2;Tr;147;0.0;1.42;;Tr;0.11;0.6;0.06;Tr;14;1
Soup, French onion, homemade;0;0.9;2.2;5.0;41;169;3.7;1.3;0.19;231;90;19;5;17;0.21;0.04;0.1;Tr;Tr;0;6;0.0;0.61;;0.06;Tr;0.3;0.10;Tr;5;1
Soup, gazpacho, homemade;0;0.8;3.6;2.9;46;192;2.5;N;0.50;128;169;12;8;17;0.40;0.04;0.1;Tr;N;0;172;0.0;0.88;;0.04;0.01;0.5;0.07;Tr;12;11
Soup, goulash, homemade;0;7.7;5.8;7.2;106;444;1.9;1.2;1.10;545;317;15;17;78;0.99;0.08;1.6;2;6;Tr;191;0.2;1.22;;0.09;0.13;1.3;0.25;0.6;10;8
Soup, instant, dried, as purchased;0;5.9;13.4;64.1;384;1621;17.4;5.6;8.70;2376;782;99;28;211;1.26;0.12;0.7;2;N;0;709;0.0;1.79;7.43;0.05;0.02;0.4;0.06;0.0;6;0
Soup, instant, dried, as served;0;0.6;1.3;6.2;37;156;1.7;0.5;0.84;229;75;10;Tr;20;0.12;0.01;0.1;Tr;N;0;68;0.0;0.17;0.72;Tr;Tr;Tr;0.01;0.0;1;0
Soup, lentil, canned;0;3.1;0.2;8,5;46;196;1.2;N;N;200;97;11;9;40;0.80;0.08;0.3;N;N;0;N;0.0;N;;Tr;0.02;3.2;0.01;0.0;N;0
Soup, lentil, homemade;0;5.9;4.8;14.6;121;510;1.7;N;2.81;58;278;37;31;86;1.93;0.16;0.8;1;N;51;230;0.0;N;;0.14;0.07;0.6;0.13;0.0;6;1
Soup, low calorie, canned;0;0.9;0.7;6.2;33;140;2.4;0.7;0.20;170;130;13;7;17;0.30;0.01;0.1;N;N;0;N;0.0;N;;0.35;0.14;2.0;0.20;0.0;10;Tr
Soup, minestrone, canned;0;1.1;0.2;6.6;31;132;1.8;0.9;0.10;200;101;18;9;24;0.30;0.04;0.2;0;1;4;340;0.0;0.27;;0.02;0.01;0.2;0.04;0.0;5;2
Soup, minestrone, homemade;0;2.1;2.3;7.6;60;250;1.4;N;0.64;389;140;16;9;31;0.50;0.04;0.2;2;1;N;760;N;N;;0.07;0.01;0.4;0.08;0.0;11;6
Soup, mulligatawny, homemade;0;1.9;6.4;8.1;90;374;2.9;0.8;3.68;464;103;19;9;31;0.89;0.06;0.2;1;N;63;1251;0.1;0.24;;0.07;0.02;0.5;0.06;Tr;4;1
Soup, mushroom, carton, chilled;0;1.5;2.7;4.9;48;203;1.4;0.3;1.43;280;131;24;6;38;0.38;0.07;0.3;6;5;40;17;Tr;0.23;;0.02;0.08;1.3;0.03;Tr;5;Tr
Soup, mushroom, cream of, canned;0;1.1;3.0;3.9;46;192;0.8;N;0.50;230;55;30;4;30;0.30;0.04;0.3;1;3;40;16;0.0;0.54;;Tr;0.05;0.3;0.01;Tr;2;0
Soup, oxtail, canned;0;2.4;1.7;5.1;44;185;0.9;N;0.60;220;93;40;6;37;1.00;0.04;0.4;Tr;1;0;0;0.0;0.20;;0.02;0.03;0.7;0.03;0.0;1;0
Soup, pea and ham, homemade;0;4.1;2.2;9.8;73;308;1.5;N;1.07;235;194;14;21;56;0.99;0.04;0.6;N;N;18;989;Tr;0.27;;0.13;0.03;0.6;0.07;Tr;N;2
Soup, potato and leek, homemade;0;1.5;2.2;6.2;56;235;1.5;N;1.32;47;180;30;7;36;0.34;0.02;0.2;Tr;N;23;53;0.0;0.25;;0.09;0.05;0.2;0.18;0.2;11;3
Soup, tomato, carton, chilled;0;0.9;1.9;4.3;37;154;3.3;1.4;0.86;198;189;17;9;20;0.31;0.04;0.1;Tr;Tr;18;324;Tr;1.10;;0.02;0.02;0.6;0.06;Tr;4;Tr
Soup, vegetable, canned;0;1.4;0.6;7.4;39;164;2.6;N;N;230;110;12;8;29;0.40;0.04;0.2;N;N;0;18;0.0;N;;0.09;0.02;2.5;0.01;0.0;10;Tr
Soup, vegetable, homemade;0;1.0;4.2;3.7;55;230;1.8;N;2.41;315;120;14;6;20;0.33;0.02;0.1;Tr;N;44;1206;0.0;0.24;;0.07;0.01;0.2;0.07;Tr;6;2
Soy sauce, light and dark varieties;0;3.0;Tr;17.9;79;337;16.4;Tr;0.00;5500;180;17;37;47;2.40;0.01;0.2;N;N;0;0;0.0;N;;0.05;0.13;3.4;N;0.0;11;0
Spaghetti bolognese, homemade;0;8.1;6.1;17.2;151;635;1.8;1.2;2.15;92;165;22;19;85;0.88;0.03;1.4;6;3;Tr;347;0.2;1.04;;0.09;0.05;2.0;0.12;0.5;8;2
Spaghetti bolognese, retail, meat and sauce only, reheated;0;9.3;5.7;5.3;108;454;3.0;N;2.30;290;290;21;18;85;1.30;0.08;1.5;1;N;Tr;N;N;N;;N;N;N;N;N;N;Tr
Spaghetti bolognese, retail, reheated, with spaghetti;0;6.6;2.8;20.0;126;536;1.9;N;1.06;182;151;24;20;74;0.92;0.04;0.9;5;N;Tr;N;N;N;;N;N;N;N;N;N;Tr
Spinach, baby, boiled in unsalted water;0;3.2;0.7;0.2;20;86;Tr;1.2;0.19;42;950;166;112;61;2.63;0.22;1.3;7;5;0;2172;0.0;0.67;;0.08;0.20;0.9;0.10;0.0;135;22
Spinach, baby, raw;0;2.6;0.6;0.2;16;69;Tr;1.0;0.08;30;682;119;80;44;1.89;0.16;0.9;5;4;0;1559;0.0;0.48;;0.09;0.18;1.0;0.12;0.0;161;29
Spinach, dried;0;24.3;6.9;13.8;211;889;12.9;;0.90;1220;4350;1480;470;390;18.20;0.35;6.1;9;17;0;N;0.0;14.86;;Tr;Tr;10.4;Tr;0.0;Tr;Tr
Spinach, frozen, boiled in unsalted water;0;3.1;0.8;0.5;21;90;0.3;N;0.10;16;340;150;31;48;1.70;0.09;0.6;1;2;0;6604;0.0;1.71;840.00;0.06;0.05;0.9;0.09;0.0;52;6
Spinach, mature, boiled in unsalted water;0;2.2;0.8;0.8;19;79;0.8;N;0.10;120;230;160;34;28;1.60;0.01;0.5;1;2;0;3840;0.0;1.71;575.00;0.06;0.05;0.9;0.09;0.0;81;8
Spinach, mature, raw;0;2.8;0.8;1.6;25;103;1.5;N;0.10;140;500;170;54;45;2.10;0.04;0.7;1;2;0;3535;0.0;1.71;394.00;0.07;0.09;1.2;0.17;0.0;114;26
Spirits, 40% volume;0;Tr;0.0;Tr;222;919;Tr;0.0;0.00;Tr;Tr;Tr;Tr;Tr;Tr;Tr;Tr;Tr;Tr;0;0;0.0;0.00;Tr;0.00;0.00;0.0;0.00;0.0;0;0
Sprats, fried;0;24.9;35.0;0.0;415;1718;0.0;;5.30;240;410;120;46;300;1.40;0.11;2.1;13;80;74;Tr;N;5.58;;Tr;0.20;3.0;0.27;9.0;N;Tr
Sprats, fried, weighed with bones;0;14.9;21.0;0.0;249;1031;0.0;;3.20;140;250;72;28;180;0.80;0.07;1.3;8;48;44;Tr;N;3.35;;Tr;0.12;1.8;0.16;5.0;N;Tr
Sprats, raw;0;18.3;11.0;0.0;172;718;0.0;;2.20;200;320;97;37;240;1.10;0.09;1.7;10;64;60;Tr;13.0;0.51;;Tr;0.20;3.0;0.27;7.0;N;Tr
Spring greens, boiled in unsalted water;0;1.9;0.7;1.6;20;82;1.4;;0.10;10;160;75;8;29;1.40;0.02;0.3;N;N;0;2270;0.0;N;893.00;0.05;0.06;1.2;0.18;0.0;66;77
Spring greens, raw;0;3.0;1.0;3.1;33;136;2.7;;0.10;20;370;210;19;91;3.00;0.02;0.4;N;N;0;2630;0.0;N;;0.07;0.11;1.5;0.23;0.0;92;180
Spring onions, bulbs and tops, raw;0;2.0;0.5;3.0;23;98;2.8;N;0.10;7;260;39;12;29;1.90;0.06;0.4;N;N;0;620;0.0;N;;0.05;0.03;0.5;0.13;0.0;54;26
Spring onions, bulbs only, raw;0;0.9;Tr;8.5;35;151;8.5;;Tr;13;230;140;11;24;1.20;N;N;N;N;0;Tr;0.0;N;;0.13;Tr;0.7;0.20;0.0;17;25
Spring rolls, meat, takeaway;0;6.5;16.4;18.2;242;1009;1.8;2.0;3.81;485;117;32;13;64;1.23;0.06;0.6;N;N;Tr;175;N;1.47;;0.10;0.07;1.0;0.06;0.4;3;Tr
Squash, acorn, baked;0;1.1;0.1;12.6;56;234;1.6;;Tr;4;440;44;43;45;0.90;0.09;0.2;N;N;0;260;0.0;N;;0.17;0.01;0.9;0.19;0.0;19;11
Squash, acorn, raw;0;0.8;0.1;9.0;40;167;1.0;;Tr;3;350;33;32;36;0.70;0.07;0.1;N;N;0;204;0.0;N;;0.14;0.01;0.7;0.15;0.0;17;11
Squash, butternut, baked;0;1,4;0,2;8,4;39;168;8,4;2,1;Tr;Tr;242;35;10;32;0,22;0,06;0,1;Tr;3;0;744;0;1,15;;0,05;0,01;0,8;0,05;0;9;1
Squash, butternut, boiled in unsalted water;0;0,9;0,1;5,1;24;100;5,1;1,3;Tr;Tr;147;21;6;19;0,13;0,04;0,1;Tr;2;0;452;0;0,7;;0,03;0,01;0,5;0,03;0;6;1
Squash, butternut, raw;0;1.1;0.1;8.3;36;155;4.5;;Tr;4;350;48;34;33;0.70;0.07;0.1;N;N;0;3630;0.0;1.83;;0.10;0.02;0.7;0.15;0.0;27;21
Squash, spaghetti, baked;0;0.7;0.3;4.3;23;96;3.4;;0.10;18;120;21;11;14;0.30;0.03;0.2;N;N;0;66;0.0;N;;0.04;0.02;0.8;0.10;0.0;8;3
Squash, spaghetti, raw;0;0.6;0.6;4.6;26;111;3.6;;0.10;17;110;23;12;12;0.30;0.04;0.2;N;N;0;30;0.0;N;;0.04;0.02;0.9;0.10;0.0;12;2
Squid, dried;0;63.3;4.6;4.8;313;1323;Tr;;1.00;940;610;55;120;620;4.00;3.93;4.4;N;N;N;0;N;N;;0.13;0.17;6.8;N;N;N;0
Squid, raw;0;15.4;1.7;1.2;81;344;Tr;;0.40;110;280;13;28;190;0.50;0.98;1.1;66;20;15;0;Tr;1.20;;0.10;0.12;3.4;0.69;3.0;13;0
Star fruit;0;0.5;0.3;7.3;32;136;7.1;;0.10;2;150;5;6;15;0.60;0.12;0.1;N;N;0;37;0.0;N;;0.03;0.03;0.4;N;0.0;N;31
Steak and kidney pudding, homemade;0;10.7;10.9;18.6;210;881;0.8;N;5.76;87;180;32;14;150;1.41;0.09;2.3;16;9;13;8;N;0.35;;0.10;0.25;2.1;0.19;1.7;12;1
Stew, beef, homemade;0;11.9;4.6;4.8;105;441;2.0;1.1;1.53;259;233;15;14;104;1.17;0.05;2.7;4;7;Tr;1784;0.4;0.70;;0.06;0.11;1.7;0.19;0.8;3;Tr
Stew, beef, made with lean beef, homemade;0;12.2;3.1;4.8;93;391;2.0;1.1;0.86;260;243;15;14;109;1.22;0.05;2.9;4;6;Tr;1784;0.4;0.40;2.19;0.06;0.11;1.8;0.20;0.8;3;0
Stew, beef, with dumplings, homemade;0;10.1;10.0;16.2;190;797;1.6;N;4.83;240;199;52;14;145;1.11;0.05;2.1;3;5;4;1314;0.3;0.52;1.54;0.09;0.09;1.5;0.17;0.6;4;0
Stew, Irish, homemade;0;7.3;6.2;9.4;119;501;1.9;1.5;2.89;115;306;14;16;78;0.69;0.06;1.4;1;3;3;1625;0.1;0.07;;0.12;0.05;1.3;0.11;0.6;4;3
Stew, Irish, made with lean lamb, homemade;0;7.6;4.9;8.6;107;450;1.8;1.5;2.23;26;310;13;16;83;0.67;0.06;1.6;1;6;2;1635;0.1;0.07;;0.12;0.05;1.3;0.26;0.6;8;3
Stir-fry beef with green peppers and blackbean sauce, takeaway;0;10.5;5.6;2.7;103;429;1.0;;1.37;577;180;16;11;73;1.20;Tr;0.5;4;9;Tr;237;N;1.14;;N;N;N;N;N;N;6
Stock cubes, beef;0;16.8;9.2;N;N;N;N;0.0;3.51;14560;490;40;32;240;1.20;0.70;0.8;N;N;N;N;0.0;N;;N;N;N;N;N;N;0
Stock cubes, chicken;0;15.4;15.4;N;N;N;N;0.6;N;16300;400;120;47;200;4.90;0.10;1.2;N;N;N;N;0.0;N;;N;N;N;N;N;N;0
Stock cubes, chicken, made up with water;0;0.5;0.5;N;N;N;N;0.0;N;579;14;4;2;7;0.17;0.00;0.0;N;N;N;N;0.0;N;;N;N;N;N;N;N;0
Stock cubes, vegetable;0;13.5;17.3;N;N;N;N;1.8;N;16800;390;47;44;120;2.80;0.05;0.4;N;N;0;N;0.0;N;;N;N;N;N;Tr;N;0
Stock gel;0;6.7;3.6;27.8;163;692;5.7;1.8;1.74;6450;N;N;N;N;N;N;N;N;N;N;N;0.0;N;;N;N;N;N;N;N;0
Stock, chicken, ready made, retail;0;2,3;0.2;0,2;12;50;0,1;0.3;0.10;225;N;N;N;N;N;N;N;N;N;N;N;0.0;N;;N;N;N;N;N;N;0
Stout, Guinness;0;0.4;Tr;3.2;37;153;3.2;Tr;Tr;6;48;4;8;26;0.20;Tr;Tr;Tr;N;0;Tr;0.0;N;Tr;Tr;0.03;0.8;0.08;Tr;6;0
Strawberries, raw;0;0.6;0.5;6.1;30;126;6.1;3.8;0.04;1;170;17;12;26;0.25;0.03;0.1;Tr;1;0;Tr;0.0;0.39;3.00;0.02;0.02;0.6;0.03;0.0;61;57
Strudel, fruit filled, retail, frozen;0;2.7;13.5;29.1;241;1011;10.6;5.4;5.02;N;N;N;N;N;N;N;N;N;N;Tr;75;0.0;1.33;;N;N;N;N;0.0;N;N
Stuffing mix, dried;0;9.9;5.2;67.2;338;1436;4.4;;2.40;1460;240;960;41;130;5.10;0.17;0.8;N;N;Tr;Tr;Tr;N;;1.42;0.90;1.8;N;Tr;N;0
Stuffing mix, dried, assorted flavours, made up;0;2.8;1.5;19.3;97;412;1.3;N;0.80;420;69;280;12;37;1.50;0.05;0.2;N;N;0;0;0.0;N;;0.31;0.22;0.5;N;0.0;N;0
Stuffing, sage and onion, homemade;0;5.6;13.3;29.4;253;1060;5.4;N;4.15;263;173;68;18;81;1.09;0.13;0.6;N;N;N;126;N;N;;0.19;0.10;0.7;0.08;0.4;10;1
Suet, shredded;0;Tr;86.7;12.1;826;3402;0.2;N;49.90;Tr;Tr;Tr;Tr;Tr;Tr;Tr;Tr;Tr;5;52;73;Tr;1.50;;Tr;Tr;Tr;Tr;Tr;Tr;0
Suet, vegetable, reduced fat;0;2.5;65.7;31.1;718;2971;1.4;1.3;32.80;10;Tr;Tr;Tr;Tr;Tr;Tr;Tr;Tr;Tr;0;0;0.0;13.43;;Tr;Tr;Tr;Tr;0.0;Tr;0
Sugar apple, flesh only;0;1.6;0.3;16.1;69;296;14.9;;N;7;290;21;34;35;0.60;0.15;0.2;N;N;0;4;0.0;N;;0.11;0.11;0.8;0.20;0.0;N;36
Sugar, brown;0;0.1;0.0;101.3;380;1623;101.3;0.0;0.00;31;140;56;17;4;1.70;0.06;0.1;Tr;Tr;0;0;0.0;0.00;;Tr;Tr;Tr;Tr;0.0;Tr;0
Sugar, Demerara;0;0.5;0.0;104.5;394;1681;104.5;0.0;0.00;5;48;29;9;3;0.90;0.11;0.1;Tr;Tr;0;0;0.0;0.00;;Tr;Tr;Tr;Tr;0.0;Tr;0
Sugar, icing;0;Tr;0.0;104.9;393;1678;103.8;0.0;0.00;12;11;2;Tr;1;0.50;0.05;0.1;Tr;Tr;0;0;0.0;0.00;;0.00;0.00;0.0;0.00;0.0;0;0
Sugar, white;0;Tr;0.0;105.0;394;1680;105.0;0.0;0.00;5;5;10;2;1;0.20;0.12;0.1;Tr;Tr;0;0;0.0;0.00;;0.00;0.00;0.0;0.00;0.0;0;0
Sultanas;0;2.7;0.4;69.4;275;1171;69.4;N;N;19;1060;64;31;86;2.20;0.40;0.3;N;N;0;12;0.0;0.70;;0.09;0.05;0.8;0.25;0.0;27;Tr
Sunflower seeds;0;19.8;47.5;18.6;576;2392;1.7;N;6.58;3;710;110;390;640;6.40;2.27;5.1;49;N;0;15;0.0;37.77;;1.60;0.19;4.1;N;0.0;N;0
Sunflower seeds, toasted;0;20.5;49.2;19.3;602;2497;1.8;;6.80;3;730;110;400;660;6.60;2.35;5.3;51;N;0;15;0.0;39.11;;N;N;N;N;0.0;N;0
Sushi, salmon nigiri;0;8.7;2.5;25.2;152;644;3.2;1.2;0.48;360;132;10;13;90;0.20;0.07;0.4;8;4;2;Tr;2.5;0.17;;0.04;0.05;2.7;0.15;0.5;6;Tr
Sushi, tuna nigiri;0;8.4;2.5;30.3;170;720;4.7;1.2;0.68;331;137;8;15;88;0.28;0.07;0.4;20;4;N;Tr;3.6;Tr;;0.02;0.04;4.4;0.14;0.7;3;Tr
Sushi, vegetable;0;3.4;1.3;32.8;148;630;7.0;1.6;N;521;88;23;14;48;0.52;0.11;0.5;4;20;0;163;0.0;0.55;;0.03;0.06;0.5;0.04;0.0;6;4
Swede, flesh only, boiled in unsalted water;0;0,7;0,1;5,8;26;109;5,7;3;Tr;4;175;37;8;32;0,16;0,02;0,1;Tr;Tr;0;22;0;Tr;;0,02;Tr;0,5;0,07;0;19;15
Swede, flesh only, raw;0;0.7;0.3;5.0;24;101;4.9;;Tr;15;170;53;9;40;0.10;0.01;0.3;1;N;0;350;0.0;Tr;2.00;0.15;Tr;1.2;0.21;0.0;31;31
Sweet and sour chicken, takeaway;0;7.6;10.0;19.7;194;814;10.7;N;1.29;259;142;35;13;114;2.38;0.04;0.4;6;N;2;135;0.6;2.14;;0.04;0.06;2.1;0.12;Tr;2;Tr
Sweet and sour pork, battered, takeaway;0;7.8;13.9;22.4;240;1005;11.5;1.2;2.33;249;122;48;10;109;2.26;0.05;1.1;N;N;N;N;N;N;;N;N;N;N;N;N;N
Sweet and sour pork, homemade;0;12.7;8.3;11.6;176;736;7.8;N;1.99;282;311;15;21;141;0.84;0.08;1.3;8;5;4;129;0.5;2.27;;0.48;0.14;3.3;0.29;0.5;9;14
Sweet potato and onion layer;0;3.4;1.8;23.3;124;523;6.8;N;1.04;66;375;87;21;93;0.71;0.13;0.5;1;13;16;3168;0.0;0.31;;0.14;0.08;0.5;0.09;0.3;10;10
Sweet potato, baked;0;1.6;0.4;27.9;115;488;14.5;5,2;0.20;52;480;31;23;65;0.90;0.18;0.4;1;3;0;5140;0.0;1,43;;0.09;Tr;0.5;0.07;0.0;9;23
Sweet potato, flesh only, boiled in unsalted water;0;1,7;0,2;13;58;245;9,4;2,7;0,07;37;375;58;20;39;0,53;0,14;0,3;Tr;2;0;5560;0;0,78;;0,03;0,03;0,6;0,11;0;6;3
Sweet potato, raw, flesh only;0;1.2;0.3;21.3;87;372;5.7;N;0.10;40;370;24;18;50;0.70;0.14;0.3;1;2;0;3930;0.0;0.28;;0.17;Tr;0.5;0.09;0.0;17;23
Sweet potato, steamed;0;1.1;0.3;20.4;84;356;8.4;2,7;0.10;35;350;20;16;48;0.70;0.13;0.3;1;2;0;3765;0.0;1,05;;0.07;Tr;0.5;0.05;0.0;8;17
Sweet potato, wedges, flesh and skin, baked in rapeseed oil;0;2,9;3,9;24,7;139;589;18,8;5,2;0,43;69;701;109;38;73;1;0,27;0,5;Tr;3;0;5140;0;1,6;;0,06;0,05;1,1;0,2;0;11;5
Sweetbread, lamb, fried in corn oil;0;28.7;11.4;0.0;217;910;0.0;;N;52;400;27;34;480;1.80;0.40;3.6;N;N;Tr;Tr;Tr;N;;0.04;0.29;2.3;0.04;3.0;9;23
Sweetbread, lamb, raw;0;15.3;7.8;0.0;131;549;0.0;;3.00;75;420;8;21;400;1.70;0.20;1.9;N;N;Tr;Tr;Tr;0.44;;0.03;0.25;3.7;0.03;6.0;13;18
Sweetcorn, baby, boiled in unsalted water;0;2,2;0,6;4,6;31;133;3,8;2,4;0,13;Tr;145;11;22;50;0,25;0,06;0,4;1;1;0;15;0;0,24;;0,05;0,06;0,7;0,09;0;160;3
Sweetcorn, baby, stir-fried in rapeseed oil;0;2,5;6;5,4;84;351;4,5;2,8;0,49;Tr;170;13;25;59;0,29;0,07;0,5;1;1;0;17;0;1,44;;0,06;0,07;0,8;0,11;0;187;4
Sweetcorn kernels, canned in water, drained;0;2.6;1.7;13.9;78;330;7.5;3.1;0.27;1;158;3;16;52;0.34;0.04;0.4;Tr;Tr;0;41;0.0;0.63;;0.26;0.06;1.9;0.13;0.0;45;24
Sweetcorn, dried;0;13.4;7.1;35.5;251;1059;9.4;N;0.93;4;1242;15;157;398;2.42;0.34;3.2;3;N;0;N;0.0;1.57;;Tr;Tr;7.1;Tr;0.0;Tr;Tr
Sweetcorn, kernels, boiled 'on the cob' in unsalted water;0;3.6;1.9;9.5;67;284;2.5;5.1;0.25;Tr;333;4;42;107;0.65;0.09;0.9;1;Tr;0;28;0.0;0.42;0.37;0.25;0.08;2.2;0.02;0.0;24;4
Sweetcorn, kernels, boiled 'on the cob' in unsalted water, weighed with core;0;2.1;1.1;5.6;39;166;1.5;3.0;0.15;Tr;196;2;25;63;0.38;0.05;0.5;Tr;Tr;0;17;0.0;0.25;0.22;0.15;0.05;1.3;0.01;0.0;16;4
Sweetcorn, kernels, 'on-the-cob', raw, weighed with core;0;2.0;1.1;4.8;36;150;1.2;N;0.12;Tr;213;2;22;54;0.41;0.02;0.2;Tr;N;0;14;0.0;0.19;;0.09;0.03;1.1;0.01;0.0;24;5
Sweetcorn, kernels, raw;0;3.4;1.8;8.1;60;254;2.0;N;0.20;1;260;3;37;91;0.70;0.04;0.4;Tr;N;0;23;0.0;0.33;;0.16;0.05;1.9;0.02;0.0;41;8
Sweets, boiled;0;Tr;Tr;87.1;327;1394;86.7;0.0;0.00;25;8;5;2;12;0.40;0.09;N;Tr;N;0;0;0.0;0.00;;0.00;0.00;0.0;0.00;0.0;0;0
Sweets, chew sweets;0;0.9;6.0;85.1;377;1599;54.5;Tr;3.57;30;10;3;2;4;0.10;Tr;Tr;Tr;N;0;152;0.0;1.20;;Tr;Tr;N;Tr;0.0;Tr;N
Sweets, sherbert;0;0.6;0.0;93.9;355;1513;93.9;Tr;0.00;N;15;42;69;Tr;0.20;0.04;Tr;N;N;0;0;0.0;0.00;;0.00;0.00;Tr;0.00;0.0;0;0
Swordfish, flesh only, grilled;0;22.9;5.2;0.0;139;583;0.0;;1.20;170;450;5;34;340;0.60;N;N;57;N;N;Tr;N;N;;0.19;0.20;9.5;0.59;5.0;N;Tr
Swordfish, flesh only, grilled, weighed with bones and skin;0;20.4;4.6;0.0;123;519;0.0;;1.10;150;400;5;31;300;0.60;N;N;51;N;N;Tr;N;N;;0.17;0.17;8.5;0.52;5.0;N;Tr
Swordfish, flesh only, raw;0;18.0;4.1;0.0;109;458;0.0;;0.90;130;350;4;27;260;0.50;N;N;45;N;N;Tr;N;N;;0.16;0.17;8.3;0.51;4.0;N;Tr
Syrup, corn, dark;0;0.0;0.0;76.6;282;1181;28.1;;0.00;160;44;18;8;11;0.40;Tr;Tr;Tr;Tr;0;0;0.0;0.00;;0.01;0.01;0.0;0.01;0.0;0;0
Syrup, golden;0;0.3;0.0;79.0;298;1269;79.0;0.0;0.00;270;58;16;3;1;0.40;0.06;0.1;Tr;Tr;0;0;0.0;0.00;;Tr;Tr;Tr;Tr;0.0;Tr;0
Szechuan prawns with vegetables, takeaway;0;7.8;4.7;2.5;83;347;0.8;1.2;0.66;536;102;40;15;65;1.13;0.11;0.4;N;N;Tr;569;N;1.99;;0.02;N;0.4;0.06;N;12;2
Tabouleh;0;2.6;4.6;17.2;119;497;0.7;N;0.29;4;140;27;34;80;1.82;0.13;N;N;N;0;259;0.0;N;;0.12;0.04;1.1;N;0.0;N;13
Tahini paste;0;18.5;58.9;0.9;607;2508;0.4;N;8.40;20;580;680;380;730;10.60;1.48;5.4;N;N;0;6;0.0;2.57;;0.94;0.17;5.1;0.76;0.0;99;0
Tamarillos, flesh and seeds;0;2.0;0.3;4.7;28;120;4.7;;0.10;1;300;10;19;43;0.80;0.05;0.1;Tr;N;0;920;0.0;1.86;;0.06;0.03;0.3;0.19;0.0;N;23
Tamarind;0;2.3;0.3;56.5;238;1011;N;;0.10;15;600;77;92;94;1.80;N;N;N;N;0;14;0.0;N;;0.29;0.10;1.4;0.08;0.0;N;3
Tamarind leaves, fresh;0;5.8;2.1;18.2;115;486;N;;N;N;N;300;71;81;5.20;2.09;N;N;N;0;250;0.0;N;;0.24;0.10;4.1;N;0.0;N;3
Tamarind pulp, flesh only;0;3.2;0.3;64.5;273;1162;64.5;;N;N;100;110;N;110;4.20;N;N;N;N;0;60;0.0;N;;0.29;0.15;1.4;N;0.0;N;5
Tannia, raw;0;1.3;0.4;24.5;107;453;0.2;;N;4;480;14;22;55;0.60;0.18;0.6;N;N;0;29;0.0;N;;0.02;0.05;0.3;N;0.0;N;16
Tapioca, raw;0;0.4;0.1;95.0;359;1531;Tr;;Tr;4;20;8;2;30;0.30;0.07;N;N;N;0;0;0.0;Tr;;Tr;Tr;Tr;Tr;0.0;Tr;0
Taramasalata;0;3.2;52.9;7.4;517;2130;1.2;0.3;4.10;450;60;21;6;50;0.40;N;0.4;N;N;N;N;N;N;;0.08;0.10;0.3;N;3.0;4;1
Taro leaves, raw;0;4.4;0.9;2.6;35;150;2.2;;0.20;3;650;110;45;60;2.30;0.32;0.9;N;N;0;6980;0.0;N;;0.21;0.46;1.5;N;0.0;39;52
Taro leaves, steamed;0;2.4;0.5;1.4;19;82;1.2;;0.10;2;360;86;20;27;1.20;0.18;0.5;N;N;0;3830;0.0;N;;0.14;0.38;1.3;N;0.0;27;35
Taro, baked;0;1.7;0.2;32.4;130;555;1.4;;N;5;430;33;41;69;1.00;0.23;1.7;N;N;0;46;0.0;N;;0.05;0.02;0.5;0.05;0.0;N;7
Taro, boiled in unsalted water;0;1.2;0.2;22.4;91;386;0.9;;N;3;200;27;31;56;0.80;0.18;1.3;N;N;0;32;0.0;N;;0.05;0.02;0.5;0.05;0.0;N;7
Taro, raw;0;1.4;0.2;26.2;106;451;1.1;;N;4;360;25;33;58;0.80;0.20;1.3;N;N;0;37;0.0;N;;0.08;0.03;0.7;0.08;0.0;N;13
Taro, steamed;0;1.3;0.2;24.5;99;421;1.0;;N;4;330;25;31;52;0.70;0.18;1.3;N;N;0;35;0.0;N;;0.05;0.02;0.5;0.05;0.0;N;7
Tarragon, dried, ground;0;22.8;7.2;42.8;295;1237;N;;N;62;3020;1140;350;310;32.30;0.68;3.9;N;N;0;2520;0.0;N;;0.25;1.34;8.9;N;0.0;0;0
Tarragon, fresh;0;3.4;1.1;6.3;49;206;N;;N;9;450;170;51;46;N;N;0.6;N;N;0;375;0.0;N;;0.15;N;N;N;0.0;N;2
Tart, bakewell, homemade;0;6.9;30.4;40.8;454;1894;22.7;1.5;8.80;212;168;75;41;117;1.10;0.15;0.7;4;N;N;85;N;N;;0.07;0.16;0.7;0.05;0.4;11;2
Tart, custard, large, homemade;0;5.8;17.4;25.2;275;1147;5.9;1.7;6.63;149;141;105;12;91;0.68;0.01;0.5;4;20;22;4;0.3;1.78;;0.05;0.15;0.4;0.05;0.7;6;2
Tart, mincemeat, one crust, homemade;0;3.1;17.9;56.4;385;1619;37.6;N;N;120;74;60;7;33;0.84;0.07;0.3;2;4;0;5;Tr;N;;0.06;0.02;0.6;0.07;Tr;6;Tr
Tartare sauce;0;1.3;24.6;17.9;299;1241;16.2;0.6;N;1080;42;15;17;36;0.50;0.03;0.3;1;8;24;150;0.2;10.10;;0.02;0.02;Tr;0.02;0.0;4;2
Tartlets, strawberry, homemade;0;2.4;10.1;27.2;202;848;7.7;2.2;6.18;86;101;31;10;38;0.56;0.05;0.2;1;5;112;71;0.1;0.48;;0.06;0.02;0.6;0.04;Tr;22;19
Tarts, bakewell, iced, retail;0;3.1;16.8;65.9;411;1729;45.2;1.1;6.94;132;117;69;12;73;0.58;0.12;0.3;2;Tr;Tr;Tr;Tr;2.03;;0.06;0.04;0.6;0.03;0.1;6;1
Tarts, custard, individual;0;6.7;14.3;28.7;263;1102;14.2;1.1;5.87;114;138;92;14;101;0.73;0.09;0.5;8;20;55;100;Tr;1.27;;0.14;0.16;0.5;0.03;Tr;13;0
Tarts, jam, homemade;0;3.4;16.8;58.0;382;1606;37.4;N;6.25;135;75;49;8;33;0.64;0.01;0.2;2;4;0;Tr;0.0;1.74;;0.05;0.01;0.4;0.02;0.0;3;6
Tarts, jam, wholemeal, homemade;0;4.2;14.0;59.6;366;1542;37.4;N;8.54;134;143;20;30;100;0.91;0.13;0.7;2;10;155;99;0.1;0.52;1.68;0.12;0.04;1.6;0.16;0.0;9;5
Tea, black, infusion, average;0;0.1;Tr;Tr;Tr;2;Tr;0.0;Tr;Tr;27;Tr;2;2;Tr;0.01;Tr;Tr;Tr;0;0;0.0;N;0.27;Tr;0.02;0.0;Tr;0.0;3;0
Tea, black, infusion, strong;0;0.1;Tr;Tr;Tr;2;Tr;;Tr;Tr;35;Tr;2;3;Tr;0.01;Tr;Tr;Tr;0;0;0.0;N;;Tr;0.02;0.0;0.01;0.0;5;0
Tea, black, infusion, weak;0;0.1;Tr;Tr;Tr;2;Tr;;Tr;Tr;18;Tr;1;1;Tr;0.01;Tr;Tr;Tr;0;0;0.0;N;;Tr;0.01;0.0;Tr;0.0;1;0
Tea, Chinese, leaves, infusion;0;0.1;0.0;0.2;1;5;Tr;;0.00;Tr;18;2;1;1;0.10;Tr;Tr;Tr;Tr;0;0;0.0;N;;Tr;Tr;Tr;Tr;0.0;N;0
Tea, green, infusion;0;0.1;0.0;Tr;Tr;Tr;Tr;0.0;0.00;1;20;2;Tr;1;0.10;Tr;Tr;Tr;Tr;0;0;0.0;N;;0.00;0.02;0.1;Tr;0.0;Tr;3
Tea, herbal, infusion;0;0.0;Tr;0.2;1;3;0.0;0.0;Tr;Tr;9;2;1;Tr;0.10;0.02;Tr;Tr;Tr;0;0;0.0;Tr;;0.01;Tr;0.0;0.00;0.0;1;0
Tea, infusion, average, with semi-skimmed milk;0;0.5;0.2;0.7;7;28;0.7;;0.10;7;44;16;3;15;0.00;0.01;0.1;Tr;2;3;1;0.0;0.00;;0.01;0.04;0.0;0.01;Tr;3;0
Tea, infusion, average, with whole milk;0;0.4;0.4;0.5;8;32;0.5;;0.30;6;40;13;3;12;0.00;0.01;0.1;Tr;2;6;2;0.0;0.01;;0.00;0.03;0.0;0.01;Tr;3;0
Tempeh;0;20.7;6.4;6.4;166;697;0.9;;N;6;370;120;70;200;3.60;0.67;1.8;N;N;0;30;0.0;N;;0.19;0.48;3.2;1.86;0.1;76;0
Tempeh burgers, fried in vegetable oil;0;8.3;7.9;22.2;188;792;1.0;1.3;N;130;179;41;45;139;1.38;0.38;1.0;N;N;8;8;0.2;N;;0.13;0.15;2.1;0.50;0.2;27;Tr
Thyme, dried, ground;0;9.1;7.4;45.3;276;1156;1.7;37.0;2.70;55;810;1890;220;200;123.60;0.86;6.2;5;N;0;2280;0.0;N;;0.51;0.40;4.9;0.55;0.0;274;50
Thyme, fresh;0;3.0;2.5;15.1;95;401;0.6;12.3;1.20;18;270;630;73;67;N;N;2.1;2;N;0;760;0.0;N;;0.16;0.13;1.6;0.18;0.0;91;17
Tigernuts;0;4.3;23.8;45.7;403;1685;16.1;;4.00;1;14;48;N;210;3.20;N;N;N;N;0;0;0.0;N;;0.23;0.10;1.1;N;0.0;N;6
Tilapia, raw;0;17.8;1.5;0.0;85;358;0.0;;0.30;52;450;120;N;350;1.90;N;N;N;N;N;Tr;Tr;N;;0.03;0.09;3.1;0.32;2.0;N;Tr
Tinda subji, homemade;0;1.6;8.1;4.1;95;393;4.1;2.8;0.83;408;279;34;21;43;0.60;0.09;0.3;2;N;0;139;0.0;3.10;;0.04;0.09;0.5;Tr;0.0;6;1
Tiramisu;0;4.2;14.0;27.1;244;1021;21.1;1.0;8.61;67;105;59;10;86;0.40;Tr;0.3;3;30;69;25;N;0.61;;0.06;0.12;0.3;0.03;0.4;10;Tr
Toad in the hole, homemade;0;12.0;17.9;20.2;285;1190;3.3;2.4;6.56;334;201;126;17;186;1.15;0.08;1.0;8;22;26;3;1.1;0.77;;0.07;0.19;1.9;0.11;1.2;10;3
Toad in the hole, made with skimmed milk and reduced fat sausages, homemade;0;13.6;5.2;19.7;175;739;3.8;2.1;1.82;353;221;126;19;195;1.21;0.11;1.3;8;22;20;Tr;N;0.36;;0.07;0.21;1.5;0.17;0.7;9;N
Toffees, mixed;0;2.1;15.9;62.9;387;1630;39.1;Tr;8.60;312;132;85;11;65;0.30;0.04;0.3;1;20;0;0;N;Tr;;0.00;Tr;0.0;0.00;0.2;1;0
Tofu burger, baked;0;7.3;4.0;13.2;115;483;2.6;N;0.51;211;142;330;34;124;1.64;0.17;1.0;N;N;0;984;0.0;0.80;;0.20;0.04;0.4;0.24;0.0;16;Tr
Tofu spread;0;4.4;20.1;2.4;208;858;2.3;N;1.61;246;110;248;15;55;0.96;0.10;0.4;N;N;19;210;Tr;5.86;;0.05;0.05;0.3;0.07;0.1;15;3
Tofu, soya bean, steamed;0;8.1;4.2;0.7;73;304;0.3;N;0.50;4;63;N;23;95;1.20;0.20;0.7;N;N;0;2;0.0;0.95;;0.06;0.02;0.1;0.07;0.0;15;0
Tofu, soya bean, steamed, fried;0;23.5;17.7;2.0;261;1086;0.9;N;N;12;180;N;67;270;3.50;0.58;2.0;N;N;0;2;0.0;N;;0.09;0.02;0.1;0.10;0.0;27;0
Tomato juice;0;0.8;Tr;3.0;14;62;3.0;N;Tr;230;230;10;10;19;0.40;0.06;0.1;Tr;2;0;200;0.0;1.01;;0.02;0.02;0.7;0.06;0.0;10;8
Tomato ketchup;0;1.6;0.1;28.6;115;489;27.5;0.9;Tr;800;350;13;19;31;0.30;0.05;0.1;N;N;0;473;0.0;N;;1.00;0.09;2.1;0.03;0.0;1;2
Tomato puree;0;4.4;0.2;12.9;67;287;12.9;4.7;0.04;49;1257;45;57;94;1.45;0.41;0.6;1;N;0;1754;0.0;5.22;;0.98;0.12;3.6;0.28;0.0;39;43
Tomato sauce, homemade;0;2.2;5.5;8.6;89;374;4.0;;1.80;340;280;19;10;39;0.60;0.03;0.3;1;5;26;1070;0.3;1.47;;0.11;0.02;1.2;0.14;0.0;9;8
Tomatoes, canned, whole contents;0;1.1;0.1;3.8;19;80;3.8;0.8;0.01;5;212;11;10;17;0.57;0.07;0.1;Tr;3;0;328;0.0;1.36;6.00;0.13;0.04;1.0;0.12;0.0;11;11
Tomatoes, cherry, raw;0;1.1;0.5;3.6;22;94;3.6;1.3;0.10;4;274;10;12;31;0.34;0.05;0.2;Tr;2;0;479;0.0;0.89;;0.05;0.02;0.4;0.06;0.0;24;15
Tomatoes, standard, fried in corn oil;0;0.8;7.7;4.5;89;371;4.5;1.5;1.12;3;332;11;12;33;0.37;0.04;0.1;Tr;3;0;520;0.0;1.83;6.05;0.05;0.01;0.9;0.07;0.0;15;23
Tomatoes, standard, fried in rapeseed oil;0;0.8;7.7;4.5;89;371;4.5;1.5;0.53;3;332;11;12;33;0.37;0.04;0.1;Tr;3;0;520;0.0;2.20;7.69;0.05;0.01;0.9;0.07;0.0;15;23
Tomatoes, standard, grilled, flesh and seeds only;0;0.6;0.2;3.4;17;72;3.4;Tr;0.04;2;209;10;9;21;0.26;0.04;0.1;Tr;2;0;355;0.0;0.89;12.50;0.05;0.01;0.6;0.15;0.0;14;30
Tomatoes, standard, raw;0;0.5;0.1;3.0;14;61;3.0;1.0;0.03;2;223;8;8;22;0.24;0.03;0.1;Tr;2;0;349;0.0;0.52;6.00;0.04;0.01;0.6;0.06;0.0;23;22
Tomatoes, stuffed with rice;0;2.1;13.4;22.2;212;887;7.7;;2.00;89;280;24;13;50;0.70;0.11;0.4;3;4;0;545;0.0;1.66;;0.11;0.01;1.2;0.14;0.0;8;7
Tomatoes, stuffed with vegetables;0;1.7;6.0;8.9;95;397;7.4;2.6;0.47;5;405;17;18;60;0.56;0.11;0.3;3;N;0;56;0.0;2.14;;0.12;0.06;1.4;0.20;Tr;21;17
Tongue, lamb, raw;0;15.3;14.6;0.0;193;800;0.0;;N;420;250;6;33;170;2.20;0.64;2.7;N;N;Tr;Tr;Tr;0.21;;0.17;0.49;4.9;0.17;7.0;4;7
Tongue, ox, meat only, pickled, raw;0;15.7;17.5;0.0;220;914;0.0;;N;1210;300;7;19;150;4.90;0.37;3.5;N;N;Tr;Tr;Tr;0.28;;0.10;0.38;6.4;0.18;5.0;6;3
Tongue, ox, meat only, pickled, stewed;0;19.5;23.9;0.0;293;1216;0.0;;N;1000;150;31;16;230;3.00;N;N;N;N;Tr;Tr;Tr;0.35;;0.06;0.29;4.1;0.09;4.0;5;2
Tongue, ox, meat only, stewed;0;19.4;18.3;0.0;242;1007;0.0;;N;860;140;9;13;140;2.50;0.09;3.8;N;N;Tr;Tr;N;N;;0.04;0.28;2.6;0.09;4.0;11;3
Tongue, sheep, meat only, stewed;0;18.2;24.0;0.0;289;1197;0.0;;N;80;110;11;13;200;3.40;N;N;N;N;Tr;Tr;Tr;0.32;;0.13;0.45;3.7;0.10;7.0;4;6
Tonic water;0;0.0;0.0;5.9;22;94;5.9;0.0;0.00;4;0;1;0;0;Tr;Tr;Tr;Tr;Tr;0;0;0.0;0.00;;0.00;0.00;0.0;0.00;0.0;0;0
Topic/Snickers and own brand equivalents;0;7.5;28.2;52.1;479;2005;46.1;2.8;9.15;187;388;101;80;210;1.89;0.35;1.4;6;N;10;7;N;4.28;;0.12;0.16;2.1;0.04;Tr;11;0
Tori ki subji, homemade;0;1.9;9.5;3.9;108;447;3.9;3.0;1.03;459;382;36;27;59;1.18;0.12;0.3;2;N;0;187;0.0;3.74;;0.04;0.10;0.4;Tr;0.0;10;2
Torte, fruit;0;3.8;15.5;27.7;258;1080;17.4;1.2;9.35;88;116;66;10;77;0.30;0.34;0.5;N;N;99;77;Tr;1.43;;0.03;0.09;0.2;0.02;Tr;3;Tr
Tortilla chips fried in sunflower oil;0;7.2;27.4;60.8;504;2110;2.5;5.9;2.89;636;285;103;78;234;1.50;0.10;1.2;5;N;0;208;0.0;7.11;;0.11;0.18;0.5;0.15;0.0;10;Tr
Tortilla, wheat, soft;0;7.8;5.7;53.9;285;1206;2.0;3.6;2.50;622;126;148;18;212;1.60;0.09;0.6;3;Tr;0;0;0.0;N;;0.27;0.01;1.4;0.07;0.0;8;0
Trail mix;0;9.1;28.5;37.2;432;1804;37.1;5.1;N;27;620;69;110;210;3.70;0.55;1.5;N;N;0;47;0.0;4.53;;0.23;0.09;2.0;N;0.0;25;Tr
Treacle tart, homemade;0;3.8;15.9;59.2;380;1599;33.8;1.7;5.84;258;89;56;9;37;0.84;0.05;0.3;N;N;0;Tr;N;N;;0.07;0.01;0.5;0.02;Tr;2;1
Treacle, black;0;1.2;0.0;67.2;257;1096;66.8;Tr;0.00;180;1760;550;180;29;14.00;0.78;0.8;N;N;0;0;0.0;0.00;;Tr;Tr;Tr;Tr;0.0;Tr;0
Trifle, fruit, retail;0;2.6;9.0;19.5;164;689;15.3;2.4;5.56;65;137;73;10;84;0.24;0.02;0.3;2;37;N;Tr;N;0.66;;0.12;0.08;0.1;0.01;0.2;8;Tr
Trifle, homemade;0;2.7;7.9;21.6;167;700;16.7;N;4.42;76;121;62;12;83;0.30;0.04;0.3;2;N;89;227;0.2;0.60;;0.11;0.12;0.4;0.03;0.2;7;5
Trifle, with Dream Topping;0;2.8;5.9;22.1;152;638;17.1;N;3.37;78;124;65;12;85;0.31;0.04;0.3;2;N;54;208;0.1;0.53;;0.11;0.12;0.4;0.04;0.2;7;5
Tripe and onions, stewed, homemade;0;8.4;1.4;9.4;93;391;4.8;1.0;0.77;64;154;123;12;79;0.38;0.05;0.9;N;N;10;9;Tr;0.22;;0.05;0.12;0.2;0.06;0.5;8;3
Tripe, dressed, raw;0;7.1;0.5;0.0;33;139;0.0;;0.20;50;12;52;3;16;0.20;0.04;0.7;N;N;Tr;Tr;Tr;0.08;;Tr;Tr;Tr;Tr;Tr;7;3
Tripe, dressed, stewed in milk;0;14.8;4.5;0.0;100;418;Tr;;2.40;73;100;150;15;90;0.70;0.14;2.3;N;N;Tr;Tr;Tr;0.09;;Tr;0.08;Tr;0.02;Tr;1;3
Trout, brown, raw;0;19.4;3.8;0.0;112;470;0.0;;N;56;480;9;29;260;1.50;0.04;1.2;25;N;N;Tr;N;N;;N;N;N;N;N;N;Tr
Trout, brown, steamed;0;23.5;4.5;0.0;135;566;0.0;;1.00;88;370;36;31;270;1.00;0.04;0.5;24;16;39;Tr;N;N;;0.20;0.12;4.2;0.35;4.9;N;Tr
Trout, brown, steamed, weighed with bones;0;15.5;3.0;0.0;89;375;0.0;;0.70;58;250;24;20;180;0.70;0.03;0.3;16;11;26;Tr;N;N;;0.13;0.08;2.8;0.23;3.2;N;Tr
Trout, rainbow, baked, flesh only, fillets weighed with bones and skin;0;20.7;5.3;0.0;131;548;0.0;0.0;1.25;81;378;16;25;221;0.35;0.04;0.5;20;7;38;Tr;7.1;0.77;;0.11;0.11;5.6;0.17;2.7;10;Tr
Trout, rainbow, flesh only, baked;0;23.8;6.1;0.0;150;630;0.0;0.0;1.44;93;434;19;29;254;0.40;0.05;0.6;23;8;44;Tr;8.2;0.89;;0.13;0.13;6.4;0.19;3.1;11;Tr
Trout, rainbow, flesh only, raw;0;19.9;5.3;0.0;127;534;0.0;0.0;1.21;110;383;21;26;228;0.28;0.04;0.5;19;5;25;Tr;7.9;0.44;;0.16;0.12;7.3;0.31;2.8;9;Tr
Truffles, mocha, homemade;0;6.2;24.9;63.8;488;2049;62.9;;15.00;37;390;92;85;170;2.00;0.59;1.3;2;18;36;27;1.2;1.21;;0.05;0.15;0.8;0.04;0.0;13;1
Truffles, rum, homemade;0;6.0;32.9;54.2;529;2209;53.4;N;19.02;51;273;45;78;171;2.53;0.62;1.5;5;18;137;59;0.5;1.66;;0.06;0.11;0.3;0.06;0.7;23;Tr
Tuna, canned in brine, drained;0;24.9;1.0;0.0;109;460;0.0;0.0;0.30;293;230;10;27;171;1.51;0.07;0.9;69;12;26;Tr;1.1;0.42;0.25;Tr;0.11;10.3;0.31;3.4;3;Tr
Tuna, canned in sunflower oil, drained;0;25.4;6.4;0.0;159;669;0.0;0.0;0.78;368;267;11;35;204;1.19;0.05;0.8;87;12;26;Tr;1.1;2.84;;Tr;0.11;10.3;0.31;3.4;3;Tr
Tuna, flesh only, baked;0;32.3;0.8;0.0;136;579;0.0;0.0;0.29;63;450;11;41;290;0.93;0.03;0.5;92;23;78;Tr;3.1;0.13;;0.12;0.07;17.4;0.23;2.2;5;Tr
Tuna, flesh only, raw;0;25.2;0.7;0.0;107;454;0.0;0.0;0.21;66;444;4;39;266;0.72;0.03;0.4;93;18;76;Tr;3.2;0.04;;0.13;0.07;21.9;0.43;2.2;4;Tr
Turbot, flesh only, grilled;0;22.7;3.5;0.0;122;514;0.0;;0.90;9;340;62;62;260;0.60;0.05;0.3;N;N;Tr;Tr;Tr;N;;0.06;0.14;2.4;2.52;0.0;N;Tr
Turbot, flesh only, grilled, weighed with bones and skin;0;14.1;2.1;0.0;76;319;0.0;;0.50;6;210;38;38;160;0.40;0.03;0.2;N;N;Tr;Tr;Tr;N;;0.04;0.09;1.5;1.56;0.0;N;Tr
Turbot, flesh only, raw;0;17.7;2.7;0.0;95;401;0.0;;0.70;68;260;49;48;200;0.50;0.04;0.2;N;N;Tr;Tr;Tr;N;;0.05;0.11;2.1;N;2.0;N;Tr
Turkey and pasta bake, homemade;0;12.0;5.6;7.2;130;545;2.0;1.0;2.49;142;228;76;20;152;0.54;0.11;1.2;9;12;30;75;0.1;0.34;;0.07;0.16;3.3;0.21;0.5;11;7
Turkey slices;0;23.0;1.9;1.2;114;481;0.4;Tr;0.60;590;330;6;25;310;0.40;0.13;1.1;11;5;Tr;Tr;0.2;0.24;;0.05;0.18;9.6;0.41;Tr;8;Tr
Turkey, breast, fillet, grilled, meat only;0;35.0;1.7;0.0;155;658;0.0;0.0;0.60;90;550;5;42;380;0.60;0.08;1.7;17;8;Tr;Tr;0.4;0.02;;0.07;0.15;14.0;0.63;1.0;7;0
Turkey, dark meat, raw;0;20.4;2.5;0.0;104;439;0.0;0.0;0.80;90;310;7;22;200;1.00;0.04;3.1;15;5;Tr;Tr;0.4;Tr;;0.08;0.31;4.6;0.35;2.0;28;0
Turkey, dark meat, roasted;0;29.4;6.6;0.0;177;745;0.0;0.0;2.00;110;330;17;25;260;1.20;0.11;3.4;17;8;Tr;Tr;0.3;Tr;;0.05;0.25;7.2;0.44;2.0;20;0
Turkey, drumsticks, roasted, meat and skin;0;27.4;8.5;0.0;186;780;0.0;;2.60;105;310;15;25;230;1.40;0.13;3.7;18;8;5;Tr;0.5;Tr;;0.07;0.21;6.0;0.39;1.0;19;0
Turkey, drumsticks, roasted, meat and skin, weighed with bone;0;19.7;6.1;0.0;134;561;0.0;;1.80;75;220;11;18;165;1.00;0.09;2.7;13;6;Tr;Tr;0.4;Tr;;0.05;0.15;4.3;0.28;1.0;14;0
Turkey, drumsticks, roasted, meat only;0;27.5;5.8;0.0;162;683;0.0;;1.70;105;310;15;24;226;1.40;0.13;3.9;18;7;Tr;Tr;0.5;Tr;;0.07;0.22;5.9;0.40;2.0;20;0
Turkey, light meat, raw;0;24.4;0.8;0.0;105;444;0.0;0.0;0.30;50;360;4;27;230;0.30;0.01;1.0;10;6;Tr;Tr;0.3;Tr;;0.06;0.15;10.7;0.81;1.0;9;0
Turkey, light meat, roasted;0;33.7;2.0;0.0;153;648;0.0;0.0;0.70;50;400;6;30;260;0.50;0.05;1.4;14;8;Tr;Tr;0.1;0.02;;0.05;0.16;12.9;0.47;1.0;18;0
Turkey, meat, average, raw;0;22.6;1.6;0.0;105;443;0.0;0.0;0.50;68;340;5;25;220;0.60;0.02;1.9;13;6;Tr;Tr;0.3;0.01;;0.07;0.22;8.0;0.61;2.0;17;0
Turkey, meat, average, roasted;0;31.2;4.6;0.0;166;701;0.0;0.0;1.40;90;350;11;27;260;0.80;0.09;2.5;17;8;Tr;Tr;0.3;0.06;;0.06;0.19;10.3;0.49;1.0;17;0
Turkey, mince, stewed;0;28.6;6.8;0.0;176;739;0.0;;2.00;45;210;15;21;180;1.40;0.19;3.8;19;8;Tr;Tr;0.5;Tr;;0.05;0.20;4.7;0.32;2.0;4;0
Turkey, self-basting, light meat, roasted;0;31.7;4.0;0.0;163;688;0.0;;1.20;90;340;7;27;240;0.40;0.06;1.3;16;6;Tr;Tr;0.4;0.34;;0.06;0.14;13.9;0.57;1.0;11;0
Turkey, skin, dry, roasted;0;29.9;40.2;0.0;481;1995;0.0;0.0;13.20;110;330;20;33;250;1.60;0.07;1.8;N;N;N;Tr;N;N;;N;N;N;N;N;N;0
Turkey, skin, moist, roasted;0;21.6;31.7;0.0;372;1542;0.0;;10.50;120;290;13;27;220;1.30;0.09;1.3;N;N;N;Tr;N;N;;N;N;N;N;N;N;0
Turkey, skin, raw;0;14.0;30.7;0.0;332;1374;0.0;;10.10;67;180;11;13;130;0.70;0.09;1.1;8;8;53;Tr;0.8;Tr;;0.05;0.07;3.9;0.15;N;3;0
Turkey, stir-fried with vegetables, homemade;0;11.1;2.3;3.6;82;345;2.1;N;0.34;190;286;17;22;123;0.89;0.05;1.0;N;N;Tr;237;0.1;0.71;;0.05;0.10;3.1;0.29;0.1;16;22
Turkey, strips, stir-fried in corn oil;0;31.0;4.5;0.0;164;692;0.0;0.0;N;60;420;5;32;280;0.40;0.04;1.3;15;7;Tr;Tr;0.3;N;;0.07;0.12;13.5;0.69;1.0;8;0
Turkey, thighs, diced, casseroled, meat only;0;28.3;7.5;0.0;181;760;0.0;0.0;2.50;65;230;12;23;210;2.00;0.20;5.4;19;8;Tr;Tr;0.5;Tr;;0.07;0.22;6.0;0.41;2.0;21;0
Turkey, whole, raw;0;21.6;5.2;0.0;133;560;0.0;;1.70;70;320;6;23;210;0.60;0.03;1.8;12;6;7;Tr;0.4;0.01;;0.07;0.20;7.5;0.55;1.0;16;0
Turkey, whole, raw, weighed with bone;0;15.1;3.6;0.0;93;390;0.0;;1.10;50;230;4;16;150;0.40;0.02;1.3;8;4;5;Tr;0.3;Tr;;0.05;0.14;5.2;0.38;1.0;11;0
Turkey, whole, roasted, meat and skin;0;30.9;7.4;0.0;190;799;0.0;;2.30;90;350;12;27;260;0.90;0.09;2.4;17;8;5;Tr;0.4;0.07;;0.06;0.19;10.1;0.48;1.0;16;0
Turkey, whole, roasted, meat and skin, weighed with bone;0;20.1;4.8;0.0;124;519;0.0;;1.50;60;230;8;17;170;0.60;0.06;1.6;11;5;Tr;Tr;0.3;0.04;;0.04;0.12;6.6;0.31;1.0;10;0
Turkish delight, with nuts, homemade;0;4.1;2.6;82.0;348;1478;81.8;;0.35;85;53;22;8;22;0.40;0.13;0.2;1;Tr;0;6;0.0;0.19;;0.03;0.01;0.1;Tr;0.0;3;Tr
Turkish delight, without nuts;0;0.6;0.0;77.9;295;1257;68.6;0.0;0.00;31;4;10;2;7;0.20;0.12;0.7;Tr;Tr;0;0;0.0;0.00;;0.13;N;N;N;N;N;0
Turmeric, ground;0;6.7;7.0;N;N;N;N;;2.90;31;2910;170;190;290;39.50;1.00;3.2;N;N;0;15;0.0;N;;0.09;0.11;3.7;N;0.0;0;0
Turnip tops, boiled in unsalted water;0;2.7;Tr;0.2;13;53;0.1;;N;7;78;98;10;45;3.10;0.09;0.4;N;N;0;6000;0.0;2.87;;0.06;0.20;0.5;0.18;0.0;120;40
Turnip, boiled in unsalted water;0;0.6;0.2;2.0;12;51;1.9;N;Tr;28;200;45;6;31;0.20;0.01;0.1;1;N;0;20;0.0;Tr;0.15;0.05;0.02;0.2;0.04;0.0;8;10
Turnip, flesh only, raw;0;0.9;0.3;4.7;23;98;4.5;;Tr;15;280;48;8;41;0.20;0.01;0.1;1;N;0;20;0.0;Tr;0.15;0.05;0.01;0.4;0.08;0.0;14;17
Twiglets;0;12.3;11.8;63.3;393;1659;0.6;12.4;1.60;800;460;45;81;370;2.90;0.32;2.0;N;N;0;Tr;0.0;2.47;;0.37;0.48;7.8;0.38;0.0;78;Tr
Tzatziki;0;3.4;5.5;3.4;76;314;3.0;0.3;3.58;369;168;75;11;97;0.22;0.01;0.3;1;22;61;27;0.0;0.23;;0.08;0.07;0.1;0.03;0.1;7;1
Urad dahl, homemade;0;4.8;3.2;8.7;81;340;0.8;2.7;0.44;334;262;31;35;75;1.20;0.15;0.6;N;N;0;155;0.0;N;;0.03;0.05;0.3;N;0.0;38;Tr
Veal, escalope, fried in corn oil;0;33.7;6.8;0.0;196;825;0.0;0.0;1.76;86;460;6;32;300;0.90;Tr;3.1;11;8;6;Tr;1.3;0.39;;0.08;0.25;7.8;0.70;4.0;17;0
Veal, escalope, raw;0;22.7;1.7;0.0;106;449;0.0;0.0;0.60;59;350;4;24;230;0.60;Tr;2.4;9;9;Tr;Tr;1.4;0.26;;0.12;0.23;7.8;0.65;2.0;23;0
Veal, mince, raw;0;20.3;7.0;0.0;144;604;0.0;;2.90;83;260;9;17;170;0.80;Tr;3.0;7;10;Tr;Tr;1.2;0.17;;0.06;0.14;5.9;0.49;2.0;14;0
Veal, mince, stewed;0;26.3;11.1;0.0;205;858;0.0;;4.70;74;290;16;21;210;1.10;Tr;3.9;9;8;Tr;8;1.5;0.16;;0.23;0.18;4.9;0.30;3.0;15;0
Vegeburger, retail, grilled;0;16.6;7.2;8.0;161;677;3.6;4.5;N;490;610;100;80;240;4.50;0.40;1.6;8;N;N;Tr;N;N;2.18;N;N;N;N;N;95;N
Vegetable and cheese grill/burger, in crumbs, baked/grilled;0;7.0;14.0;23.0;240;1005;1.3;N;4.64;290;260;154;20;147;0.90;0.10;0.8;4;32;17;265;N;1.12;;0.07;0.11;1.0;0.05;0.4;8;2
Vegetable bake, homemade;0;4.3;5.9;13.7;121;509;4.6;1.2;2.65;107;257;109;17;92;0.41;0.04;0.6;1;15;N;2390;N;N;;0.11;0.12;0.3;0.08;0.4;9;4
Vegetable stir fry mix, fried in corn oil;0;2.0;3.6;6.4;64;270;3.9;;0.50;11;230;30;16;46;0.50;0.11;0.3;Tr;N;0;N;0.0;0.00;;0.07;0.13;1.0;0.25;0.0;16;8
Vegetable stir fry mix, fried in rapeseed oil;0;2.0;3.6;6.4;64;270;3.9;N;0.24;11;230;30;16;46;0.50;0.11;0.3;Tr;N;0;N;0.0;N;;0.07;0.13;1.0;0.25;0.0;16;8
Vegetable stir fry mix, fried in sunflower oil;0;2.0;3.6;6.4;64;270;3.9;;0.40;11;230;30;16;46;0.50;0.11;0.3;Tr;N;0;N;0.0;N;;0.07;0.13;1.0;0.25;0.0;16;8
Vegetables, mixed, cooked with onion, spice and tomatoes, homemade;0;2.4;5.3;6.6;82;342;3.4;3.3;0.73;374;377;40;24;58;0.94;0.13;0.3;N;N;0;792;0.0;N;;0.08;0.09;0.3;N;0.0;6;6
Vegetables, mixed, frozen, boiled in unsalted water;0;3.3;0.5;6.6;42;180;3.6;N;N;15;130;35;16;57;0.80;0.02;0.4;N;N;0;2520;0.0;N;;0.12;0.09;0.8;0.11;0.0;52;13
Vegetables, mixed, stir-fry type, frozen, fried in rapeseed oil;0;2.0;3.6;6.4;64;270;3.9;N;N;14;230;30;16;46;0.50;0.11;0.3;Tr;N;0;N;0.0;N;;0.07;0.13;1.0;0.25;0.0;16;8
Vegetables, stir-fried, takeaway;0;1.8;4.1;2.1;52;216;0.2;2.1;0.77;399;119;13;9;32;0.96;0.05;0.2;Tr;N;Tr;575;0.0;1.26;;0.03;0.13;0.3;0.05;0.0;3;2
Venison in red wine and port, homemade;0;9.7;2.5;3.4;88;369;1.6;0.6;1.46;186;199;12;15;98;1.70;0.12;1.1;4;N;N;N;N;N;;N;0.09;N;N;N;N;Tr
Venison, meat only, raw;0;22.2;1.6;0.0;103;437;0.0;;0.80;55;340;5;25;210;3.30;0.21;2.4;9;N;N;N;N;N;;N;0.25;N;N;N;N;0
Venison, roast;0;35.6;2.5;0.0;165;698;0.0;0.0;N;52;290;6;27;240;5.10;0.36;3.9;14;N;N;N;N;N;;0.16;0.69;5.5;0.65;1.0;6;0
Vermouth, dry;0;0.1;0.0;3.0;109;453;3.0;0.0;0.00;11;34;7;6;6;0.30;0.03;Tr;Tr;N;0;Tr;0.0;0.00;;Tr;Tr;0.0;0.01;Tr;Tr;0
Vine leaves, stuffed with rice;0;2.6;17.8;23.8;263;1094;10.5;N;2.55;551;177;126;21;45;1.07;0.57;0.5;N;4;0;420;0.0;N;;0.09;0.06;0.5;0.13;0.0;7;4
Vinegar;0;0.4;0.0;0.6;22;89;0.6;0.0;0.00;5;34;3;4;10;0.10;0.01;0.1;1;N;0;0;0.0;0.00;;0.00;0.00;0.0;0.00;0.0;0;0
Wafers, plain ice cream wafers, not filled;0;10.5;3.0;79.7;368;1565;3.5;3.4;0.59;192;195;89;28;129;2.30;0.12;1.2;7;Tr;0;0;0.0;0.42;;0.08;0.02;1.6;0.04;0.0;14;0
Waffles, homemade;0;9.0;15.3;43.0;335;1408;3.4;1.9;8.96;306;217;150;21;254;1.25;0.08;0.9;6;34;174;95;0.7;0.81;;0.13;0.23;0.9;0.11;1.1;12;1
Walnuts, kernel only;0;14.7;68.5;3.3;688;2837;2.6;N;7.47;7;450;94;160;380;2.90;1.34;2.7;3;9;0;0;0.0;3.85;;0.40;0.14;1.2;0.67;0.0;66;0
Walnuts, kernel only, weighed with shells;0;6.3;29.4;1.4;295;1217;1.1;;3.21;3;190;40;69;160;1.20;0.58;1.2;1;4;0;0;0.0;1.66;;0.17;0.06;0.5;0.29;0.0;28;0
Water chestnuts, raw;0;1.4;0.2;10.4;46;198;4.8;;N;12;530;8;14;70;0.70;N;N;N;N;0;0;0.0;N;;0.09;0.11;1.0;0.10;0.0;N;5
Water, distilled;0;0.0;0.0;0.0;0;0;0.0;0.0;0.00;0;0;0;0;0;0.00;0.00;0.0;0;0;0;0;0.0;0.00;;0.00;0.00;0.0;0.00;0.0;0;0
Watercress, raw;0;1,9;0,3;Tr;10;43;Tr;1,5;0,09;37;300;138;16;61;0,72;0,05;0,5;1;7;0;1589;0;1,46;315;0,16;0,06;0,3;0,23;0;43;62
Welsh cakes, homemade;0;5.5;17.8;61.9;432;1816;31.5;1.7;10.80;238;211;81;17;137;1.16;0.21;0.5;N;N;201;122;0.5;N;;0.12;0.10;0.8;0.10;0.4;6;Tr
Welsh cheesecakes, homemade;0;5.3;23.8;49.2;420;1760;22.5;1.9;8.39;313;90;65;10;132;0.93;0.04;0.4;5;N;N;86;N;N;;0.06;0.07;0.5;0.04;0.4;5;2
Welsh rarebit, homemade;0;13.9;28.4;23.1;398;1656;2.4;1.2;17.38;592;126;378;25;249;0.94;0.08;2.0;4;24;304;161;0.3;0.52;;0.11;0.23;0.8;0.10;1.1;25;Tr
Welsh rarebit, wholemeal, homemade;0;14.4;27.4;22.1;387;1612;2.1;3.5;16.59;581;185;331;46;295;1.37;0.13;2.3;7;N;289;153;0.3;0.64;;0.12;0.20;2.0;0.12;1.0;32;Tr
Wheat, bulgur, raw;0;10.6;2.0;77.8;352;1499;1.1;6.7;0.28;5;355;29;85;282;1.98;0.46;2.1;3;Tr;0;0;0.0;0.42;;0.25;0.06;4.8;0.25;0.0;27;0
Wheatgerm;0;27.3;8.4;44.7;352;1490;16.0;13.9;1.13;3;1045;45;240;1047;8.08;0.82;14.0;18;Tr;0;0;0.0;16.20;;1.80;0.63;6.7;2.58;0.0;277;0
Whelks, boiled;0;19.5;1.2;Tr;89;376;Tr;;0.20;280;190;84;87;140;3.30;6.59;12.1;N;N;N;Tr;Tr;0.80;;0.04;0.17;1.3;0.09;21.0;6;Tr
Whelks, boiled, weighed with shells;0;6.6;0.4;Tr;30;128;Tr;;0.10;95;65;29;30;48;1.10;2.24;4.1;N;N;N;Tr;Tr;0.27;;0.01;0.06;0.4;0.03;7.0;2;Tr
White fish, dried, salted;0;34.5;1.1;0.0;148;627;0.0;;N;7530;300;140;26;210;0.80;0.12;1.1;N;N;N;Tr;N;N;;0.07;0.07;2.7;N;3.0;3;Tr
White sauce, savoury, made with semi-skimmed milk, homemade;0;4.4;8.0;11.1;131;548;5.1;0.3;5.04;100;183;137;13;111;0.16;0.01;0.5;1;35;91;55;0.1;0.21;;0.04;0.24;0.2;0.06;0.9;5;1
White sauce, savoury, made with skimmed milk, homemade;0;4.5;6.5;11.1;118;493;5.2;0.3;4.03;102;188;142;14;113;0.17;0.01;0.6;1;35;72;45;0.1;0.18;;0.05;0.23;0.3;0.06;0.9;6;1
White sauce, savoury, made with whole milk, homemade;0;4.4;10.8;11.6;158;660;4.9;0.3;6.80;105;182;136;14;113;0.18;0.01;0.6;1;36;118;65;0.1;0.25;;0.04;0.23;0.2;0.06;0.9;5;1
White sauce, sweet, made with semi-skimmed milk, homemade;0;4.0;6.7;18.6;146;615;13.2;0.3;2.74;93;167;126;12;101;0.17;0.02;0.5;1;N;N;55;N;N;;0.04;0.22;0.2;0.06;0.8;5;1
White sauce, sweet, made with skimmed milk, homemade;0;4.1;5.3;18.7;134;565;13.3;0.3;1.81;95;172;131;13;103;0.17;0.02;0.5;1;N;N;46;N;N;;0.04;0.21;0.2;0.06;0.8;5;Tr
White sauce, sweet, made with whole milk, homemade;0;4.0;8.6;18.6;163;684;13.1;0.3;3.94;93;168;126;13;103;0.17;0.02;0.5;1;N;N;60;N;N;;0.04;0.21;0.3;0.06;0.8;5;1
Whitebait, in flour, fried;0;19.5;47.5;5.3;525;2174;0.1;;N;230;110;860;50;860;5.10;N;N;N;N;N;Tr;N;N;;N;N;N;N;N;N;Tr
Whitecurrants, raw;0;1.3;Tr;5.6;26;112;5.6;;Tr;2;290;22;13;28;0.90;0.14;0.2;N;N;0;Tr;0.0;0.10;;0.04;0.06;0.1;0.05;0.0;N;40
Whitecurrants, stewed with sugar;0;1.0;Tr;14.2;57;245;14.2;;Tr;1;230;17;10;21;0.70;0.11;0.2;N;N;0;Tr;0.0;0.08;;0.02;0.04;0.1;0.03;0.0;N;23
Whitecurrants, stewed without sugar;0;1.1;Tr;4.8;22;95;4.8;;Tr;1;250;18;11;23;0.80;0.12;0.2;N;N;0;Tr;0.0;0.09;;0.03;0.04;0.1;0.03;0.0;N;26
Whiting, flesh only, raw;0;18.7;0.7;0.0;81;344;0.0;;0.10;90;330;18;22;170;0.10;0.01;0.4;21;67;Tr;Tr;Tr;N;;0.05;0.26;1.7;0.17;N;N;Tr
Whiting, flesh only, steamed;0;20.9;0.9;0.0;92;389;0.0;;0.10;110;400;21;28;190;0.10;0.01;0.4;25;80;Tr;Tr;Tr;N;;0.05;0.31;1.8;0.20;N;N;Tr
Whiting, flesh only, steamed, weighed with bones and skin;0;19.4;0.8;0.0;85;361;0.0;;0.10;100;370;20;26;180;0.10;0.01;0.4;23;74;Tr;Tr;Tr;N;;0.05;0.29;1.7;0.19;N;N;Tr
Whiting, in crumbs, fried in blended oil;0;18.1;10.3;7.0;191;801;0.2;;1.10;200;320;48;33;260;0.70;N;N;N;N;Tr;Tr;Tr;2.48;;N;N;N;N;N;N;Tr
Whiting, in crumbs, fried in blended oil, weighed with bones and skin;0;16.3;9.3;6.3;172;721;0.2;;1.00;180;290;43;30;230;0.60;N;N;N;N;Tr;Tr;Tr;2.24;;N;N;N;N;N;N;Tr
Whiting, in crumbs, fried in dripping;0;18.1;10.3;7.0;191;801;0.2;;5.70;200;320;48;33;260;0.70;N;N;N;N;N;N;Tr;N;;N;N;N;N;N;N;Tr
Whiting, in crumbs, fried in dripping, weighed with bones and skin;0;16.3;9.3;6.3;172;721;0.2;;5.20;180;290;43;30;230;0.60;N;N;N;N;N;N;Tr;N;;N;N;N;N;N;N;Tr
Whiting, in crumbs, fried in sunflower oil;0;18.1;10.3;7.0;191;801;0.2;;1.20;200;320;48;33;260;0.70;N;N;N;N;Tr;Tr;Tr;5.07;;N;N;N;N;N;N;Tr
Whiting, in crumbs, fried in sunflower oil, weighed with bones and skin;0;16.3;9.3;6.3;172;721;0.2;;1.10;180;290;43;30;230;0.60;N;N;N;N;Tr;Tr;Tr;4.57;;N;N;N;N;N;N;Tr
Wiener schnitzel, homemade;0;21.2;8.5;13.4;213;897;0.7;0.2;1.15;117;328;27;25;225;1.03;0.05;2.2;N;14;13;0;1.5;1.67;;0.17;0.20;5.3;0.44;1.6;25;0
Wine, mulled wine, homemade;0;0.3;0.2;20.2;155;651;20.2;0.4;0.06;4;94;12;10;12;0.38;0.09;N;Tr;N;0;9;0.0;0.04;;0.03;0.01;0.2;0.02;Tr;5;9
Wine, red;0;0.1;0.0;0.2;76;315;0.2;0.0;0.00;7;110;7;11;13;0.90;0.06;0.1;Tr;N;0;Tr;0.0;N;Tr;Tr;0.02;0.1;0.03;Tr;1;0
Wine, rose, medium;0;0.1;0.0;2.5;79;329;2.5;0.0;0.00;4;75;12;7;6;1.00;0.02;Tr;Tr;N;0;Tr;0.0;N;;Tr;0.01;0.1;0.02;Tr;Tr;0
Wine, white, dry;0;0.1;0.0;0.6;75;309;0.6;0.0;0.00;4;61;9;8;6;0.50;0.01;Tr;Tr;N;0;Tr;0.0;N;;Tr;0.01;0.1;0.02;Tr;Tr;0
Wine, white, medium;0;0.1;0.0;3.0;75;313;3.0;0.0;0.00;11;81;12;8;8;0.80;Tr;Tr;Tr;N;0;Tr;0.0;N;;Tr;Tr;0.1;0.01;Tr;Tr;0
Wine, white, sparkling;0;0.3;0.0;5.1;84;351;5.1;0.0;0.00;5;58;9;7;9;0.50;0.01;Tr;Tr;N;0;Tr;0.0;N;;Tr;0.01;0.1;0.02;Tr;Tr;0
Wine, white, sweet;0;0.2;0.0;5.9;94;394;5.9;0.0;0.00;13;110;14;11;13;0.60;0.05;Tr;Tr;N;0;Tr;0.0;N;;Tr;0.01;0.1;0.01;Tr;Tr;0
Winkles, boiled;0;15.4;1.2;Tr;72;306;Tr;;0.20;750;220;130;310;160;10.20;1.70;3.3;N;80;N;Tr;Tr;3.90;;0.29;0.38;1.7;0.10;36.0;N;Tr
Winkles, boiled, weighed with shells;0;2.9;0.2;Tr;14;58;Tr;;Tr;140;42;25;58;29;1.90;0.32;0.6;N;15;N;Tr;Tr;0.74;;0.06;0.07;0.3;0.02;7.0;N;Tr
Worcestershire sauce;0;1.4;0.1;28.3;113;480;21.5;Tr;Tr;1500;600;190;73;31;10.10;0.21;0.4;1;1;0;8;0.0;N;;Tr;0.01;0.4;N;0.0;1;0
Yam, baked;0;2.1;0.4;37.5;153;651;0.9;;0.10;3;510;20;20;36;0.90;0.01;0.4;N;N;0;Tr;0.0;N;;0.17;0.01;0.2;0.15;0.0;7;5
Yam, flesh only, boiled in unsalted water;0;1,6;0,2;29,3;118;504;1,9;2,3;0,07;Tr;271;3;16;34;0,34;0,15;0,3;1;1;0;Tr;0;N;;0,14;0,01;0,2;0,12;0;6;4
Yam, flesh only, raw;0;1.5;0.3;28.2;114;488;0.7;;0.10;2;380;15;15;27;0.70;0.01;0.3;N;N;0;Tr;0.0;N;;0.16;0.01;0.2;0.16;0.0;8;4
Yam, steamed;0;1.5;0.3;28.2;114;488;0.7;;0.10;1;370;13;15;27;0.70;0.01;0.3;N;N;0;Tr;0.0;N;;0.14;0.01;0.2;0.12;0.0;6;4
Yeast extract;0;40.7;0.4;3.5;180;763;1.6;0.0;N;4300;2100;70;160;950;2.90;0.20;2.7;N;49;0;0;0.0;N;;4.10;11.90;64.0;1.60;14.5;2620;0
Yeast, bakers, compressed;0;11.4;0.4;1.1;53;226;Tr;N;N;16;610;25;59;390;5.00;1.60;3.2;N;N;0;Tr;0.0;Tr;;0.71;1.70;11.0;0.60;Tr;1250;Tr
Yeast, dried;0;35.6;1.5;3.5;169;717;Tr;N;N;50;2000;80;230;1290;20.00;5.00;8.0;N;N;0;Tr;0.0;Tr;;2.33;4.00;8.5;2.00;Tr;4000;Tr
Yogurt, Greek style, fruit;0;4.8;8.4;11.2;137;572;10.5;Tr;5.57;64;218;141;14;136;0.16;Tr;0.6;3;39;115;Tr;0.1;0.39;;0.12;0.13;0.1;Tr;0.0;6;Tr
Yogurt, Greek style, plain;0;5.7;10.2;4.8;133;551;4.5;0.0;6.75;66;184;126;13;138;0.11;Tr;0.5;3;39;115;Tr;0.1;0.38;;0.12;0.13;0.1;0.01;0.2;18;Tr
Yogurt, low fat, fruit;0;4.2;1.1;13.7;78;331;12.7;0.3;0.80;62;204;140;15;120;0.11;Tr;0.5;2;48;10;Tr;Tr;0.28;0.03;0.12;0.21;0.1;Tr;0.3;16;1
Yogurt, low fat, hazelnut;0;4.4;1.5;16.0;91;387;14.9;0.9;0.58;58;215;160;18;141;0.17;0.02;0.6;2;46;8;Tr;0.1;0.28;;0.12;0.22;0.1;0.01;0.3;18;1
Yogurt, low fat, plain;0;4.8;1.0;7.8;57;243;7.5;N;0.66;63;228;162;16;143;0.08;0.03;0.6;2;34;8;Tr;0.1;Tr;0.03;0.12;0.22;0.1;0.01;0.3;18;1
Yogurt, low fat, toffee;0;3.8;0.9;18.0;91;386;16.8;0.0;0.62;67;220;159;16;132;0.11;Tr;0.6;2;34;8;Tr;0.1;Tr;;0.12;0.33;0.1;0.01;0.3;18;1
Yogurt, soya, non-dairy alternative to yogurt, fruit, fortified;0;3,3;2.0;11.0;72;306;10.7;1.0;0.32;24;94;120;15;72;0.45;Tr;0.2;2;N;N;3;0.8;N;;0.11;0.21;N;Tr;0.4;N;N
Yogurt, virtually fat free/diet, fruit;0;4.8;0.2;10.1;59;250;9.4;0.4;0.10;62;204;140;15;120;0.10;Tr;0.5;1;N;Tr;Tr;Tr;0.03;;0.12;0.21;0.1;Tr;0.3;8;1
Yogurt, virtually fat free/diet, plain;0;5.4;0.2;8.2;54;230;7.9;0.0;0.10;71;247;160;16;151;0.13;0.03;0.6;2;53;Tr;Tr;Tr;Tr;;0.12;0.22;0.1;0.01;0.3;18;1
Yogurt, whole milk, fruit;0;4.0;3.0;17.7;109;463;16.6;N;2.01;58;170;122;13;96;0.12;Tr;0.4;2;27;36;Tr;0.1;0.18;;0.12;0.16;0.1;0.01;0.3;10;1
Yogurt, whole milk, infant, fruit flavour;0;3.8;3.7;11.1;90;378;10.4;0.2;2.45;46;176;120;12;114;0.21;0.02;0.5;2;27;36;Tr;0.1;0.18;;0.12;0.15;0.1;0.01;0.3;10;Tr
Yogurt, whole milk, plain;0;5.7;3.0;7.8;79;333;7.8;0.0;1.91;80;280;200;19;170;0.10;Tr;0.7;2;63;28;21;0.0;0.05;;0.06;0.27;0.2;0.10;0.2;18;1
Yogurt, whole milk, twin pot, not fruit;0;4,2;5.6;21,5;148;623;18,2;0.3;3.20;100;N;136;N;N;N;N;N;N;N;N;N;N;N;;N;N;N;N;N;N;N
Yogurt, whole milk, twin pot, thick and creamy with fruit;0;4.1;3.2;16.2;106;446;15.6;1.0;N;53;175;130;13;106;0.16;Tr;0.4;N;N;20;15;Tr;0.12;;0.06;0.19;0.2;0.08;0.2;13;2
Yorkshire pudding, made with semi-skimmed milk, homemade;0;6.7;8.3;25.6;197;830;3.5;1.1;1.89;52;181;119;16;124;0.80;0.05;0.7;5;29;30;6;0.4;3.07;;0.08;0.21;0.5;0.08;1.0;9;2
Yorkshire pudding, made with skimmed milk, homemade;0;6.8;7.4;25.9;190;801;3.6;1.1;1.23;54;185;123;16;126;0.80;0.05;0.7;5;28;18;Tr;0.4;3.07;;0.08;0.21;0.5;0.08;1.0;9;1
Yorkshire pudding, made with whole milk;0;6.7;9.8;25.8;211;889;3.4;1.1;2.78;52;182;119;16;125;0.80;0.05;0.7;5;29;43;10;0.4;3.12;;0.11;0.23;0.6;0.10;1.0;14;1
